rank,city,state,ss,population,lat,lng,area_codes,ac_source
1,New York,New York,NY,8478072,40.74838,-73.99671,212 347 646 718 917 929 914 516,near
2,Los Angeles,California,CA,3878704,33.97309,-118.24790,213,exact
3,Chicago,Illinois,IL,2721308,41.88585,-87.61812,708 224 847,near
4,Houston,Texas,TX,2390125,29.59616,-95.45871,281 346 713 832,near
5,Phoenix,Arizona,AZ,1673164,33.45100,-112.06850,602,exact
6,Philadelphia,Pennsylvania,PA,1573916,39.86500,-75.27520,215 267,exact
7,San Antonio,Texas,TX,1526656,29.46852,-98.52635,210,exact
8,San Diego,California,CA,1404452,32.71852,-117.15932,619,exact
9,Dallas,Texas,TX,1326087,32.99685,-96.79211,214 469 972,exact
10,Jacksonville,Florida,FL,1009833,30.31630,-81.41750,904,exact
11,Fort Worth,Texas,TX,1008106,32.74690,-97.32680,682 817,exact
12,San Jose,California,CA,997368,37.38940,-121.88680,408 669,exact
13,Austin,Texas,TX,993588,30.21069,-97.94275,512 737,exact
14,Charlotte,North Carolina,NC,943476,35.22690,-80.84330,704 980,exact
15,Columbus,Ohio,OH,933263,40.14440,-82.97890,614,exact
16,Indianapolis,Indiana,IN,891484,39.93842,-86.13894,317,exact
17,San Francisco,California,CA,827526,37.77500,-122.41830,650 510 415 628,near
18,Seattle,Washington,WA,780995,47.61144,-122.33046,206,exact
19,Denver,Colorado,CO,729019,39.84056,-105.00799,303 720,exact
20,Oklahoma City,Oklahoma,OK,712919,35.33370,-97.49220,405,exact
21,Nashville-Davidson,Tennessee,TN,704963,,,,
22,Washington,District of Columbia,DC,702250,38.91222,-77.01769,202,exact
23,El Paso,Texas,TX,681723,31.75841,-106.47831,915,exact
24,Las Vegas,Nevada,NV,678922,36.17208,-115.12237,702 725,near
25,Boston,Massachusetts,MA,673458,42.35760,-71.06843,617 857 339 781 351 978,near
26,Detroit,Michigan,MI,645705,42.34743,-83.06040,313,exact
27,Louisville/Jefferson County,Kentucky,KY,640796,,,,
28,Portland,Oregon,OR,635749,45.44292,-122.61509,503 971,exact
29,Memphis,Tennessee,TN,610919,35.03370,-89.93430,901,exact
30,Baltimore,Maryland,MD,568271,39.17185,-76.64829,410 443 667,exact
31,Milwaukee,Wisconsin,WI,563531,43.03430,-87.91510,414 262,near
32,Albuquerque,New Mexico,NM,560326,35.09360,-106.64230,505,exact
33,Tucson,Arizona,AZ,554013,32.21387,-110.96944,520,exact
34,Fresno,California,CA,550105,36.84111,-119.80036,559,exact
35,Sacramento,California,CA,535798,38.58160,-121.49330,916 530,near
36,Atlanta,Georgia,GA,520070,33.74979,-84.31685,404 678 770,exact
37,Mesa,Arizona,AZ,517151,33.43174,-111.84693,480,exact
38,Kansas City,Missouri,MO,516032,39.16319,-94.56988,816,exact
39,Raleigh,North Carolina,NC,499825,35.77270,-78.63244,919 984,near
40,Colorado Springs,Colorado,CO,493554,38.83350,-104.82060,719,exact
41,Omaha,Nebraska,NE,489265,41.26100,-95.93760,402 531,exact
42,Miami,Florida,FL,487014,25.77900,-80.19820,305 786 321 407 561 754 954,near
43,Virginia Beach,Virginia,VA,454808,36.85270,-75.97830,757,exact
44,Long Beach,California,CA,450901,33.77050,-118.18850,562,exact
45,Oakland,California,CA,443554,37.78059,-122.21659,510,exact
46,Minneapolis,Minnesota,MN,428579,45.04958,-93.24609,612,exact
47,Bakersfield,California,CA,417468,35.38661,-119.01706,661,exact
48,Tulsa,Oklahoma,OK,415154,36.05566,-96.06023,539 918,exact
49,Tampa,Florida,FL,414547,28.08790,-82.45930,813,exact
50,Arlington,Texas,TX,403672,32.63360,-97.14690,214 682 817,exact
51,Aurora,Colorado,CO,403130,39.73781,-104.81523,303 720,exact
52,Wichita,Kansas,KS,400991,37.68980,-97.34150,316,exact
53,Cleveland,Ohio,OH,365379,41.49180,-81.67570,216 440,near
54,New Orleans,Louisiana,LA,362701,29.96307,-90.16095,504,exact
55,Henderson,Nevada,NV,350039,35.99268,-114.95168,702 725,exact
56,Urban Honolulu,Hawaii,HI,344967,,,,
57,Anaheim,California,CA,344561,33.84268,-117.95404,657 714,exact
58,Orlando,Florida,FL,334854,28.49882,-80.58248,321 407,exact
59,Lexington-Fayette urban county,Kentucky,KY,329437,,,,
60,Stockton,California,CA,324975,37.95800,-121.28760,209,exact
61,Riverside,California,CA,323757,33.99240,-117.36942,951,exact
62,Irvine,California,CA,318683,33.73570,-117.76720,949,exact
63,Corpus Christi,Texas,TX,317317,27.79409,-97.40299,361,exact
64,Newark,New Jersey,NJ,317303,40.73080,-74.17440,862 973,exact
65,Santa Ana,California,CA,316184,33.75016,-117.85766,657 714,exact
66,Cincinnati,Ohio,OH,314915,39.09129,-84.27738,513,exact
67,Pittsburgh,Pennsylvania,PA,307668,40.47454,-79.95252,412 878,exact
68,St. Paul,Minnesota,MN,307465,,,,
69,Greensboro,North Carolina,NC,307381,36.07260,-79.79200,336 743,exact
70,Jersey City,New Jersey,NJ,302824,40.71640,-74.03800,201 551,exact
71,Durham,North Carolina,NC,301870,35.99672,-78.89661,919 984,exact
72,Lincoln,Nebraska,NE,300619,40.81690,-96.71030,402 531,exact
73,North Las Vegas,Nevada,NV,294034,36.44750,-114.85139,702 725,exact
74,Plano,Texas,TX,293286,33.05497,-96.73645,214 469 972,exact
75,Anchorage,Alaska,AK,289600,61.21157,-149.87608,907,exact
76,Gilbert,Arizona,AZ,288790,33.35000,-111.80920,480,exact
77,Madison,Wisconsin,WI,285300,43.07300,-89.38170,608,exact
78,Reno,Nevada,NV,281714,39.52681,-119.81127,775,exact
79,Chandler,Arizona,AZ,281231,33.33009,-111.86316,480,exact
80,St. Louis,Missouri,MO,279695,,,314,exact
81,Chula Vista,California,CA,278546,32.64000,-117.08330,619,exact
82,Buffalo,New York,NY,276617,42.89666,-78.88457,716,exact
83,Fort Wayne,Indiana,IN,273203,41.07160,-85.13670,260,exact
84,Lubbock,Texas,TX,272086,33.58653,-101.86063,806,exact
85,St. Petersburg,Florida,FL,267102,,,,
86,Toledo,Ohio,OH,265638,41.64200,-83.54380,419 567,exact
87,Laredo,Texas,TX,261260,27.51554,-99.49858,956,exact
88,Port St. Lucie,Florida,FL,258575,,,,
89,Glendale,Arizona,AZ,258143,33.53112,-112.17670,623,exact
90,Irving,Texas,TX,258060,32.84200,-96.97190,214 469 972,exact
91,Winston-Salem,North Carolina,NC,255769,,,336 743,exact
92,Chesapeake,Virginia,VA,254997,36.73525,-76.23843,757,exact
93,Garland,Texas,TX,250431,32.92274,-96.62480,214 469 972,exact
94,Scottsdale,Arizona,AZ,246170,33.52177,-111.90493,480,exact
95,Boise City,Idaho,ID,237963,,,,
96,Hialeah,Florida,FL,235388,25.90500,-80.30490,305 786,exact
97,Frisco,Texas,TX,235208,33.15056,-96.82333,214 469 972,exact
98,Richmond,Virginia,VA,233655,37.45316,-77.46980,276 804,exact
99,Cape Coral,Florida,FL,233025,26.57746,-81.95224,239,exact
100,Norfolk,Virginia,VA,231105,36.84660,-76.28550,757,exact
101,Spokane,Washington,WA,230609,47.66649,-117.43653,509,exact
102,Huntsville,Alabama,AL,230402,34.72687,-86.56732,256,exact
103,Santa Clarita,California,CA,229159,34.45974,-118.48896,661,exact
104,Tacoma,Washington,WA,228202,47.27640,-122.75830,253,exact
105,Fremont,California,CA,228192,37.56049,-121.99993,510,exact
106,McKinney,Texas,TX,227526,33.19656,-96.60849,214 469 972,exact
107,San Bernardino,California,CA,224775,34.11052,-117.28975,909,exact
108,Baton Rouge,Louisiana,LA,220907,30.45073,-91.18695,225,exact
109,Modesto,California,CA,220592,37.67465,-121.01130,209,near
110,Fontana,California,CA,218455,34.05890,-117.43830,909,exact
111,Salt Lake City,Utah,UT,217783,40.75585,-111.89666,385 801,exact
112,Moreno Valley,California,CA,213919,33.88580,-117.22110,951,exact
113,Des Moines,Iowa,IA,213096,41.60050,-93.60880,515,near
114,Worcester,Massachusetts,MA,211286,42.26210,-71.80340,508 774,exact
115,Yonkers,New York,NY,211040,40.94072,-73.88832,914,exact
116,Fayetteville,North Carolina,NC,209496,35.05099,-78.84225,910,exact
117,Sioux Falls,South Dakota,SD,209289,43.48800,-96.73430,605,exact
118,Grand Prairie,Texas,TX,207331,32.76488,-97.01121,214 469 972,exact
119,Rochester,New York,NY,207282,43.16830,-77.60260,585,exact
120,Tallahassee,Florida,FL,205089,30.42856,-84.25934,850,exact
121,Little Rock,Arkansas,AR,204774,34.74834,-92.28194,501,near
122,Amarillo,Texas,TX,203729,35.20324,-101.84205,806,exact
123,Overland Park,Kansas,KS,202893,38.99249,-94.67477,913,exact
124,Columbus,Georgia,GA,201830,32.47304,-84.97946,706 762,exact
125,Augusta-Richmond County,Georgia,GA,201737,,,,
126,Mobile,Alabama,AL,201367,30.69590,-88.04340,251,exact
127,Oxnard,California,CA,200616,34.21414,-119.17495,805,exact
128,Grand Rapids,Michigan,MI,200117,42.97040,-85.67380,616,exact
129,Peoria,Arizona,AZ,199924,33.57614,-112.23442,623,exact
130,Vancouver,Washington,WA,198992,45.64183,-122.68014,360,exact
131,Knoxville,Tennessee,TN,198722,35.96090,-83.91890,865,exact
132,Birmingham,Alabama,AL,196357,33.51900,-86.80140,205,exact
133,Montgomery,Alabama,AL,195818,32.37430,-86.31180,334,exact
134,Providence,Rhode Island,RI,194706,41.82550,-71.41140,401,exact
135,Huntington Beach,California,CA,193151,33.71520,-118.00880,657 714,exact
136,Brownsville,Texas,TX,191967,25.93374,-97.51741,956,exact
137,Chattanooga,Tennessee,TN,191496,35.04550,-85.30810,423,near
138,Fort Lauderdale,Florida,FL,190641,26.12156,-80.12878,754 954,exact
139,Tempe,Arizona,AZ,190114,33.42730,-111.93070,480,exact
140,Akron,Ohio,OH,189664,41.04485,-81.52005,234 330,exact
141,Glendale,California,CA,187823,34.17161,-118.28989,747 818 323 213 626 310 424,near
142,Clarksville,Tennessee,TN,185690,36.52201,-87.34900,931,exact
143,Ontario,California,CA,185285,34.06310,-117.61970,909,exact
144,Newport News,Virginia,VA,183056,37.05795,-76.46072,757,exact
145,Elk Grove,California,CA,182797,38.41274,-121.35991,916,exact
146,Cary,North Carolina,NC,182659,35.76412,-78.77857,919 984,exact
147,Aurora,Illinois,IL,180710,41.78262,-88.26070,331 630 312 773 779 815 224 847,near
148,Salem,Oregon,OR,180406,44.92604,-122.97969,503 971,exact
149,Pembroke Pines,Florida,FL,179326,26.02293,-80.29744,754 954,exact
150,Eugene,Oregon,OR,178786,44.07368,-123.07876,458 541,near
151,Santa Rosa,California,CA,177524,38.44312,-122.75172,707,exact
152,Rancho Cucamonga,California,CA,176675,34.13392,-117.59915,909,exact
153,Shreveport,Louisiana,LA,176578,32.50374,-93.74870,318,exact
154,Garden Grove,California,CA,172361,33.78570,-117.93180,657 714,exact
155,Oceanside,California,CA,170941,33.19510,-117.37760,442 760,exact
156,Fort Collins,Colorado,CO,170924,40.58129,-105.10388,970,exact
157,Springfield,Missouri,MO,170596,37.21520,-93.29500,417,exact
158,Murfreesboro,Tennessee,TN,168387,35.79130,-86.35700,615 629,exact
159,Surprise,Arizona,AZ,167564,33.63003,-112.33143,623,exact
160,Lancaster,California,CA,167426,34.69089,-118.14913,661,exact
161,Denton,Texas,TX,165998,33.22893,-97.13144,940,exact
162,Roseville,California,CA,163304,38.73461,-121.23397,916,exact
163,Palmdale,California,CA,162536,34.57148,-118.06131,661,exact
164,Corona,California,CA,161540,33.88150,-117.60780,951,exact
165,Salinas,California,CA,160783,36.66769,-121.65959,831,exact
166,Killeen,Texas,TX,160616,31.11700,-97.72610,254,exact
167,Paterson,New Jersey,NJ,160463,40.91427,-74.16714,862 973,exact
168,Alexandria,Virginia,VA,159102,38.82004,-77.05890,571 703,exact
169,Hollywood,Florida,FL,159073,26.00701,-80.12193,754 954,exact
170,Hayward,California,CA,158440,37.65640,-122.09570,510,exact
171,Charleston,South Carolina,SC,157665,32.96222,-79.86533,843 854,near
172,Macon-Bibb County,Georgia,GA,157056,,,,
173,Lakewood,Colorado,CO,156868,,,303 720,exact
174,Sunnyvale,California,CA,156792,37.36889,-122.03528,408 669,exact
175,Kansas City,Kansas,KS,156752,39.11573,-94.62714,913,exact
176,Springfield,Massachusetts,MA,154888,42.10600,-72.59770,413,near
177,Bellevue,Washington,WA,154377,47.61990,-122.20737,425,exact
178,Naperville,Illinois,IL,153124,41.76620,-88.14104,331 630,exact
179,Joliet,Illinois,IL,151837,41.52715,-88.08241,779 815,exact
180,Bridgeport,Connecticut,CT,151599,41.16690,-73.20520,203,exact
181,Mesquite,Texas,TX,150140,32.76782,-96.60822,214 469 972,exact
182,Pasadena,Texas,TX,149617,29.69200,-95.20050,281 346 713 832,exact
183,Olathe,Kansas,KS,149035,38.88220,-94.81780,913,exact
184,Escondido,California,CA,148847,33.11012,-117.06999,442 760,exact
185,Savannah,Georgia,GA,148808,32.06763,-81.10239,912,exact
186,McAllen,Texas,TX,148782,26.21544,-98.23587,956,exact
187,Gainesville,Florida,FL,148720,29.64503,-82.31005,352,exact
188,Pomona,California,CA,147966,34.04327,-117.75209,909,exact
189,Rockford,Illinois,IL,147486,42.29223,-89.11612,779 815,exact
190,Thornton,Colorado,CO,146689,,,303 720,exact
191,Waco,Texas,TX,146608,31.55245,-97.13961,254,exact
192,Visalia,California,CA,146271,36.31138,-119.30647,559,exact
193,Syracuse,New York,NY,146097,43.04590,-76.15280,315,exact
194,Columbia,South Carolina,SC,144788,34.07261,-81.17962,803,near
195,Midland,Texas,TX,143687,31.98964,-102.06261,432,exact
196,Miramar,Florida,FL,143242,,,305 786,exact
197,Palm Bay,Florida,FL,142023,28.01460,-80.59909,321,exact
198,Jackson,Mississippi,MS,141449,32.29350,-90.18666,601 769,exact
199,Coral Springs,Florida,FL,140808,,,754 954,exact
200,Victorville,California,CA,140721,34.50392,-117.31924,442 760,exact
201,Elizabeth,New Jersey,NJ,140413,40.67169,-74.20434,908,exact
202,Fullerton,California,CA,140054,33.87960,-117.89510,657 714,exact
203,Meridian,Idaho,ID,139740,43.61496,-116.39754,208,exact
204,Torrance,California,CA,139576,33.82682,-118.31183,310 424,exact
205,Stamford,Connecticut,CT,139134,41.05308,-73.53904,203,exact
206,West Valley City,Utah,UT,138144,,,385 801,exact
207,Orange,California,CA,137941,33.78770,-117.87550,657 714,exact
208,Cedar Rapids,Iowa,IA,137904,41.97430,-91.65538,319,exact
209,Warren,Michigan,MI,137686,42.51590,-82.98240,586,exact
210,Hampton,Virginia,VA,137596,37.00650,-76.41300,757,exact
211,New Haven,Connecticut,CT,137562,41.30800,-72.92860,203,exact
212,Pasadena,California,CA,137195,34.14676,-118.13912,626 747 818 323 213 562 310 424,near
213,Kent,Washington,WA,136588,47.36950,-122.19490,253 206 425,near
214,Dayton,Ohio,OH,136346,39.76540,-84.09980,937,exact
215,Fargo,North Dakota,ND,136285,46.90088,-96.79358,701,near
216,Lewisville,Texas,TX,135983,33.04611,-96.99389,214 469 940 972,exact
217,Carrollton,Texas,TX,135456,32.96574,-96.88246,214 469 972,exact
218,Round Rock,Texas,TX,135359,30.51452,-97.66803,512 737,exact
219,Sterling Heights,Michigan,MI,134342,42.56478,-83.07013,586,exact
220,Santa Clara,California,CA,133132,37.34732,-121.95408,408 669,exact
221,Norman,Oklahoma,OK,131010,35.22120,-97.44480,405,exact
222,Columbia,Missouri,MO,130900,38.93818,-92.30487,573,exact
223,Abilene,Texas,TX,130501,32.46816,-99.71821,325,exact
224,Pearland,Texas,TX,129620,29.56166,-95.27207,281 346 713 832,exact
225,Athens-Clarke County,Georgia,GA,128691,,,,
226,College Station,Texas,TX,128023,30.60448,-96.31227,979,exact
227,Clovis,California,CA,127993,36.82430,-119.68240,559,exact
228,West Palm Beach,Florida,FL,127744,26.71396,-80.06587,561,exact
229,Allentown,Pennsylvania,PA,127138,40.60273,-75.47096,484 610,exact
230,North Charleston,South Carolina,SC,126005,33.05620,-80.07590,843 854,exact
231,Simi Valley,California,CA,125778,34.26940,-118.78050,805,exact
232,Topeka,Kansas,KS,125467,39.05410,-95.67190,785,exact
233,Wilmington,North Carolina,NC,125284,34.22530,-77.93786,910,exact
234,Lakeland,Florida,FL,124990,28.03813,-81.93915,863,exact
235,Thousand Oaks,California,CA,124229,34.17056,-118.83667,805,exact
236,Concord,California,CA,124016,37.95043,-122.02630,925,exact
237,Rochester,Minnesota,MN,123624,44.04957,-92.48962,507,exact
238,Vallejo,California,CA,123475,38.14834,-122.24933,707,exact
239,Ann Arbor,Michigan,MI,122925,42.27938,-83.78400,734,exact
240,Broken Arrow,Oklahoma,OK,122756,35.99081,-95.81433,539 918,exact
241,Fairfield,California,CA,122646,38.26708,-122.03565,707,exact
242,Lafayette,Louisiana,LA,122280,30.23614,-92.00826,337,exact
243,Hartford,Connecticut,CT,122129,41.76360,-72.68550,860 959,near
244,Arvada,Colorado,CO,121873,39.80390,-105.08590,303 720,exact
245,Berkeley,California,CA,121749,37.86910,-122.26960,510,exact
246,Independence,Missouri,MO,121629,39.09829,-94.41107,816,exact
247,Billings,Montana,MT,121483,45.77449,-108.50045,406,exact
248,Cambridge,Massachusetts,MA,121186,42.37705,-71.12561,617 857,exact
249,Lowell,Massachusetts,MA,120418,42.65604,-71.30508,351 978,exact
250,Odessa,Texas,TX,119748,31.84650,-102.36630,432,near
251,High Point,North Carolina,NC,118601,35.95931,-80.01167,336 743,exact
252,League City,Texas,TX,118456,29.51728,-95.09627,281 346 713 832,exact
253,Antioch,California,CA,118453,37.99392,-121.80891,925,exact
254,Richardson,Texas,TX,118221,32.96599,-96.74525,214 469 972,exact
255,Goodyear,Arizona,AZ,118186,33.43681,-112.38339,623,near
256,Pompano Beach,Florida,FL,118104,26.23153,-80.12346,754 954,exact
257,Nampa,Idaho,ID,117350,43.58342,-116.58482,208,exact
258,Menifee,California,CA,117041,33.66474,-117.17430,951,near
259,Las Cruces,New Mexico,NM,116998,32.32164,-106.74603,575,exact
260,Clearwater,Florida,FL,116811,27.97990,-82.78060,727,exact
261,West Jordan,Utah,UT,116688,40.62543,-111.96766,385 801,exact
262,New Braunfels,Texas,TX,116477,29.69473,-98.11304,830,exact
263,Manchester,New Hampshire,NH,116386,42.99286,-71.46326,603,exact
264,Miami Gardens,Florida,FL,116173,,,,
265,Waterbury,Connecticut,CT,115908,41.55800,-73.05190,203,exact
266,Provo,Utah,UT,115479,40.23195,-111.67550,385 801,exact
267,Evansville,Indiana,IN,115395,37.97460,-87.56740,812 930,exact
268,Richmond,California,CA,115353,37.94004,-122.36201,510,exact
269,Westminster,Colorado,CO,115302,39.85424,-105.03709,303 720,exact
270,Elgin,Illinois,IL,114701,42.03836,-88.26063,224 847 331 630 312 773 779 815,near
271,Conroe,Texas,TX,114581,30.31254,-95.45267,936,exact
272,Greeley,Colorado,CO,114363,40.41397,-104.70476,970,exact
273,Lansing,Michigan,MI,114336,42.73350,-84.63910,517,exact
274,Buckeye,Arizona,AZ,114334,33.38896,-112.60773,623,near
275,Tuscaloosa,Alabama,AL,114288,33.19689,-87.56267,205,exact
276,Allen,Texas,TX,113746,33.09338,-96.64543,214 469 972,exact
277,Carlsbad,California,CA,113575,33.16024,-117.32500,442 760,exact
278,Everett,Washington,WA,113011,47.98843,-122.20057,425,exact
279,Springfield,Illinois,IL,112949,39.80004,-89.64953,217,exact
280,Beaumont,Texas,TX,112893,30.06881,-94.10390,409,exact
281,Murrieta,California,CA,112539,33.56307,-117.27384,951,exact
282,Rio Rancho,New Mexico,NM,112524,35.24935,-106.68176,505,exact
283,Temecula,California,CA,112431,33.49360,-117.14750,951,exact
284,Concord,North Carolina,NC,112395,35.37161,-80.53003,704 980,exact
285,Tyler,Texas,TX,112219,32.32537,-95.29218,903,exact
286,Davie,Florida,FL,112052,,,754 954,exact
287,South Fulton,Georgia,GA,112003,,,,
288,Peoria,Illinois,IL,111696,40.68540,-89.59530,309,exact
289,Sparks,Nevada,NV,111520,39.54725,-119.75559,775,exact
290,Gresham,Oregon,OR,111507,45.51540,-122.42026,458 503 541 971,exact
291,Santa Maria,California,CA,111346,34.95454,-120.43245,805,exact
292,Pueblo,Colorado,CO,111166,38.28788,-104.58483,719,near
293,Hillsboro,Oregon,OR,110337,45.49840,-122.95700,503 971,exact
294,Sugar Land,Texas,TX,109851,29.63415,-95.62186,281 346 713 832,exact
295,San Buenaventura (Ventura),California,CA,109831,,,,
296,Downey,California,CA,109368,33.94000,-118.13167,562,exact
297,Costa Mesa,California,CA,109131,33.67771,-117.90962,949,exact
298,Centennial,Colorado,CO,108853,,,,
299,Edinburg,Texas,TX,108733,26.30422,-98.15692,956,exact
300,Spokane Valley,Washington,WA,108267,,,,
301,Jurupa Valley,California,CA,108154,,,,
302,Bend,Oregon,OR,106926,44.09279,-121.29363,,
303,West Covina,California,CA,106920,34.06734,-117.93664,626,exact
304,Boulder,Colorado,CO,106803,40.04973,-105.21426,303 720,exact
305,Palm Coast,Florida,FL,106729,29.58470,-81.20800,386,exact
306,Lee's Summit,Missouri,MO,106419,,,816,exact
307,Dearborn,Michigan,MI,106377,42.30530,-83.16049,313,exact
308,Green Bay,Wisconsin,WI,106311,44.48531,-88.01687,920,exact
309,St. George,Utah,UT,106288,,,,
310,Brockton,Massachusetts,MA,105788,42.08000,-71.03770,508 774,exact
311,Renton,Washington,WA,105543,47.46476,-122.20748,425,exact
312,Sandy Springs,Georgia,GA,105505,,,404 678 770,exact
313,Rialto,California,CA,104918,34.11315,-117.37713,909,exact
314,El Monte,California,CA,104639,34.07914,-118.03711,626 323 562 747 818 213 909 657 714 310 424,near
315,Vacaville,California,CA,103994,38.34192,-121.96228,707,exact
316,Fishers,Indiana,IN,103986,39.95725,-85.94571,317,exact
317,South Bend,Indiana,IN,103713,41.67270,-86.25349,574,exact
318,Carmel,Indiana,IN,103606,39.97123,-86.12454,317,exact
319,Yuma,Arizona,AZ,103559,32.70151,-114.64236,928,exact
320,Burbank,California,CA,103533,34.18624,-118.30090,747 818,exact
321,Lynn,Massachusetts,MA,103489,42.46338,-70.94552,339 781,exact
322,Quincy,Massachusetts,MA,103434,42.24913,-70.99782,617 857,exact
323,El Cajon,California,CA,103291,32.77773,-116.91906,619,exact
324,Fayetteville,Arkansas,AR,103134,36.05204,-94.15340,479,exact
325,Suffolk,Virginia,VA,103105,36.86682,-76.55981,757,exact
326,San Mateo,California,CA,103006,37.57227,-122.32026,650,exact
327,Chico,California,CA,102911,39.75647,-121.85181,530,exact
328,Inglewood,California,CA,102774,33.95505,-118.35558,310 424,exact
329,Wichita Falls,Texas,TX,102372,33.90528,-98.49765,940,exact
330,Boca Raton,Florida,FL,102238,26.35830,-80.08330,561,exact
331,Hesperia,California,CA,101836,34.42639,-117.30000,442 760,exact
332,Daly City,California,CA,101418,37.70740,-122.45870,650,exact
333,Georgetown,Texas,TX,101344,30.63304,-97.67070,512 737,exact
334,New Bedford,Massachusetts,MA,101318,41.63475,-70.93720,508 774,exact
335,Albany,New York,NY,101317,42.65250,-73.75660,518,near
336,Davenport,Iowa,IA,100938,41.52180,-90.57430,563,exact
337,Plantation,Florida,FL,100694,,,754 954,exact
338,Deltona,Florida,FL,100513,28.89890,-81.24731,386,exact
339,Federal Way,Washington,WA,100252,47.32030,-122.31173,253,exact
340,San Angelo,Texas,TX,100159,31.47817,-100.48175,325,exact
341,Tracy,California,CA,100136,37.75444,-121.36972,209,exact
342,Sunrise,Florida,FL,100128,,,754 954,exact
343,Fort Myers,Florida,FL,99918,26.62040,-81.87250,239,near
344,Longmont,Colorado,CO,99818,40.17792,-105.10095,303 720,exact
345,Kenosha,Wisconsin,WI,99578,42.60523,-87.82994,262,exact
346,Vista,California,CA,99322,33.16940,-117.24200,442 760,exact
347,Edmond,Oklahoma,OK,99040,35.68000,-97.53000,405,exact
348,Beaverton,Oregon,OR,98302,45.47503,-122.80540,503 971,exact
349,Norwalk,California,CA,98230,33.90564,-118.08177,562,exact
350,Roanoke,Virginia,VA,97912,37.27250,-79.95300,540,exact
351,Yakima,Washington,WA,97390,46.60699,-120.47734,509,exact
352,Lawrence,Kansas,KS,97271,38.96440,-95.24179,785,exact
353,Orem,Utah,UT,96646,40.31341,-111.69529,385 801,exact
354,San Marcos,California,CA,96620,33.14439,-117.16972,442 760,exact
355,Avondale,Arizona,AZ,96609,33.43211,-112.34375,623,exact
356,Portsmouth,Virginia,VA,96482,36.80890,-76.36714,757,exact
357,Temple,Texas,TX,96267,31.08952,-97.33426,254,exact
358,Merced,California,CA,96073,37.30072,-120.46167,209,exact
359,Reading,Pennsylvania,PA,96000,40.34662,-75.93513,484 610,exact
360,Bellingham,Washington,WA,95860,48.74896,-122.48868,360,exact
361,Mount Pleasant,South Carolina,SC,95604,32.81621,-79.85203,843 854,exact
362,Kirkland,Washington,WA,95499,47.67860,-122.18944,425,exact
363,O'Fallon,Missouri,MO,95355,,,636,exact
364,Greenville,North Carolina,NC,95138,35.65940,-77.39740,252,exact
365,Asheville,North Carolina,NC,94992,35.59707,-82.55653,828,exact
366,Fall River,Massachusetts,MA,94689,41.71822,-71.13999,508 774,exact
367,Manteca,California,CA,94292,37.80875,-121.21856,209,exact
368,Indio,California,CA,94275,33.72190,-116.23573,442 760,exact
369,Chino,California,CA,94010,34.01222,-117.68806,909,exact
370,Norwalk,Connecticut,CT,93661,41.12222,-73.43583,203,exact
371,Redding,California,CA,93502,40.56049,-122.41163,530,exact
372,Lehi,Utah,UT,93446,40.39585,-111.85061,385 801,near
373,Livonia,Michigan,MI,93113,42.36150,-83.36494,734,exact
374,Hoover,Alabama,AL,93013,,,205,exact
375,Erie,Pennsylvania,PA,92940,42.12596,-80.08601,814,exact
376,Hemet,California,CA,92912,33.74161,-116.97297,951,exact
377,North Port,Florida,FL,92875,27.07810,-82.17350,941,exact
378,Sandy,Utah,UT,92840,40.57938,-111.88162,385 801,near
379,Roswell,Georgia,GA,92227,34.04083,-84.38590,678 770,exact
380,Champaign,Illinois,IL,91961,40.11102,-88.24075,217,exact
381,Nashua,New Hampshire,NH,91851,42.75639,-71.46668,603,exact
382,Mission Viejo,California,CA,91601,33.60000,-117.67110,949,exact
383,Bryan,Texas,TX,91541,30.63270,-96.36616,979,exact
384,Carson,California,CA,91358,33.82297,-118.26835,310 424 562 323 657 714,near
385,Trenton,New Jersey,NJ,91193,40.21690,-74.74330,609,exact
386,Compton,California,CA,91129,33.89065,-118.23904,310 424 562 323 213 657 714 626,near
387,South Gate,California,CA,90805,33.94617,-118.20135,323,exact
388,Santa Monica,California,CA,90729,34.01763,-118.49071,310 424,exact
389,Newton,Massachusetts,MA,90700,42.35450,-71.18770,617 857,exact
390,Santa Fe,New Mexico,NM,90551,35.70247,-105.97482,505,exact
391,Fort Smith,Arkansas,AR,90507,35.36527,-94.41103,479,exact
392,Deerfield Beach,Florida,FL,90507,26.30956,-80.09917,754 954,exact
393,Clifton,New Jersey,NJ,90322,40.87888,-74.14246,862 973,exact
394,Lawton,Oklahoma,OK,90027,34.59147,-98.36978,580,exact
395,Westminster,California,CA,89537,33.75276,-117.99131,657 714,exact
396,Frederick,Maryland,MD,89537,39.40823,-77.40087,240 301,exact
397,Springdale,Arkansas,AR,89368,36.18352,-94.17622,479,exact
398,Lawrence,Massachusetts,MA,89332,42.70796,-71.16381,351 978,exact
399,Troy,Michigan,MI,89209,42.56090,-83.14710,248 947,exact
400,Franklin,Tennessee,TN,89142,35.93278,-86.87883,615 629,exact
401,Danbury,Connecticut,CT,88692,41.39166,-73.45316,203,exact
402,Ogden,Utah,UT,88656,41.24430,-112.00720,385 801,near
403,Mission,Texas,TX,88574,26.24153,-98.34265,956,exact
404,Waukegan,Illinois,IL,88570,42.36361,-87.84472,224 847,exact
405,Bloomington,Minnesota,MN,88344,,,952,exact
406,Folsom,California,CA,88091,38.68789,-121.14093,916,exact
407,Duluth,Minnesota,MN,87986,47.09443,-91.84673,218,exact
408,Melbourne,Florida,FL,87561,28.06913,-80.62001,321,near
409,Leander,Texas,TX,87511,30.45980,-97.97023,512 737,near
410,Mountain View,California,CA,87316,37.41001,-122.05194,650,exact
411,Santa Barbara,California,CA,87291,34.41967,-119.70782,805,exact
412,Lake Forest,California,CA,87159,33.64001,-117.68819,949,exact
413,Citrus Heights,California,CA,86909,38.69457,-121.26921,916,exact
414,Sioux City,Iowa,IA,86875,42.49722,-96.40292,712,exact
415,Kennewick,Washington,WA,86728,46.21091,-119.16795,509,exact
416,San Leandro,California,CA,86571,37.72047,-122.15870,510,exact
417,Medford,Oregon,OR,86301,42.31929,-122.88701,458 541,exact
418,Warner Robins,Georgia,GA,86199,32.59336,-83.64158,478,exact
419,South Jordan,Utah,UT,86156,40.52194,-111.93833,385 801,exact
420,Daytona Beach,Florida,FL,86015,29.20117,-81.03707,386,exact
421,Baytown,Texas,TX,86004,29.74606,-94.96527,281 346 713 832,exact
422,San Ramon,California,CA,85924,37.78000,-121.97694,925,exact
423,Homestead,Florida,FL,85796,25.47664,-80.48385,305 786,exact
424,Whittier,California,CA,85589,34.00112,-118.03714,562,exact
425,Gastonia,North Carolina,NC,85535,35.24492,-81.21945,704 980,near
426,Auburn,Washington,WA,85513,47.31634,-122.27006,253,exact
427,New Rochelle,New York,NY,85512,40.91663,-73.78773,914,exact
428,Livermore,California,CA,84867,37.68299,-121.76298,925,exact
429,Kissimmee,Florida,FL,84756,28.30506,-81.42421,321 407,exact
430,Cranston,Rhode Island,RI,84448,41.77657,-71.43833,401,exact
431,Layton,Utah,UT,84348,41.08458,-111.92736,385 801,exact
432,Farmington Hills,Michigan,MI,84173,,,248 947,exact
433,Rancho Cordova,California,CA,84113,38.60190,-121.28943,916,exact
434,Queen Creek,Arizona,AZ,83781,33.23858,-111.64360,480,near
435,Auburn,Alabama,AL,83757,32.60204,-85.48900,334,exact
436,Longview,Texas,TX,83668,32.52685,-94.72328,903,exact
437,Hawthorne,California,CA,83633,33.91321,-118.34698,310 424,exact
438,Doral,Florida,FL,83625,,,305 786,exact
439,Warwick,Rhode Island,RI,83554,41.70260,-71.44759,401,near
440,Miami Beach,Florida,FL,83251,25.76110,-80.14030,305 786 321 407 561 754 954,near
441,Castle Rock,Colorado,CO,83213,39.39256,-104.86019,303 720,exact
442,Boynton Beach,Florida,FL,83095,26.52500,-80.06660,561,exact
443,Perris,California,CA,83032,33.79754,-117.28001,951,exact
444,Redwood City,California,CA,82982,37.46466,-122.23041,650,exact
445,Newport Beach,California,CA,82970,33.63980,-117.86430,949,exact
446,Brooklyn Park,Minnesota,MN,82893,,,763,exact
447,Westland,Michigan,MI,82745,42.31888,-83.37491,734,exact
448,Buena Park,California,CA,82611,33.84061,-118.01136,657 714,exact
449,Jonesboro,Arkansas,AR,82384,35.83302,-90.69653,870,exact
450,Largo,Florida,FL,82337,27.91630,-82.79960,727,exact
451,Redmond,Washington,WA,82195,47.67180,-122.12324,425,exact
452,Somerville,Massachusetts,MA,82149,42.38294,-71.10281,617 857,exact
453,Cicero,Illinois,IL,82090,41.84556,-87.75389,708,exact
454,Pasco,Washington,WA,81724,46.24918,-119.10439,509,exact
455,Johns Creek,Georgia,GA,81167,,,,
456,Lake Charles,Louisiana,LA,81157,30.22845,-93.18797,337,exact
457,Pharr,Texas,TX,81142,26.17705,-98.18702,956,exact
458,Loveland,Colorado,CO,81102,40.38492,-105.09164,303 720 970,exact
459,Mansfield,Texas,TX,80803,32.57726,-97.14155,682 817,exact
460,Woodbury,Minnesota,MN,80596,,,651,exact
461,Lynchburg,Virginia,VA,80301,37.38623,-79.17146,434,near
462,Alhambra,California,CA,80279,34.09144,-118.12929,626,exact
463,Flower Mound,Texas,TX,79990,33.02380,-97.10440,214 469 972,exact
464,Bloomington,Indiana,IN,79986,39.14006,-86.50826,812 930,exact
465,Rapid City,South Dakota,SD,79894,44.07704,-103.20026,605,exact
466,Milpitas,California,CA,79746,37.43649,-121.89289,408 669,exact
467,Flint,Michigan,MI,79735,43.02330,-83.68560,810,exact
468,Upland,California,CA,79684,34.13680,-117.65980,909,exact
469,Bethlehem,Pennsylvania,PA,79453,40.63350,-75.39520,484 610,exact
470,Parma,Ohio,OH,79350,,,216 440,exact
471,Bloomington,Illinois,IL,79232,40.47830,-88.98932,309,exact
472,Bowling Green,Kentucky,KY,79076,37.00787,-86.45589,270 364,exact
473,Tustin,California,CA,78863,33.73820,-117.82070,657 714 949 562,near
474,Alameda,California,CA,78795,37.76478,-122.26052,510,exact
475,Missouri City,Texas,TX,78582,29.57043,-95.54228,281 346 713 832,exact
476,Wyoming,Michigan,MI,78559,42.90087,-85.70578,616,exact
477,Plymouth,Minnesota,MN,78551,,,763,exact
478,Lakewood,California,CA,78494,33.85170,-118.13280,562,exact
479,Cedar Park,Texas,TX,78380,30.47716,-97.81757,512 737,exact
480,Rochester Hills,Michigan,MI,78330,,,248 947,exact
481,Broomfield,Colorado,CO,78323,39.92451,-105.06090,303 720,exact
482,Mableton,Georgia,GA,78314,33.81861,-84.58250,678 770,exact
483,Missoula,Montana,MT,78204,46.85627,-114.02521,406,exact
484,Racine,Wisconsin,WI,78057,42.68680,-87.83780,262,exact
485,Lakeville,Minnesota,MN,77971,44.67486,-93.25780,651,exact
486,Bismarck,North Dakota,ND,77772,46.82345,-100.77475,701,exact
487,Flagstaff,Arizona,AZ,77539,35.18591,-111.66198,928,exact
488,Chino Hills,California,CA,77418,33.97973,-117.73079,909,exact
489,Pittsburg,California,CA,77131,38.01689,-121.90818,925,exact
490,Schaumburg,Illinois,IL,77099,42.03330,-88.08330,224 847,exact
491,Pawtucket,Rhode Island,RI,76996,41.87287,-71.39071,401,exact
492,Napa,California,CA,76921,38.32814,-122.30552,707,exact
493,Southfield,Michigan,MI,76874,42.46302,-83.28805,248 947,exact
494,Ankeny,Iowa,IA,76727,41.72755,-93.60218,515,exact
495,Iowa City,Iowa,IA,76710,41.65490,-91.51119,319,exact
496,Maricopa,Arizona,AZ,76654,32.98738,-112.07523,520,near
497,Lauderhill,Florida,FL,76627,,,754 954,exact
498,Marysville,Washington,WA,76209,48.06564,-122.15617,360,exact
499,Hammond,Indiana,IN,76030,41.60993,-87.50791,219,exact
500,Evanston,Illinois,IL,76006,42.05455,-87.69433,224 847,exact
501,Apex,North Carolina,NC,75977,35.72250,-78.84082,919 984,exact
502,Scranton,Pennsylvania,PA,75905,41.37310,-75.68410,272 570,exact
503,New Britain,Connecticut,CT,75871,41.66111,-72.78000,860 959,exact
504,Rock Hill,South Carolina,SC,75798,34.91507,-81.01290,803,exact
505,Bellflower,California,CA,75716,33.88668,-118.12653,562,exact
506,Pleasanton,California,CA,75664,37.66580,-121.87550,925,exact
507,Rogers,Arkansas,AR,75639,36.33632,-94.11478,479,exact
508,Arlington Heights,Illinois,IL,75596,42.11162,-87.97910,224 847,exact
509,Appleton,Wisconsin,WI,75344,44.27732,-88.39765,920,exact
510,Noblesville,Indiana,IN,75239,40.05629,-86.01629,317,exact
511,Blaine,Minnesota,MN,75172,,,763,exact
512,Tamarac,Florida,FL,75147,,,754 954,exact
513,Rocklin,California,CA,75129,38.79190,-121.24341,916,exact
514,Apple Valley,California,CA,75029,34.52908,-117.21320,442 760,exact
515,Bolingbrook,Illinois,IL,74756,41.69761,-88.08732,331 630,exact
516,Gulfport,Mississippi,MS,74621,30.38256,-89.09762,228,near
517,Bayonne,New Jersey,NJ,74532,40.66640,-74.11917,201 551,exact
518,Greenville,South Carolina,SC,74371,34.84716,-82.40605,864,exact
519,San Marcos,Texas,TX,74316,29.87536,-97.94042,512 737,exact
520,Redlands,California,CA,74279,34.03966,-117.18035,909,exact
521,West Des Moines,Iowa,IA,73664,41.58051,-93.74471,515,exact
522,Johnson City,Tennessee,TN,73635,36.33387,-82.34077,423,exact
523,Lake Elsinore,California,CA,73595,33.65982,-117.34853,951 949,near
524,Framingham,Massachusetts,MA,73361,42.30067,-71.42549,508 774,exact
525,Kalamazoo,Michigan,MI,73290,42.27356,-85.54565,269,exact
526,Wilmington,Delaware,DE,73176,39.73775,-75.54966,302,exact
527,Caldwell,Idaho,ID,73088,43.66272,-116.70004,208,exact
528,Turlock,California,CA,72888,37.50361,-120.85051,209,exact
529,Maple Grove,Minnesota,MN,72739,,,763,exact
530,Tulare,California,CA,72601,36.20215,-119.33802,559,exact
531,St. Charles,Missouri,MO,72458,,,,
532,Eau Claire,Wisconsin,WI,72331,44.78397,-91.48769,715,exact
533,Harlingen,Texas,TX,72234,26.19514,-97.68898,956,exact
534,St. Cloud,Minnesota,MN,72145,,,,
535,Mount Vernon,New York,NY,71999,40.90786,-73.83796,914,exact
536,East Orange,New Jersey,NJ,71850,40.76961,-74.20772,862 973,exact
537,Lafayette,Indiana,IN,71757,40.41774,-86.88836,765,near
538,Camden,New Jersey,NJ,71749,39.92583,-75.12000,856,exact
539,Dothan,Alabama,AL,71650,31.20289,-85.41804,334,exact
540,Waukesha,Wisconsin,WI,71461,42.99930,-88.21956,262,exact
541,North Richland Hills,Texas,TX,71436,32.85397,-97.22071,682 817,exact
542,St. Joseph,Missouri,MO,71098,,,,
543,St. Cloud,Florida,FL,71036,,,,
544,Jacksonville,North Carolina,NC,70840,34.73746,-77.46282,910,exact
545,Walnut Creek,California,CA,70817,37.87532,-122.07026,925,exact
546,Eastvale,California,CA,70751,,,,
547,Passaic,New Jersey,NJ,70722,40.86013,-74.12835,862 973,exact
548,Conway,Arkansas,AR,70711,35.08420,-92.42357,501,exact
549,Gaithersburg,Maryland,MD,70686,39.14187,-77.18899,240 301,exact
550,Weston,Florida,FL,70674,,,754 954,exact
551,Grand Junction,Colorado,CO,70554,39.07833,-108.54569,970,exact
552,Dublin,California,CA,70544,37.71660,-121.92259,925,exact
553,Ocala,Florida,FL,70251,29.19810,-82.09740,352,exact
554,Commerce City,Colorado,CO,70245,39.82588,-104.91135,303 720,exact
555,Delray Beach,Florida,FL,70140,26.45644,-80.07932,561,exact
556,Camarillo,California,CA,69881,34.23133,-119.04636,805,exact
557,Shawnee,Kansas,KS,69724,39.01980,-94.70830,913,exact
558,Portland,Maine,ME,69568,43.66056,-70.25886,207,near
559,Idaho Falls,Idaho,ID,69523,43.51768,-111.99063,208,exact
560,Schenectady,New York,NY,69495,42.81550,-73.93950,518,exact
561,Jackson,Tennessee,TN,69303,35.61022,-88.81401,731,exact
562,Baldwin Park,California,CA,69247,34.08425,-117.96954,626,exact
563,Canton,Ohio,OH,69211,40.82700,-81.38530,234 330,near
564,Yuba City,California,CA,69148,39.12862,-121.62160,530,exact
565,Madera,California,CA,69094,36.95280,-119.88060,559,exact
566,Ames,Iowa,IA,69026,42.02986,-93.63940,515,exact
567,Casa Grande,Arizona,AZ,68927,32.89267,-111.75609,520,exact
568,Decatur,Illinois,IL,68763,39.82714,-88.92598,217,exact
569,Lodi,California,CA,68642,38.12358,-121.26303,209,exact
570,Rockville,Maryland,MD,68417,39.08380,-77.15300,240 301,exact
571,Haverhill,Massachusetts,MA,68291,42.78560,-71.07206,351 978,exact
572,Greenwood,Indiana,IN,68175,39.62240,-86.14899,317,exact
573,Rowlett,Texas,TX,68123,32.90270,-96.56360,214 469 972,exact
574,Redondo Beach,California,CA,68075,33.83066,-118.38322,310 424,exact
575,Novi,Michigan,MI,67675,42.47349,-83.52242,248 947,exact
576,Palo Alto,California,CA,67658,37.44432,-122.14969,650,exact
577,Gary,Indiana,IN,67555,41.59333,-87.34639,219,exact
578,Waterloo,Iowa,IA,67477,42.47778,-92.36610,319,exact
579,Alpharetta,Georgia,GA,67275,34.10480,-84.29490,678 770,exact
580,Oshkosh,Wisconsin,WI,67242,44.02196,-88.54363,920,exact
581,Eagan,Minnesota,MN,67240,,,651,exact
582,Davis,California,CA,67125,38.55482,-121.74850,530,exact
583,Huntersville,North Carolina,NC,67087,35.41056,-80.84306,704 980,exact
584,Sanford,Florida,FL,66919,28.80131,-81.28504,321 407,exact
585,Union City,New Jersey,NJ,66918,40.76815,-74.03056,201 551 908,exact
586,Pflugerville,Texas,TX,66819,30.44213,-97.62990,512 737,near
587,Albany,Georgia,GA,66705,31.56778,-84.16192,229,exact
588,Malden,Massachusetts,MA,66693,42.42911,-71.06051,339 781,exact
589,Port Orange,Florida,FL,66556,29.12139,-80.97667,386,exact
590,Yorba Linda,California,CA,66489,33.89130,-117.81910,657 714,exact
591,Sammamish,Washington,WA,66474,47.62440,-122.04230,425 206,near
592,Janesville,Wisconsin,WI,66428,42.69154,-89.03312,608,exact
593,Brentwood,California,CA,66286,37.93241,-121.68943,925,exact
594,Shoreline,Washington,WA,66251,,,206,exact
595,Union City,California,CA,66196,37.58946,-122.04970,510,exact
596,Victoria,Texas,TX,66020,28.80895,-96.99935,361,exact
597,Palatine,Illinois,IL,65951,42.12580,-88.07640,224 847,exact
598,Skokie,Illinois,IL,65850,42.03617,-87.73283,224 847,exact
599,Waltham,Massachusetts,MA,65849,42.39540,-71.25080,339 781,exact
600,Kyle,Texas,TX,65833,30.00430,-97.83711,512 737,near
601,Lorain,Ohio,OH,65751,41.45780,-82.17104,440,exact
602,Cheyenne,Wyoming,WY,65704,41.14372,-104.79623,307,exact
603,Parker,Colorado,CO,65473,39.50547,-104.73490,303 720,exact
604,Muncie,Indiana,IN,65320,40.16841,-85.38069,765,exact
605,Burnsville,Minnesota,MN,64864,44.76778,-93.27750,952,exact
606,Bellevue,Nebraska,NE,64777,41.14966,-95.90993,402 531,exact
607,South San Francisco,California,CA,64660,37.65382,-122.43470,415 628 650,exact
608,Kenner,Louisiana,LA,64650,29.99120,-90.24790,504,exact
609,North Little Rock,Arkansas,AR,64498,34.76697,-92.26538,501,exact
610,Richland,Washington,WA,64372,46.28327,-119.28920,509,near
611,Millcreek,Utah,UT,64217,,,385 801,exact
612,Laguna Niguel,California,CA,64185,33.52250,-117.70667,949,exact
613,Madison,Alabama,AL,64029,34.65780,-86.80560,256,exact
614,Chapel Hill,North Carolina,NC,64028,35.92032,-79.03719,919 984,exact
615,Hamilton,Ohio,OH,63953,39.40591,-84.52212,513,exact
616,Hendersonville,Tennessee,TN,63947,36.30542,-86.60716,615 629,exact
617,Moore,Oklahoma,OK,63845,,,405,exact
618,Coon Rapids,Minnesota,MN,63807,,,,
619,Utica,New York,NY,63660,43.08711,-75.23146,315,exact
620,Lynwood,California,CA,63596,33.92408,-118.20129,310 424,exact
621,Porterville,California,CA,63517,36.06864,-119.03155,559,exact
622,Palm Beach Gardens,Florida,FL,63284,26.84437,-80.08730,561,exact
623,Wellington,Florida,FL,63258,,,561,exact
624,Bossier City,Louisiana,LA,63218,32.54492,-93.70383,318,exact
625,Marietta,Georgia,GA,63122,33.90430,-84.46800,678 770,exact
626,Westfield,Indiana,IN,62994,40.04887,-86.14991,317,near
627,Jupiter,Florida,FL,62987,26.93394,-80.12009,561,exact
628,Woodland,California,CA,62983,38.67429,-121.77932,530,exact
629,Wylie,Texas,TX,62954,33.00410,-96.53938,214 469 972,near
630,Eden Prairie,Minnesota,MN,62905,44.85743,-93.43757,952,exact
631,Apopka,Florida,FL,62777,28.66186,-81.48515,321 407,near
632,Lakewood,Washington,WA,62709,47.12291,-122.52933,253,exact
633,Council Bluffs,Iowa,IA,62665,41.25295,-95.88099,712,exact
634,San Clemente,California,CA,62627,33.43081,-117.61014,949,exact
635,Santa Cruz,California,CA,62581,36.98295,-122.04361,831,exact
636,White Plains,New York,NY,62561,41.03296,-73.76523,914,exact
637,Pontiac,Michigan,MI,62528,42.66795,-83.28933,248 947,exact
638,Marana,Arizona,AZ,62380,32.40475,-111.27362,520,near
639,Herriman,Utah,UT,62352,40.50320,-112.03400,385 801 435,near
640,North Miami,Florida,FL,62202,,,305 786,exact
641,Bristol,Connecticut,CT,62195,41.68229,-72.93019,860 959,exact
642,Vineland,New Jersey,NJ,62070,39.48177,-75.00909,856,exact
643,Corvallis,Oregon,OR,61993,44.59041,-123.27217,458 541,exact
644,Taunton,Massachusetts,MA,61936,41.90501,-71.10261,508 774,exact
645,Bentonville,Arkansas,AR,61791,36.35770,-94.22242,479,near
646,Taylor,Michigan,MI,61544,42.23174,-83.26727,313,exact
647,St. Peters,Missouri,MO,61398,,,,
648,La Habra,California,CA,61391,33.93217,-117.94970,562,exact
649,Burlington,North Carolina,NC,61365,36.07201,-79.46215,336 743,exact
650,Blue Springs,Missouri,MO,61246,39.01694,-94.28139,816,exact
651,Little Elm,Texas,TX,61219,33.17832,-96.96781,214 469 972 940,near
652,Springfield,Oregon,OR,61182,44.06106,-123.01526,458 541,exact
653,Encinitas,California,CA,61137,33.03694,-117.29111,442 760,exact
654,Dearborn Heights,Michigan,MI,61040,42.27682,-83.26060,313,exact
655,Stonecrest,Georgia,GA,61015,,,,
656,Meriden,Connecticut,CT,60849,41.53340,-72.79973,203,exact
657,La Mesa,California,CA,60767,32.76043,-117.01154,619,exact
658,Revere,Massachusetts,MA,60702,42.41377,-71.00517,339 781,exact
659,Owensboro,Kentucky,KY,60675,37.75126,-87.15539,270 364,exact
660,Margate,Florida,FL,60650,,,754 954,exact
661,Montebello,California,CA,60617,34.01334,-118.11299,323,exact
662,Hanford,California,CA,60594,36.33142,-119.64909,559,exact
663,Eagle Mountain,Utah,UT,60575,40.34720,-111.98880,385 801,near
664,Kannapolis,North Carolina,NC,60521,35.50202,-80.63587,704 980,exact
665,Gilroy,California,CA,60390,37.01600,-121.57825,408 669,exact
666,Smyrna,Tennessee,TN,60302,35.96561,-86.50482,615 629,exact
667,Weymouth Town,Massachusetts,MA,60159,,,,
668,Kokomo,Indiana,IN,60093,40.49884,-86.14527,765,exact
669,Great Falls,Montana,MT,60013,47.50981,-111.27340,406,exact
670,Euless,Texas,TX,60010,32.85817,-97.08321,682 817,exact
671,Winter Haven,Florida,FL,59975,27.99930,-81.75151,863,exact
672,San Rafael,California,CA,59961,37.96914,-122.51050,415 628,exact
673,Medford,Massachusetts,MA,59898,42.41833,-71.10667,339 781,exact
674,Grand Forks,North Dakota,ND,59845,47.90104,-97.04463,701,exact
675,West Allis,Wisconsin,WI,59784,,,414,exact
676,Coconut Creek,Florida,FL,59721,26.24410,-80.20660,754 954,exact
677,Hempstead,New York,NY,59569,40.71389,-73.60028,516 631 347 718 917 929,near
678,Beaumont,California,CA,59502,33.95043,-116.97008,951 909,near
679,Lenexa,Kansas,KS,59427,38.96303,-94.73995,913,exact
680,Spring Hill,Tennessee,TN,59398,35.71729,-86.90481,931 615 629,near
681,Petaluma,California,CA,59393,38.24035,-122.67773,707,exact
682,Brookhaven,Georgia,GA,59370,,,,
683,Pico Rivera,California,CA,59363,33.98857,-118.08827,562,exact
684,Hoboken,New Jersey,NJ,59149,40.74450,-74.03286,201 551,exact
685,Youngstown,Ohio,OH,59123,41.09860,-80.64740,234 330,exact
686,Santee,California,CA,59104,32.84864,-116.98615,619,exact
687,Lake Havasu City,Arizona,AZ,59037,34.49288,-114.30808,928,exact
688,Dubuque,Iowa,IA,58987,42.51498,-90.68191,563,exact
689,Gardena,California,CA,58921,33.89246,-118.29612,310 424,exact
690,Des Plaines,Illinois,IL,58832,42.04673,-87.88590,224 847,exact
691,Casper,Wyoming,WY,58823,42.84576,-106.31657,307,exact
692,Cupertino,California,CA,58710,37.31736,-122.03860,408 669 650 916 510,near
693,Lacey,Washington,WA,58644,47.02397,-122.78266,360,exact
694,Terre Haute,Indiana,IN,58531,39.46670,-87.40680,812 930,exact
695,Midwest City,Oklahoma,OK,58505,,,405,exact
696,National City,California,CA,58460,32.67492,-117.08975,619,exact
697,Lancaster,Pennsylvania,PA,58441,40.07538,-76.31989,717,exact
698,Bowie,Maryland,MD,58421,38.97970,-76.74350,240 301,exact
699,Royal Oak,Michigan,MI,58251,42.49058,-83.13658,248 947,exact
700,Pocatello,Idaho,ID,58231,42.88759,-112.43814,208,exact
701,Bradenton,Florida,FL,58184,27.50278,-82.51389,941,near
702,Carson City,Nevada,NV,58148,39.15075,-119.74590,775,exact
703,Springfield,Ohio,OH,58138,39.92417,-83.80889,937,exact
704,St. Clair Shores,Michigan,MI,58077,,,,
705,Orland Park,Illinois,IL,58020,41.61938,-87.84225,708,exact
706,Monterey Park,California,CA,57996,34.05341,-118.12714,626,exact
707,Decatur,Alabama,AL,57974,34.58960,-86.98868,256,exact
708,Bozeman,Montana,MT,57894,45.66927,-111.04306,406,exact
709,Texas City,Texas,TX,57875,29.39698,-94.92030,409,exact
710,Taylorsville,Utah,UT,57819,,,385 801,exact
711,Sarasota,Florida,FL,57764,27.40724,-82.53030,941,exact
712,Southaven,Mississippi,MS,57493,34.97707,-89.99917,662,exact
713,New Brunswick,New Jersey,NJ,57487,40.48907,-74.44819,732 848,exact
714,Saratoga Springs,Utah,UT,57411,40.34860,-111.91320,385 801,near
715,Coeur d'Alene,Idaho,ID,57355,,,208,exact
716,Tigard,Oregon,OR,57301,,,503 971,exact
717,Smyrna,Georgia,GA,57177,33.87960,-84.50228,678 770,exact
718,Albany,Oregon,OR,57156,44.62772,-123.09441,458 541,exact
719,Bonita Springs,Florida,FL,57112,26.38690,-81.73300,239,exact
720,Kingsport,Tennessee,TN,57109,36.55277,-82.55403,423,exact
721,Kettering,Ohio,OH,57028,,,937,exact
722,Perth Amboy,New Jersey,NJ,56939,40.51755,-74.27543,732 848,exact
723,Logan,Utah,UT,56770,41.74703,-111.82261,435,near
724,Wake Forest,North Carolina,NC,56764,35.98154,-78.53921,919 984,near
725,DeSoto,Texas,TX,56711,32.59317,-96.85472,214 469 972,exact
726,Bartlett,Tennessee,TN,56708,,,901,exact
727,Oak Lawn,Illinois,IL,56531,41.71431,-87.75156,708,exact
728,Plainfield,New Jersey,NJ,56507,40.61978,-74.42530,732 848 908 862 973,near
729,Highland,California,CA,56499,34.12697,-117.20872,909,exact
730,Olympia,Washington,WA,56271,47.01291,-122.87631,360,exact
731,Lincoln,California,CA,56268,38.90404,-121.29554,916,near
732,Burleson,Texas,TX,56253,32.53162,-97.30896,682 817,exact
733,Fountain Valley,California,CA,56036,33.71076,-117.95232,657 714,exact
734,West Sacramento,California,CA,55991,38.59242,-121.52638,916,exact
735,Anderson,Indiana,IN,55851,40.11458,-85.72531,765,exact
736,Port Arthur,Texas,TX,55799,29.88256,-93.96256,409,exact
737,Valdosta,Georgia,GA,55667,30.81058,-83.27717,229,exact
738,Twin Falls,Idaho,ID,55589,42.55649,-114.46926,208,exact
739,San Jacinto,California,CA,55515,33.78389,-116.95778,951,near
740,Mount Prospect,Illinois,IL,55460,42.06239,-87.93767,224 847,exact
741,Peabody,Massachusetts,MA,55418,42.53258,-70.96119,351 978 339 781 617 857,near
742,Chicopee,Massachusetts,MA,55381,42.16205,-72.60796,413,near
743,West Haven,Connecticut,CT,55379,41.27008,-72.96384,203,exact
744,Apple Valley,Minnesota,MN,55272,,,651,exact
745,Berwyn,Illinois,IL,55152,41.84182,-87.79075,708,exact
746,Tinley Park,Illinois,IL,54856,41.59630,-87.84340,708,exact
747,Kentwood,Michigan,MI,54768,,,616,exact
748,Manhattan,Kansas,KS,54700,39.19376,-96.58578,785,exact
749,Fulshear,Texas,TX,54629,29.72170,-95.89768,281 346 713 832,near
750,Rocky Mount,North Carolina,NC,54541,35.94265,-77.76082,252,exact
751,Arcadia,California,CA,54472,34.13239,-118.02637,626,exact
752,Yucaipa,California,CA,54465,34.02820,-117.04892,909,exact
753,Methuen,Massachusetts,MA,54272,42.72802,-71.18103,351 978,exact
754,Pensacola,Florida,FL,53898,30.42228,-87.22476,850,near
755,Wheaton,Illinois,IL,53741,41.85659,-88.10763,331 630,exact
756,Elkhart,Indiana,IN,53690,41.71008,-85.97295,574,exact
757,Joplin,Missouri,MO,53605,37.09686,-94.50514,417,exact
758,Elyria,Ohio,OH,53604,41.37235,-82.10509,440,exact
759,Edina,Minnesota,MN,53564,,,952,exact
760,Rockwall,Texas,TX,53547,32.93111,-96.45944,214 469 972,near
761,Galveston,Texas,TX,53538,29.29827,-94.79297,409,exact
762,Colton,California,CA,53528,34.05796,-117.31858,909,exact
763,Pinellas Park,Florida,FL,53503,27.83870,-82.71510,727,exact
764,Placentia,California,CA,53395,33.88100,-117.85530,657 714,exact
765,Normal,Illinois,IL,53304,40.51245,-88.98829,309,exact
766,Grand Island,Nebraska,NE,53250,40.92186,-98.34106,308,exact
767,Delano,California,CA,53198,35.77151,-119.24594,661,exact
768,Palm Desert,California,CA,53147,33.76110,-116.32490,442 760,exact
769,West New York,New Jersey,NJ,52975,40.78819,-74.01286,201 551,exact
770,Oak Park,Illinois,IL,52947,41.88860,-87.79860,708,exact
771,Jeffersonville,Indiana,IN,52912,38.30777,-85.73588,812 930,exact
772,Mooresville,North Carolina,NC,52884,35.57736,-80.82263,704 980,near
773,Minnetonka,Minnesota,MN,52651,44.91381,-93.48500,952,exact
774,Summerville,South Carolina,SC,52625,33.02804,-80.17385,843 854,exact
775,Cathedral City,California,CA,52517,33.80984,-116.46650,442 760,exact
776,Gallatin,Tennessee,TN,52489,36.38344,-86.45116,615 629,exact
777,Novato,California,CA,52311,38.11630,-122.57142,415 628,exact
778,Diamond Bar,California,CA,52292,34.00659,-117.80982,909,exact
779,Middletown,Ohio,OH,52291,39.53212,-84.38960,513,exact
780,Battle Creek,Michigan,MI,52205,42.30530,-85.13890,269,exact
781,Huntington Park,California,CA,52166,33.97688,-118.21605,323,exact
782,Burien,Washington,WA,52046,,,206,exact
783,Columbus,Indiana,IN,51970,39.20551,-85.93175,812 930,exact
784,Collierville,Tennessee,TN,51951,35.05508,-89.67672,901,exact
785,Everett,Massachusetts,MA,51825,42.41120,-71.05145,617 857,exact
786,Dunwoody,Georgia,GA,51795,,,678 770,exact
787,Bothell,Washington,WA,51770,47.74969,-122.21590,425,exact
788,Celina,Texas,TX,51661,33.31032,-96.76732,214 469 972,near
789,Lebanon,Tennessee,TN,51501,36.20979,-86.30237,615 629,exact
790,Prescott Valley,Arizona,AZ,51440,34.61000,-112.31500,928,exact
791,Newark,Ohio,OH,51424,40.07243,-82.40457,220 740,exact
792,Watsonville,California,CA,51320,36.92052,-121.76344,831,exact
793,Grapevine,Texas,TX,51320,32.93143,-97.09620,682 817,exact
794,Florissant,Missouri,MO,51290,38.80687,-90.34010,314,exact
795,Ocoee,Florida,FL,51269,28.58368,-81.53262,321 407,exact
796,Paramount,California,CA,51169,33.89687,-118.16315,562,exact
797,Harrisonburg,Virginia,VA,51164,38.44886,-78.87144,540,exact
798,Troy,New York,NY,51065,42.74381,-73.69371,518,exact
799,La Crosse,Wisconsin,WI,51049,43.79894,-91.21749,608,near
800,Mishawaka,Indiana,IN,51020,41.65066,-86.16230,574,exact
801,Milford,Connecticut,CT,51004,41.21747,-73.05495,203,exact
802,Cuyahoga Falls,Ohio,OH,50979,41.14008,-81.47896,234 330,exact
803,Hoffman Estates,Illinois,IL,50920,42.04805,-88.10470,224 847,exact
804,Clermont,Florida,FL,50851,28.55254,-81.75741,321 407,near
805,Murray,Utah,UT,50817,,,385 801,exact
806,Fort Pierce,Florida,FL,50805,27.43823,-80.44396,772,near
807,Harrisburg,Pennsylvania,PA,50649,40.26177,-76.88308,717,exact
808,Downers Grove,Illinois,IL,50552,41.80343,-88.01375,331 630,exact
809,Enid,Oklahoma,OK,50519,36.40284,-97.86226,580,exact
810,Aliso Viejo,California,CA,50457,33.57237,-117.70891,949,exact
811,Coral Gables,Florida,FL,50379,,,305 786,exact
812,Goose Creek,South Carolina,SC,50352,32.98870,-80.01995,843 854,exact
813,Cleveland,Tennessee,TN,50232,35.13126,-84.87501,423,near
814,Sherman,Texas,TX,50229,33.64352,-96.60752,903,exact
815,Draper,Utah,UT,50166,40.50460,-111.88096,385 801,exact
816,Stillwater,Oklahoma,OK,50138,36.10435,-97.06087,405,exact
817,Glendora,California,CA,50101,34.12866,-117.85515,626,exact
818,Portage,Michigan,MI,49975,42.20748,-85.59569,269,exact
819,St. Louis Park,Minnesota,MN,49899,,,,
820,Titusville,Florida,FL,49883,28.56971,-80.81914,321,exact
821,Barnstable Town,Massachusetts,MA,49831,,,,
822,Leesburg,Virginia,VA,49831,39.08670,-77.57750,571 703,exact
823,Lawrence,Indiana,IN,49817,,,317,exact
824,San Luis Obispo,California,CA,49729,35.26345,-120.65093,805,exact
825,Sheboygan,Wisconsin,WI,49624,43.74098,-87.72467,920,exact
826,Cedar Hill,Texas,TX,49618,32.58847,-96.94380,214 469 972,exact
827,Rosemead,California,CA,49582,34.06577,-118.08529,626,exact
828,Lakewood,Ohio,OH,49517,41.48265,-81.79714,216,exact
829,Huntsville,Texas,TX,49500,30.79470,-95.53370,936,exact
830,Chesterfield,Missouri,MO,49465,38.63183,-90.61419,636,exact
831,Dublin,Ohio,OH,49456,40.09917,-83.11417,614,exact
832,Poway,California,CA,49435,32.97562,-117.04022,858,exact
833,Cypress,California,CA,49286,33.81861,-118.03870,657 714,exact
834,Ceres,California,CA,49253,37.58810,-120.94994,209,exact
835,Covina,California,CA,49245,34.09716,-117.90654,626 909 562 657 714 323,near
836,East Lansing,Michigan,MI,48964,42.73880,-84.47641,517,exact
837,Plainfield,Illinois,IL,48881,41.60088,-88.19939,779 815 331 630,near
838,Oro Valley,Arizona,AZ,48855,,,520,exact
839,Columbia,Tennessee,TN,48812,35.61558,-87.03803,931,exact
840,Wauwatosa,Wisconsin,WI,48794,,,414,exact
841,Winter Garden,Florida,FL,48771,28.48670,-81.60510,321 407,near
842,Bedford,Texas,TX,48728,32.85358,-97.13580,682 817,exact
843,Los Banos,California,CA,48684,37.06266,-120.85439,209,exact
844,Holly Springs,North Carolina,NC,48674,35.62626,-78.84582,919 984,near
845,Wentzville,Missouri,MO,48646,38.80196,-90.85344,636,near
846,Waxahachie,Texas,TX,48617,32.38080,-96.83740,214 469 972,exact
847,Middletown,Connecticut,CT,48616,41.55689,-72.66523,860 959,exact
848,Wilson,North Carolina,NC,48579,35.72702,-77.92273,252,exact
849,Hattiesburg,Mississippi,MS,48522,31.31455,-89.30647,601 769,near
850,Euclid,Ohio,OH,48421,41.56961,-81.52569,216 440,near
851,Shakopee,Minnesota,MN,48401,44.77930,-93.51975,952,exact
852,Azusa,California,CA,48383,34.12476,-117.90308,626,exact
853,Prescott,Arizona,AZ,48224,34.62991,-113.02246,928,exact
854,Biloxi,Mississippi,MS,48144,30.40348,-88.89714,228,exact
855,Beavercreek,Ohio,OH,48012,,,937,exact
856,East Providence,Rhode Island,RI,47961,41.81378,-71.36879,401,exact
857,Brea,California,CA,47844,33.92520,-117.88950,657 714,exact
858,Spanish Fork,Utah,UT,47809,40.10991,-111.64625,385 801,exact
859,Urbandale,Iowa,IA,47759,41.62948,-93.72304,515,exact
860,Gainesville,Georgia,GA,47712,34.30727,-83.82560,678 770,exact
861,Glenview,Illinois,IL,47634,42.07579,-87.82230,224 847,exact
862,Mansfield,Ohio,OH,47593,40.76330,-82.51380,419 567,exact
863,Niagara Falls,New York,NY,47512,43.09547,-79.04144,716,exact
864,Minot,North Dakota,ND,47440,48.22914,-101.29848,701,exact
865,Olive Branch,Mississippi,MS,47365,34.94414,-89.85443,662,exact
866,Altamonte Springs,Florida,FL,47261,28.66273,-81.37191,321 407,exact
867,Roswell,New Mexico,NM,47176,33.38850,-104.52586,575,exact
868,Sayreville,New Jersey,NJ,47165,40.45917,-74.36139,732 848,exact
869,Oakley,California,CA,47158,37.99403,-121.70362,925,exact
870,Mentor,Ohio,OH,47113,41.68947,-81.34213,440,exact
871,Attleboro,Massachusetts,MA,47085,41.92960,-71.30092,508 774,exact
872,Roseville,Michigan,MI,47047,42.50342,-82.93868,586,exact
873,Cerritos,California,CA,46851,33.85833,-118.06389,562,exact
874,Binghamton,New York,NY,46773,42.14631,-75.88652,607,exact
875,Riverton,Utah,UT,46680,40.53789,-111.95466,385 801,exact
876,Keller,Texas,TX,46643,32.93444,-97.25139,682 817,exact
877,Hackensack,New Jersey,NJ,46630,40.88819,-74.05030,201 551,exact
878,Monroe,Louisiana,LA,46622,32.52855,-92.10610,318,near
879,Delaware,Ohio,OH,46521,40.29319,-83.07231,220 740,exact
880,Charleston,West Virginia,WV,46482,38.34900,-81.63061,304 681,near
881,Mankato,Minnesota,MN,46459,44.15381,-93.99604,507,near
882,La Mirada,California,CA,46367,33.89530,-118.00240,562,exact
883,Rancho Santa Margarita,California,CA,46353,33.65182,-117.58839,949,exact
884,West Lafayette,Indiana,IN,46338,40.44403,-86.92366,765,exact
885,North Lauderdale,Florida,FL,46335,,,754 954,exact
886,Fuquay-Varina,North Carolina,NC,46317,,,,
887,Greer,South Carolina,SC,46316,34.89680,-82.26744,864,near
888,Farmington,New Mexico,NM,46262,36.70651,-108.19953,505,exact
889,Newark,California,CA,46254,37.53681,-122.03196,510,exact
890,Salina,Kansas,KS,46109,38.82380,-97.60879,785,exact
891,Elmhurst,Illinois,IL,46108,41.89266,-87.94102,331 630,exact
892,Morgan Hill,California,CA,45952,37.12917,-121.64636,408 669,exact
893,The Colony,Texas,TX,45897,33.09402,-96.88357,214 469 972,exact
894,Cutler Bay,Florida,FL,45833,,,,
895,Post Falls,Idaho,ID,45800,47.72048,-116.93535,208,near
896,Haltom City,Texas,TX,45786,32.80874,-97.27089,682 817,exact
897,Oakland Park,Florida,FL,45771,,,352,exact
898,Strongsville,Ohio,OH,45768,41.31322,-81.82846,440,exact
899,Moorhead,Minnesota,MN,45726,46.86775,-96.75720,218,exact
900,Salem,Massachusetts,MA,45677,42.51511,-70.90034,351 978,exact
901,North Miami Beach,Florida,FL,45655,25.93609,-80.13514,305 786,exact
902,DeLand,Florida,FL,45587,29.02659,-81.33485,386,exact
903,Newnan,Georgia,GA,45548,33.38940,-84.81695,678 770,near
904,Brentwood,Tennessee,TN,45525,36.03306,-86.78278,615 629,exact
905,Palm Springs,California,CA,45453,33.84141,-116.53466,442 760,exact
906,Blacksburg,Virginia,VA,45452,37.22880,-80.42731,540,exact
907,Linden,New Jersey,NJ,45393,40.63537,-74.25557,908,exact
908,Bremerton,Washington,WA,45291,47.60192,-122.62991,360,exact
909,York,Pennsylvania,PA,45241,39.96354,-76.72689,717,exact
910,Greenacres,Florida,FL,45197,,,,
911,Coachella,California,CA,45165,33.67497,-116.17723,442 760,exact
912,Fairfield,Ohio,OH,45094,39.32660,-84.54788,513,exact
913,Hickory,North Carolina,NC,45081,35.75757,-81.32886,828,exact
914,Hollister,California,CA,45033,36.84840,-121.38710,831,exact
915,Bountiful,Utah,UT,45024,40.87751,-111.87266,385 801,near
916,Huntington,West Virginia,WV,44942,38.40973,-82.44235,304 681,exact
917,Rohnert Park,California,CA,44894,38.32690,-122.70610,707,exact
918,Littleton,Colorado,CO,44879,39.59943,-105.00440,303 720,exact
919,Charlottesville,Virginia,VA,44767,38.05475,-78.49087,434,exact
920,Sierra Vista,Arizona,AZ,44710,31.53647,-110.26656,520,exact
921,Concord,New Hampshire,NH,44674,43.21852,-71.52773,603,near
922,Wilkes-Barre,Pennsylvania,PA,44661,,,272 570,exact
923,Ormond Beach,Florida,FL,44596,29.28550,-81.05610,386,exact
924,Woonsocket,Rhode Island,RI,44508,41.99948,-71.51368,401,exact
925,Prosper,Texas,TX,44503,33.23617,-96.79540,214 469 972,near
926,Lombard,Illinois,IL,44490,41.87214,-88.01599,331 630,exact
927,Fond du Lac,Wisconsin,WI,44469,43.77045,-88.42915,920,near
928,Burlington,Vermont,VT,44432,44.48402,-73.21988,802,near
929,Schertz,Texas,TX,44428,29.56816,-98.27221,830,near
930,Lake Worth Beach,Florida,FL,44417,,,,
931,Apache Junction,Arizona,AZ,44309,33.32770,-111.32590,480,exact
932,El Centro,California,CA,44230,32.78933,-115.56651,442 760,exact
933,Leominster,Massachusetts,MA,44209,42.52744,-71.75631,351 978,exact
934,Midlothian,Texas,TX,44104,32.47574,-96.99355,214 469 972 682 817,near
935,Mount Juliet,Tennessee,TN,44066,36.20000,-86.51861,615 629,near
936,Cleveland Heights,Ohio,OH,44064,,,216,exact
937,Freeport,New York,NY,44028,40.65359,-73.58661,516,exact
938,Grove City,Ohio,OH,44019,39.88138,-83.08394,614,exact
939,Hagerstown,Maryland,MD,43909,39.63202,-77.73722,240 301,exact
940,Woburn,Massachusetts,MA,43895,42.48289,-71.15740,339 781,exact
941,Indian Trail,North Carolina,NC,43867,35.08307,-80.65974,704 980,near
942,Weslaco,Texas,TX,43864,26.16944,-97.98871,956,exact
943,Kiryas Joel,New York,NY,43863,,,,
944,Manassas,Virginia,VA,43616,38.75180,-77.47280,571 703,exact
945,Lompoc,California,CA,43594,34.65835,-120.45060,805,exact
946,Huber Heights,Ohio,OH,43590,,,937,exact
947,Brighton,Colorado,CO,43473,39.98055,-104.81028,303 720,exact
948,Danville,California,CA,43410,37.82083,-121.90667,925,exact
949,Bullhead City,Arizona,AZ,43266,35.16780,-114.54300,928,exact
950,Beverly,Massachusetts,MA,43223,42.56083,-70.87594,351 978,exact
951,Alexandria,Louisiana,LA,43133,31.28852,-92.46335,318,exact
952,Pittsfield,Massachusetts,MA,43121,42.45309,-73.24709,413,exact
953,Buffalo Grove,Illinois,IL,43072,42.15984,-87.96436,224 847,exact
954,Plant City,Florida,FL,43046,28.01680,-82.12890,813,exact
955,Hallandale Beach,Florida,FL,43043,,,754 954,exact
956,Saginaw,Michigan,MI,43001,43.40469,-83.91563,989,exact
957,Sumter,South Carolina,SC,42958,33.92820,-80.32101,803,exact
958,Reynoldsburg,Ohio,OH,42897,39.95515,-82.80345,614,exact
959,Campbell,California,CA,42895,37.28001,-121.95539,408 669,exact
960,Edmonds,Washington,WA,42871,47.80069,-122.36695,425,exact
961,Owasso,Oklahoma,OK,42821,36.28626,-95.82215,539 918,near
962,Shelton,Connecticut,CT,42805,41.30469,-73.12944,203,exact
963,Midland,Michigan,MI,42780,43.63756,-84.26796,989,exact
964,Cottage Grove,Minnesota,MN,42760,44.83082,-92.93928,651,exact
965,Altoona,Pennsylvania,PA,42719,40.52094,-78.40890,814,exact
966,Florence,Alabama,AL,42716,34.83055,-87.65599,256,exact
967,Hutto,Texas,TX,42661,30.52573,-97.56720,512 737,near
968,Peachtree Corners,Georgia,GA,42638,,,,
969,Rosenberg,Texas,TX,42571,29.54973,-95.79821,281 346 713 832,exact
970,Jefferson City,Missouri,MO,42564,38.54621,-92.15246,573,exact
971,Puyallup,Washington,WA,42552,47.19912,-122.31510,253,exact
972,Marion,Iowa,IA,42542,42.04109,-91.59413,319,exact
973,Moline,Illinois,IL,42442,41.49061,-90.49797,309,exact
974,Marlborough,Massachusetts,MA,42169,42.35086,-71.54336,508 774,exact
975,Fitchburg,Massachusetts,MA,42145,42.57956,-71.80313,351 978,exact
976,Haines City,Florida,FL,42073,28.09507,-81.61471,863,near
977,San Bruno,California,CA,42035,37.62474,-122.42902,650,exact
978,Danville,Virginia,VA,41993,36.62179,-79.41244,434,exact
979,Royal Palm Beach,Florida,FL,41948,,,561,exact
980,Oviedo,Florida,FL,41901,28.66972,-81.20833,321 407,exact
981,Coppell,Texas,TX,41785,32.96727,-96.98052,214 469 972,exact
982,Windsor,Colorado,CO,41734,40.48366,-104.89944,970 303 720,near
983,Lancaster,Ohio,OH,41671,39.71870,-82.60307,220 740,exact
984,Covington,Kentucky,KY,41611,39.07084,-84.52121,859,exact
985,Lynnwood,Washington,WA,41597,47.81182,-122.28779,425,exact
986,Crystal Lake,Illinois,IL,41513,42.26620,-88.32129,779 815,exact
987,Milton,Georgia,GA,41490,,,,
988,La Vergne,Tennessee,TN,41430,36.01271,-86.55997,615 629,near
989,Cedar Falls,Iowa,IA,41417,42.52407,-92.44973,319,exact
990,Lake Stevens,Washington,WA,41350,48.01710,-122.06715,360 425,near
991,American Fork,Utah,UT,41298,40.39278,-111.79411,385 801,exact
992,Friendswood,Texas,TX,41291,29.52240,-95.18789,281 346 713 832,exact
993,Brookfield,Wisconsin,WI,41268,43.06217,-88.09800,262,exact
994,State College,Pennsylvania,PA,41228,40.79252,-77.85228,814,exact
995,Stanton,California,CA,41188,33.80303,-117.99471,657 714,exact
996,Romeoville,Illinois,IL,41177,41.64750,-88.08944,779 815,exact
997,Hobbs,New Mexico,NM,41061,32.72217,-103.13725,575,exact
998,West Fargo,North Dakota,ND,41027,46.86952,-96.89500,701,exact
999,Amherst Town,Massachusetts,MA,40989,,,,
1000,Florence,South Carolina,SC,40923,34.18375,-79.77279,843 854,exact
1001,Tooele,Utah,UT,40919,40.54545,-112.30021,435,exact
1002,Cedar City,Utah,UT,40885,37.68954,-113.07451,435,exact
1003,Kearny,New Jersey,NJ,40866,40.76466,-74.14711,201 551 862,exact
1004,Lathrop,California,CA,40860,37.82090,-121.28265,209,near
1005,Cape Girardeau,Missouri,MO,40818,37.31685,-89.54586,573,exact
1006,Lancaster,Texas,TX,40780,32.61606,-96.78300,214 469 972,exact
1007,Peachtree City,Georgia,GA,40758,33.39147,-84.56348,678 770,exact
1008,Bartlett,Illinois,IL,40718,41.98356,-88.16036,331 630,exact
1009,Menomonee Falls,Wisconsin,WI,40700,43.16017,-88.11277,262,exact
1010,Rexburg,Idaho,ID,40695,43.80997,-111.78902,208,near
1011,Annapolis,Maryland,MD,40689,38.99965,-76.50314,410 443 667,exact
1012,Fort Lee,New Jersey,NJ,40566,40.85031,-73.97446,201 551,exact
1013,Belleville,Illinois,IL,40560,38.51268,-89.98469,618,exact
1014,Douglasville,Georgia,GA,40540,33.74940,-84.74590,678 770,exact
1015,Myrtle Beach,South Carolina,SC,40535,33.75870,-78.80445,843 854,near
1016,Aventura,Florida,FL,40531,,,305 786,exact
1017,Georgetown,Kentucky,KY,40518,38.21171,-84.55618,859,near
1018,DeKalb,Illinois,IL,40491,41.93424,-88.76067,779 815,exact
1019,Westfield,Massachusetts,MA,40403,42.12948,-72.75432,413,exact
1020,Findlay,Ohio,OH,40343,41.04417,-83.65000,419 567,exact
1021,New Berlin,Wisconsin,WI,40302,42.97397,-88.15527,262,exact
1022,Bettendorf,Iowa,IA,40281,41.55087,-90.49420,563,exact
1023,Wausau,Wisconsin,WI,40262,44.96343,-89.63396,715,exact
1024,Chelsea,Massachusetts,MA,40245,42.39625,-71.03252,617 857,exact
1025,Valley Stream,New York,NY,40232,40.67418,-73.70574,516,exact
1026,Dover,Delaware,DE,40191,39.15664,-75.53598,302,exact
1027,Maplewood,Minnesota,MN,40142,,,651,exact
1028,Prattville,Alabama,AL,40139,32.47870,-86.42997,334,exact
1029,Germantown,Tennessee,TN,40128,35.08834,-89.80526,901,exact
1030,San Luis,Arizona,AZ,40064,32.48694,-114.78139,928,near
1031,Rancho Palos Verdes,California,CA,40064,33.78778,-118.35722,310 424,exact
1032,Monroe,North Carolina,NC,40054,35.01778,-80.53723,704 980,exact
1033,Lake Oswego,Oregon,OR,40029,45.40926,-122.68472,503 971,exact
1034,Norwich,Connecticut,CT,39993,41.53706,-72.08494,860 959,exact
1035,La Quinta,California,CA,39907,34.32780,-118.64060,442 760,exact
1036,Culver City,California,CA,39883,33.99493,-118.39911,310 424,exact
1037,Urbana,Illinois,IL,39831,40.10952,-88.20363,217,exact
1038,Winter Springs,Florida,FL,39822,28.68310,-81.28137,321 407,exact
1039,Parkland,Florida,FL,39700,,,,
1040,Issaquah,Washington,WA,39664,47.55091,-122.03352,425 206 253,near
1041,Copperas Cove,Texas,TX,39627,31.12580,-97.91213,254,exact
1042,Riviera Beach,Florida,FL,39620,,,561,exact
1043,Spartanburg,South Carolina,SC,39606,34.93521,-81.96538,864,exact
1044,Richmond,Kentucky,KY,39581,37.75460,-84.29553,859,exact
1045,Hutchinson,Kansas,KS,39561,38.05499,-97.93105,620,exact
1046,Carol Stream,Illinois,IL,39556,41.91660,-88.12090,331 630,exact
1047,Hurst,Texas,TX,39500,32.82111,-97.17561,682 817,exact
1048,Grants Pass,Oregon,OR,39468,42.46376,-123.34573,458 541,exact
1049,Kearns metro,Utah,UT,39398,,,,
1050,Weatherford,Texas,TX,39397,32.84350,-97.70470,682,near
1051,Woodstock,Georgia,GA,39381,34.10601,-84.51168,678 770 404,near
1052,Garner,North Carolina,NC,39345,35.68125,-78.59753,919 984,near
1053,Sun Prairie,Wisconsin,WI,39253,43.18690,-89.22266,608,exact
1054,Duncanville,Texas,TX,39203,32.65873,-96.91139,214 469 972,exact
1055,Keizer,Oregon,OR,39152,44.99028,-123.02500,503 971,exact
1056,Braintree Town,Massachusetts,MA,39134,,,,
1057,Syracuse,Utah,UT,38999,41.08642,-112.04510,385 801,near
1058,Atlantic City,New Jersey,NJ,38959,39.36641,-74.43173,609,exact
1059,Hilliard,Ohio,OH,38832,40.03219,-83.13833,614,exact
1060,Seguin,Texas,TX,38789,29.56132,-97.96280,830,exact
1061,Quincy,Illinois,IL,38786,39.93070,-91.37628,217,exact
1062,Pine Bluff,Arkansas,AR,38785,34.21540,-91.99581,870,exact
1063,Oswego,Illinois,IL,38778,41.68489,-88.34530,331 630 779 815,near
1064,Lincoln Park,Michigan,MI,38774,42.24221,-83.18069,313,exact
1065,Lewiston,Maine,ME,38772,44.09854,-70.19162,207,exact
1066,Rome,Georgia,GA,38747,34.25073,-85.14650,706 762,exact
1067,Calexico,California,CA,38744,32.68323,-115.50281,442 760,exact
1068,Roy,Utah,UT,38719,41.17236,-112.03818,385 801,exact
1069,Warren,Ohio,OH,38683,41.17243,-80.87181,234 330,exact
1070,Socorro,Texas,TX,38642,,,915,exact
1071,Westerville,Ohio,OH,38612,40.15450,-82.90970,614,exact
1072,Erie,Colorado,CO,38594,40.05975,-105.06858,303 720,near
1073,Portage,Indiana,IN,38576,41.56720,-87.17569,219,exact
1074,Forney,Texas,TX,38572,32.74905,-96.45976,214 469 972,near
1075,Phenix City,Alabama,AL,38509,32.48400,-85.09110,334,exact
1076,Park Ridge,Illinois,IL,38445,42.01217,-87.84167,224 847,exact
1077,Estero,Florida,FL,38443,26.43505,-81.81024,239,near
1078,Oak Creek,Wisconsin,WI,38373,42.88916,-87.90266,414,exact
1079,Streamwood,Illinois,IL,38360,42.02254,-88.16897,331 630,exact
1080,Bartlesville,Oklahoma,OK,38355,36.74396,-95.99209,539 918,exact
1081,Wheeling,Illinois,IL,38329,42.13404,-87.93410,224 847,exact
1082,Oregon City,Oregon,OR,38327,45.33772,-122.56999,503 971,exact
1083,Longview,Washington,WA,38294,46.15135,-122.96342,360,exact
1084,Northglenn,Colorado,CO,38287,,,303 720,exact
1085,East Point,Georgia,GA,38270,,,404 678,exact
1086,Hilton Head Island,South Carolina,SC,38158,32.16320,-80.75330,843 854,exact
1087,Vestavia Hills,Alabama,AL,38151,,,205,exact
1088,Cleburne,Texas,TX,38131,32.34289,-97.39796,682 817,exact
1089,Pleasant Grove,Utah,UT,38127,40.37199,-111.73328,385 801,exact
1090,Benton,Arkansas,AR,38088,34.58009,-92.59524,501,exact
1091,Canton,Georgia,GA,38049,34.20587,-84.45776,678 770,near
1092,La Porte,Texas,TX,38046,29.66010,-95.05721,281 346 713 832,exact
1093,Hot Springs,Arkansas,AR,37971,,,501,exact
1094,Adelanto,California,CA,37941,34.58413,-117.42419,442 760,near
1095,San Gabriel,California,CA,37926,34.11549,-118.08566,626 323 747 818 562 213 310 424,near
1096,Holyoke,Massachusetts,MA,37838,42.20201,-72.62619,413,exact
1097,Cibolo,Texas,TX,37816,29.57497,-98.22798,830,near
1098,Leesburg,Florida,FL,37815,28.80796,-81.88577,321,near
1099,Plainfield,Indiana,IN,37796,39.71604,-86.39506,317,near
1100,Monrovia,California,CA,37787,34.14396,-118.00138,626,exact
1101,Tupelo,Mississippi,MS,37775,34.25383,-88.72085,662,exact
1102,Kennesaw,Georgia,GA,37740,34.02866,-84.60466,678 770,exact
1103,Wildomar,California,CA,37736,33.60211,-117.26395,951,near
1104,New Albany,Indiana,IN,37652,38.30892,-85.82209,812 930,exact
1105,Montclair,California,CA,37650,34.07330,-117.69867,909,exact
1106,Redmond,Oregon,OR,37626,44.27669,-121.18960,,
1107,Bell Gardens,California,CA,37565,33.97750,-118.18611,323,exact
1108,Clovis,New Mexico,NM,37555,34.41258,-103.22139,575,exact
1109,North Ridgeville,Ohio,OH,37504,41.39643,-82.00332,440,exact
1110,Sahuarita,Arizona,AZ,37448,31.94517,-111.00015,520,near
1111,Leavenworth,Kansas,KS,37370,39.30155,-94.93386,913,exact
1112,Farmers Branch,Texas,TX,37341,,,214 469 972,exact
1113,San Juan,Texas,TX,37341,26.20437,-98.15373,956,exact
1114,Lauderdale Lakes,Florida,FL,37333,,,754 954,exact
1115,Muskegon,Michigan,MI,37287,43.23259,-86.24919,231,exact
1116,Greenfield,Wisconsin,WI,37232,,,414,exact
1117,Tucker,Georgia,GA,37224,33.85699,-84.21602,404 678 770,exact
1118,Carpentersville,Illinois,IL,37144,42.12300,-88.26060,224 847,exact
1119,Cookeville,Tennessee,TN,37102,36.17426,-85.49531,931,exact
1120,Pacifica,California,CA,37056,37.61956,-122.48161,650,exact
1121,Panama City,Florida,FL,37024,30.16062,-85.64940,850,exact
1122,Princeton,Texas,TX,37019,33.15554,-96.49807,214 469 972,near
1123,Martinez,California,CA,37006,37.99325,-122.11169,925,exact
1124,Merrillville,Indiana,IN,36989,41.49570,-87.35093,219,exact
1125,Muskogee,Oklahoma,OK,36849,35.73066,-95.37549,539 918,exact
1126,Hanover Park,Illinois,IL,36685,41.79444,-87.80833,331 630,exact
1127,La Puente,California,CA,36670,34.02943,-117.93410,626,exact
1128,Beloit,Wisconsin,WI,36633,42.52287,-89.03990,608,exact
1129,Franklin,Wisconsin,WI,36591,42.90173,-88.00858,414,exact
1130,Hinesville,Georgia,GA,36583,31.84880,-81.59710,912,exact
1131,Salisbury,North Carolina,NC,36579,35.65150,-80.48895,704 980,exact
1132,Richfield,Minnesota,MN,36491,,,612,exact
1133,Fair Lawn,New Jersey,NJ,36489,40.93430,-74.11660,201 551,exact
1134,El Mirage,Arizona,AZ,36468,33.60815,-112.32415,623,near
1135,Rock Island,Illinois,IL,36434,41.49132,-90.56480,309,exact
1136,Fort Mill,South Carolina,SC,36244,35.00737,-80.94508,803,near
1137,Inver Grove Heights,Minnesota,MN,36226,44.84197,-93.03475,651,exact
1138,Midvale,Utah,UT,36219,40.61518,-111.88507,385 801,exact
1139,Bluffton,South Carolina,SC,36146,32.25127,-80.87208,843 854,near
1140,Upper Arlington,Ohio,OH,36140,,,614,exact
1141,Claremont,California,CA,36139,34.10917,-117.71829,909,exact
1142,Norristown,Pennsylvania,PA,36075,40.09590,-75.37330,484 610,exact
1143,Mason,Ohio,OH,36046,39.33574,-84.31494,513,exact
1144,Springville,Utah,UT,36027,40.16253,-111.59866,385 801,exact
1145,Watertown,Massachusetts,MA,35985,42.37330,-71.15400,617 857,exact
1146,Texarkana,Texas,TX,35971,33.40737,-94.11825,903,exact
1147,Dunedin,Florida,FL,35932,28.01944,-82.77194,727,exact
1148,Stockbridge,Georgia,GA,35893,33.56334,-84.21649,404 678 770,near
1149,Addison,Illinois,IL,35728,41.93351,-88.00540,331 630,exact
1150,Torrington,Connecticut,CT,35673,41.81307,-73.11558,860 959,near
1151,Roseville,Minnesota,MN,35637,,,651,exact
1152,Moorpark,California,CA,35621,34.28556,-118.88111,805,exact
1153,Marion,Ohio,OH,35576,40.58860,-83.12860,220 740,exact
1154,Richmond,Indiana,IN,35561,39.83244,-84.89361,765,exact
1155,Gahanna,Ohio,OH,35544,,,614,exact
1156,Cooper City,Florida,FL,35541,,,754 954,exact
1157,Washington,Utah,UT,35501,37.13638,-113.50504,435,near
1158,Butte-Silver Bow,Montana,MT,35480,,,,
1159,San Juan Capistrano,California,CA,35469,33.51171,-117.65741,949,exact
1160,Wenatchee,Washington,WA,35401,47.42527,-120.32734,509,exact
1161,Kingman,Arizona,AZ,35383,35.25838,-114.05689,928,exact
1162,Mount Vernon,Washington,WA,35344,48.41643,-122.32655,360,exact
1163,Harker Heights,Texas,TX,35263,31.06420,-97.65210,254,near
1164,McMinnville,Oregon,OR,35255,45.20968,-123.20434,503 971,exact
1165,Englewood,Colorado,CO,35238,39.64603,-104.99002,303 720,exact
1166,Statesboro,Georgia,GA,35226,32.44084,-81.77396,912,exact
1167,Brunswick,Ohio,OH,35166,41.24705,-81.82797,234 330,exact
1168,University Place,Washington,WA,35160,47.20540,-122.53356,253,exact
1169,Randolph Town,Massachusetts,MA,35114,,,,
1170,Fairborn,Ohio,OH,35105,39.80531,-84.01979,937,exact
1171,Crown Point,Indiana,IN,35097,41.42357,-87.35559,219,near
1172,Wildwood,Missouri,MO,35082,,,636,exact
1173,Valparaiso,Indiana,IN,35065,41.47566,-87.07587,219,exact
1174,Holland,Michigan,MI,35023,42.78750,-86.10889,616,exact
1175,Opelika,Alabama,AL,35005,32.62777,-85.35863,334,exact
1176,Temple City,California,CA,34989,34.10159,-118.05365,626,exact
1177,Dalton,Georgia,GA,34970,34.76970,-84.97020,706 762,exact
1178,Calumet City,Illinois,IL,34855,41.61526,-87.54833,708,exact
1179,Clearfield,Utah,UT,34778,41.12939,-112.04822,385 801,exact
1180,Long Beach,New York,NY,34777,40.58770,-73.65947,516,exact
1181,Kearney,Nebraska,NE,34741,40.70860,-99.12030,308,exact
1182,Helena,Montana,MT,34729,46.61307,-112.02128,406,exact
1183,Lewiston,Idaho,ID,34693,46.38946,-116.98771,208,exact
1184,Lima,Ohio,OH,34690,40.76407,-84.09730,419 567,exact
1185,Del Rio,Texas,TX,34678,29.37388,-100.89155,830,exact
1186,College Park,Maryland,MD,34667,38.99630,-76.92989,240 301,exact
1187,Goldsboro,North Carolina,NC,34629,35.38258,-78.01581,919 984,exact
1188,Manitowoc,Wisconsin,WI,34616,44.09712,-87.68230,920,exact
1189,Elizabethtown,Kentucky,KY,34565,37.70697,-85.85898,270 364,exact
1190,Northbrook,Illinois,IL,34546,42.12544,-87.84654,224 847,exact
1191,Deer Park,Texas,TX,34495,29.68257,-95.12219,281 346 713 832,exact
1192,Alabaster,Alabama,AL,34460,33.23687,-86.81286,205,exact
1193,Goshen,Indiana,IN,34458,41.58448,-85.83799,574,exact
1194,Leland,North Carolina,NC,34451,34.26795,-78.05782,910,near
1195,Waukee,Iowa,IA,34420,41.59296,-93.85916,515,near
1196,Lufkin,Texas,TX,34399,31.33600,-94.73418,936,exact
1197,West Hollywood,California,CA,34371,34.09057,-118.37875,323,exact
1198,Cornelius,North Carolina,NC,34366,35.48667,-80.86028,704 980,near
1199,Fitchburg,Wisconsin,WI,34357,,,608,exact
1200,Greenville,Texas,TX,34355,33.11748,-96.10242,903,exact
1201,University City,Missouri,MO,34349,,,314,exact
1202,Westlake,Ohio,OH,34232,41.45346,-81.92177,440,exact
1203,New Bern,North Carolina,NC,34218,35.10194,-77.03194,252,exact
1204,Pleasant Hill,California,CA,34169,37.95400,-122.07371,925,exact
1205,Woodridge,Illinois,IL,34103,41.75176,-88.04885,331 630,exact
1206,Stow,Ohio,OH,34101,41.17481,-81.43802,234 330,exact
1207,Petersburg,Virginia,VA,34058,37.22000,-77.43259,804,exact
1208,Chester,Pennsylvania,PA,34052,39.84982,-75.37469,484 610 215 267,near
1209,Oak Ridge,Tennessee,TN,34039,36.01588,-84.26230,865,exact
1210,SeaTac,Washington,WA,34024,,,,
1211,Leawood,Kansas,KS,34013,38.96057,-94.61964,913,exact
1212,Eastpointe,Michigan,MI,33943,42.46576,-82.94590,586,exact
1213,Desert Hot Springs,California,CA,33917,33.90497,-116.36622,442 760,near
1214,Dover,New Hampshire,NH,33909,43.19001,-70.88488,603,exact
1215,Walla Walla,Washington,WA,33901,46.06137,-118.33154,509,exact
1216,Gillette,Wyoming,WY,33846,44.28201,-105.49744,307,exact
1217,Ithaca,New York,NY,33768,42.44850,-76.49291,607,exact
1218,Florence,Kentucky,KY,33763,38.99889,-84.62667,859,exact
1219,Franklin Town,Massachusetts,MA,33742,,,,
1220,Spring Valley,New York,NY,33637,41.11798,-74.04625,845,exact
1221,Salisbury,Maryland,MD,33616,38.36300,-75.59224,410 443 667,exact
1222,Rochester,New Hampshire,NH,33598,43.26837,-70.97664,603,exact
1223,LaGrange,Georgia,GA,33564,33.03402,-85.03951,706 762,near
1224,Meridian,Mississippi,MS,33549,32.35744,-88.65597,601 769,exact
1225,Pullman,Washington,WA,33543,46.73525,-117.17294,509,exact
1226,Garfield,New Jersey,NJ,33530,40.87889,-74.10814,862 973,exact
1227,St. Charles,Illinois,IL,33482,,,,
1228,Nicholasville,Kentucky,KY,33458,37.88056,-84.57306,859,near
1229,Manhattan Beach,California,CA,33453,33.88959,-118.39956,310 424,exact
1230,Eagle,Idaho,ID,33451,43.70688,-116.36197,208,near
1231,Brownsburg,Indiana,IN,33430,39.84660,-86.38693,317,near
1232,Andover,Minnesota,MN,33426,45.25068,-93.28453,218,exact
1233,Sherwood,Arkansas,AR,33281,34.85929,-92.21417,501,exact
1234,Bella Vista,Arkansas,AR,33274,36.46509,-94.25197,479,near
1235,Kaysville,Utah,UT,33252,41.03753,-111.93261,385 801,exact
1236,Miami Lakes,Florida,FL,33247,,,305 786,exact
1237,San Dimas,California,CA,33226,34.10226,-117.81694,909,exact
1238,Long Branch,New Jersey,NJ,33214,40.29920,-73.99118,732 848,near
1239,Des Moines,Washington,WA,33207,,,206,exact
1240,Zionsville,Indiana,IN,33161,39.95611,-86.27674,317,near
1241,Duluth,Georgia,GA,33157,34.02430,-84.14840,678 770,exact
1242,New Smyrna Beach,Florida,FL,33144,29.02467,-80.95844,386,exact
1243,Gadsden,Alabama,AL,33086,33.99725,-86.01028,256,exact
1244,Dania Beach,Florida,FL,33076,,,754 954,exact
1245,Menlo Park,California,CA,33040,37.45340,-122.17914,650,exact
1246,Sachse,Texas,TX,33008,32.97358,-96.59147,214 469 972,near
1247,Morristown,Tennessee,TN,32994,36.19567,-83.27552,423,exact
1248,Sanford,North Carolina,NC,32971,35.46415,-79.17645,919 984,exact
1249,Laramie,Wyoming,WY,32957,41.31291,-105.58115,307,exact
1250,Los Gatos,California,CA,32952,37.21168,-121.97868,408 669,exact
1251,Savage,Minnesota,MN,32896,44.76155,-93.34345,952,exact
1252,Glendale Heights,Illinois,IL,32866,41.92052,-88.07928,331 630,exact
1253,McDonough,Georgia,GA,32803,33.45056,-84.15833,678 770,near
1254,Massillon,Ohio,OH,32750,40.81161,-81.49726,234 330,exact
1255,Aiken,South Carolina,SC,32694,33.55302,-81.71943,803,exact
1256,Foster City,California,CA,32657,,,650,exact
1257,Mundelein,Illinois,IL,32641,42.26362,-88.00476,224 847,exact
1258,Morrisville,North Carolina,NC,32628,35.83437,-78.84659,919 984,near
1259,Goleta,California,CA,32611,34.49010,-120.03840,805,exact
1260,Athens,Alabama,AL,32587,34.80360,-86.97073,256,near
1261,Dana Point,California,CA,32585,33.47696,-117.70048,949,exact
1262,Bangor,Maine,ME,32446,44.82420,-68.79184,207,exact
1263,Cottonwood Heights,Utah,UT,32437,,,385 801,exact
1264,Nacogdoches,Texas,TX,32381,31.61853,-94.65109,936,exact
1265,Bethel Park,Pennsylvania,PA,32376,40.32098,-80.03979,412 878,exact
1266,Maryville,Tennessee,TN,32373,35.78245,-83.91454,865,exact
1267,Chamblee,Georgia,GA,32321,,,,
1268,Poughkeepsie,New York,NY,32293,41.70208,-73.92180,845,exact
1269,Atwater,California,CA,32248,37.35315,-120.60084,209,exact
1270,O'Fallon,Illinois,IL,32169,,,618,exact
1271,West Bend,Wisconsin,WI,32149,43.42528,-88.18333,262,exact
1272,Naugatuck,Connecticut,CT,32116,41.49204,-73.04934,203,exact
1273,Shawnee,Oklahoma,OK,32092,35.34907,-96.93132,405,exact
1274,Bay City,Michigan,MI,32086,43.61216,-83.91988,989,exact
1275,Westfield,New Jersey,NJ,32050,40.64785,-74.34506,908,exact
1276,Matthews,North Carolina,NC,32048,35.12188,-80.71357,704 980,exact
1277,Wheat Ridge,Colorado,CO,31999,39.77404,-105.09619,303 720,exact
1278,Carlsbad,New Mexico,NM,31999,32.41187,-104.23954,575,exact
1279,Rome,New York,NY,31990,43.21935,-75.44976,315,exact
1280,Anna,Texas,TX,31986,33.34452,-96.56386,214 469 972,near
1281,Bell,California,CA,31930,33.96918,-118.17205,323,exact
1282,Banning,California,CA,31929,33.92816,-116.88993,951,exact
1283,Lawrenceville,Georgia,GA,31877,33.94350,-83.96430,678 770,exact
1284,Elk Grove Village,Illinois,IL,31802,42.00561,-88.01278,224 847,exact
1285,Santa Paula,California,CA,31786,34.35472,-119.07133,805,exact
1286,Brooklyn Center,Minnesota,MN,31755,,,763,exact
1287,Fairbanks,Alaska,AK,31732,64.84024,-147.71043,907,exact
1288,Clayton,North Carolina,NC,31732,35.63484,-78.45101,919,near
1289,Bixby,Oklahoma,OK,31728,35.91729,-95.87289,539 918,near
1290,Statesville,North Carolina,NC,31693,35.83810,-80.88420,704 980,exact
1291,North Olmsted,Ohio,OH,31690,41.42013,-81.91306,440,exact
1292,Houma,Louisiana,LA,31671,29.59433,-90.75481,985,exact
1293,Alamogordo,New Mexico,NM,31667,32.89319,-105.94854,575,exact
1294,Casselberry,Florida,FL,31650,28.66167,-81.31221,321 407,exact
1295,Juneau city and,Alaska,AK,31572,,,,
1296,El Paso de Robles (Paso Robles),California,CA,31568,,,,
1297,San Pablo,California,CA,31562,37.97237,-122.33693,510,exact
1298,Seaside,California,CA,31524,36.60921,-121.83572,831,exact
1299,Southlake,Texas,TX,31500,32.95646,-97.14807,682 817,exact
1300,Northport,Alabama,AL,31492,33.26050,-87.58720,205,near
1301,Michigan City,Indiana,IN,31466,41.69803,-86.86990,219,exact
1302,Princeton,New Jersey,NJ,31445,40.36663,-74.64083,609 732 848,near
1303,Rockledge,Florida,FL,31429,28.31344,-80.73193,321,exact
1304,Converse,Texas,TX,31400,29.51733,-98.32167,210,near
1305,Magna metro,Utah,UT,31381,,,,
1306,West Melbourne,Florida,FL,31378,,,321,exact
1307,Harrison,New York,NY,31321,40.97188,-73.71807,914,exact
1308,Northampton,Massachusetts,MA,31315,42.32466,-72.65425,413,exact
1309,Kalispell,Montana,MT,31296,48.22094,-114.28916,,
1310,Pekin,Illinois,IL,31266,40.56744,-89.62433,309,exact
1311,Liberty,Missouri,MO,31245,39.24192,-94.43366,816,exact
1312,North Attleborough Town,Massachusetts,MA,31210,,,,
1313,Pooler,Georgia,GA,31171,32.11493,-81.25196,912,near
1314,Ballwin,Missouri,MO,31036,38.60413,-90.55213,636,exact
1315,Beverly Hills,California,CA,31027,34.07320,-118.39270,310 424,exact
1316,Port Chester,New York,NY,30957,41.00776,-73.67204,914,exact
1317,Anderson,South Carolina,SC,30937,34.52605,-82.63044,864,exact
1318,Jackson,Michigan,MI,30920,42.25452,-84.38748,517,exact
1319,North Royalton,Ohio,OH,30894,41.32316,-81.74566,440,exact
1320,Burlingame,California,CA,30885,37.57588,-122.36295,650,exact
1321,Los Altos,California,CA,30864,37.38143,-122.12575,650,exact
1322,Winter Park,Florida,FL,30835,28.59782,-81.35344,321 407,exact
1323,Hopkinsville,Kentucky,KY,30800,36.86205,-87.48515,270 364,exact
1324,Highland Park,Illinois,IL,30794,42.17945,-87.80589,224 847,exact
1325,Rahway,New Jersey,NJ,30763,40.60867,-74.28188,732 848,exact
1326,Daphne,Alabama,AL,30751,30.61972,-87.88952,251,near
1327,Enterprise,Alabama,AL,30731,31.34079,-85.84211,334,exact
1328,Crestview,Florida,FL,30727,30.77061,-86.55368,850,near
1329,Paragould,Arkansas,AR,30680,36.06003,-90.52509,870,exact
1330,Fridley,Minnesota,MN,30679,,,763,exact
1331,North Chicago,Illinois,IL,30639,42.31890,-87.84782,224 847,exact
1332,Holladay,Utah,UT,30588,,,,
1333,Lafayette,Colorado,CO,30587,39.99796,-105.09635,303 720,exact
1334,Rosemount,Minnesota,MN,30581,44.72892,-93.15884,651 952 612,near
1335,Gurnee,Illinois,IL,30546,42.36691,-87.94523,224 847,exact
1336,Algonquin,Illinois,IL,30539,42.17092,-88.30143,224 847,exact
1337,Newark,Delaware,DE,30506,39.63487,-75.69934,302,exact
1338,Gloucester,Massachusetts,MA,30491,42.62084,-70.67215,351 978,exact
1339,Morgantown,West Virginia,WV,30490,39.63680,-80.01800,304 681,exact
1340,Saratoga,California,CA,30486,37.27287,-122.01824,408 669,exact
1341,Bowling Green,Ohio,OH,30463,41.38151,-83.65075,419 567,exact
1342,Woodburn,Oregon,OR,30449,45.14462,-122.85834,503 971,exact
1343,Oakdale,Minnesota,MN,30441,,,651,exact
1344,Easton,Pennsylvania,PA,30432,40.75333,-75.25167,484 610,exact
1345,Laguna Hills,California,CA,30378,33.60028,-117.70854,949,exact
1346,Hazleton,Pennsylvania,PA,30354,40.96211,-75.97819,272 570,exact
1347,Laurel,Maryland,MD,30238,39.09580,-76.81548,240 301 410 443 667,near
1348,Englewood,New Jersey,NJ,30221,40.89425,-73.97718,201 551,exact
1349,Independence,Kentucky,KY,30196,38.93541,-84.54791,859,near
1350,La Verne,California,CA,30192,34.11590,-117.77077,909,exact
1351,Middletown,New York,NY,30188,41.45722,-74.41202,845,exact
1352,Chaska,Minnesota,MN,30167,44.80607,-93.60831,952,near
1353,Central,Louisiana,LA,30161,,,,
1354,Lawndale,California,CA,30160,33.88791,-118.35101,310 424,exact
1355,Fredericksburg,Virginia,VA,29992,38.29954,-77.47715,571,near
1356,North Tonawanda,New York,NY,29981,43.04983,-78.85100,716,exact
1357,Melrose,Massachusetts,MA,29938,42.45807,-71.06319,339 781,exact
1358,Niles,Illinois,IL,29918,42.01889,-87.80278,224 847,exact
1359,Venice,Florida,FL,29902,27.09930,-82.44890,941,near
1360,Alvin,Texas,TX,29869,29.41195,-95.25154,281 346 713 832,exact
1361,Schererville,Indiana,IN,29780,41.49223,-87.46053,219,exact
1362,Mauldin,South Carolina,SC,29746,34.78068,-82.30351,864,near
1363,Atascadero,California,CA,29743,35.47544,-120.66384,805,exact
1364,Conway,South Carolina,SC,29656,33.87307,-79.05571,843,near
1365,Suisun City,California,CA,29614,38.24083,-122.04200,707 925,near
1366,Fountain,Colorado,CO,29457,38.69956,-104.70047,719,near
1367,Russellville,Arkansas,AR,29442,35.28421,-93.13148,479,exact
1368,Burton,Michigan,MI,29420,43.02449,-83.60630,810,exact
1369,Hobart,Indiana,IN,29418,41.52628,-87.25250,219,exact
1370,San Carlos,California,CA,29403,37.49686,-122.26736,650,exact
1371,Oak Park,Michigan,MI,29402,42.46615,-83.18399,248 947,exact
1372,Jeffersontown,Kentucky,KY,29388,,,,
1373,Kirkwood,Missouri,MO,29348,,,314,exact
1374,East Palo Alto,California,CA,29296,,,650,exact
1375,Galesburg,Illinois,IL,29289,40.95214,-90.36981,309,exact
1376,Marysville,Ohio,OH,29276,40.24772,-83.36221,220,near
1377,Raytown,Missouri,MO,29244,,,816,exact
1378,Bridgewater Town,Massachusetts,MA,29167,,,,
1379,Jacksonville,Arkansas,AR,29129,34.88199,-92.13044,501,exact
1380,Kuna,Idaho,ID,29127,43.48703,-116.38186,208,near
1381,Southgate,Michigan,MI,29081,42.20443,-83.19992,734,exact
1382,West Springfield Town,Massachusetts,MA,29028,,,,
1383,Monterey,California,CA,29015,36.59564,-121.88480,831,exact
1384,Garfield Heights,Ohio,OH,29014,,,216,exact
1385,Ramsey,Minnesota,MN,28999,,,,
1386,Happy Valley,Oregon,OR,28969,45.44500,-122.53414,503 971 458 541,near
1387,Bergenfield,New Jersey,NJ,28921,40.92384,-73.99892,201 551,exact
1388,Texarkana,Arkansas,AR,28897,33.44167,-94.03750,870,exact
1389,Glen Ellyn,Illinois,IL,28872,41.86611,-88.06477,331 630,exact
1390,Parkersburg,West Virginia,WV,28834,39.26443,-81.53541,304 681,exact
1391,McHenry,Illinois,IL,28825,42.33340,-88.26680,779 815,exact
1392,Mint Hill,North Carolina,NC,28825,,,,
1393,Williston,North Dakota,ND,28821,48.16792,-103.63170,,
1394,Eagle Pass,Texas,TX,28768,28.70279,-100.48176,830,exact
1395,Kernersville,North Carolina,NC,28760,36.11653,-80.08312,336 743,near
1396,Agawam Town,Massachusetts,MA,28749,,,,
1397,Saratoga Springs,New York,NY,28741,43.08009,-73.78064,518,exact
1398,Lake in the Hills,Illinois,IL,28706,42.18167,-88.33028,224 847,exact
1399,Shaker Heights,Ohio,OH,28689,,,216,exact
1400,Madison Heights,Michigan,MI,28626,42.50160,-83.10270,248 947,exact
1401,Frankfort,Kentucky,KY,28610,38.19283,-84.88061,502,exact
1402,Burbank,Illinois,IL,28606,41.74470,-87.76991,708,exact
1403,Sugar Hill,Georgia,GA,28598,,,,
1404,Maple Valley,Washington,WA,28553,47.38453,-122.05741,253 425 206,near
1405,Palm Springs,Florida,FL,28548,,,,
1406,Huntley,Illinois,IL,28495,42.17556,-88.42685,224 847 779 815,near
1407,New Lenox,Illinois,IL,28480,41.50670,-87.96308,779 815 708 331 630,near
1408,Pearl,Mississippi,MS,28458,32.27684,-90.10271,601 769,exact
1409,Slidell,Louisiana,LA,28440,30.27841,-89.77119,985,exact
1410,Ridgecrest,California,CA,28373,35.63138,-117.67973,442 760,exact
1411,Port Huron,Michigan,MI,28342,42.99584,-82.45994,810,exact
1412,Carrollton,Georgia,GA,28306,33.58090,-85.07920,678,near
1413,Marion,Indiana,IN,28216,40.57433,-85.67413,765,exact
1414,Madison,Mississippi,MS,28210,32.46706,-90.10874,601 769,near
1415,Union City,Georgia,GA,28195,33.58315,-84.54985,404 678 770,near
1416,Fremont,Nebraska,NE,28190,41.44164,-96.49447,402 531,exact
1417,Brawley,California,CA,28188,32.97918,-115.52961,442 760,exact
1418,Mount Pleasant,Wisconsin,WI,28184,,,,
1419,Newburgh,New York,NY,28181,41.51783,-74.03598,845,exact
1420,Lake Jackson,Texas,TX,28158,29.03927,-95.44012,979,exact
1421,Lansing,Illinois,IL,28107,41.56605,-87.54463,708,exact
1422,Glen Cove,New York,NY,28088,40.86496,-73.62772,516,exact
1423,New London,Connecticut,CT,28081,41.35072,-72.10625,860 959,exact
1424,Simpsonville,South Carolina,SC,28078,34.73694,-82.25444,864,near
1425,Foley,Alabama,AL,28043,30.40066,-87.68574,251,near
1426,Tualatin,Oregon,OR,28036,45.37269,-122.76313,503 971,exact
1427,Prior Lake,Minnesota,MN,28018,44.71069,-93.41006,952 651 612,near
1428,Garden City,Kansas,KS,27996,37.97693,-100.86209,620,exact
1429,Danville,Illinois,IL,27981,40.13698,-87.62174,217,exact
1430,Monroeville,Pennsylvania,PA,27966,40.42903,-79.76228,412 724 878,exact
1431,Asheboro,North Carolina,NC,27928,35.69350,-79.81968,336 743,exact
1432,Homewood,Alabama,AL,27919,,,205,exact
1433,Aberdeen,South Dakota,SD,27919,45.46611,-98.48564,605,exact
1434,Wilsonville,Oregon,OR,27895,45.29865,-122.76989,503 971,near
1435,Marshalltown,Iowa,IA,27886,42.04048,-92.91269,641,exact
1436,Jenks,Oklahoma,OK,27869,36.01483,-95.97971,539 918,near
1437,Lemon Grove,California,CA,27867,32.73323,-117.03265,619,exact
1438,Bristol,Tennessee,TN,27867,36.56864,-82.18186,423,exact
1439,Millville,New Jersey,NJ,27838,39.36731,-75.02931,856,exact
1440,Tumwater,Washington,WA,27826,46.95420,-123.02500,360,near
1441,Winchester,Virginia,VA,27800,39.15810,-78.23130,540,exact
1442,Henderson,Kentucky,KY,27750,37.83611,-87.59000,270 364,exact
1443,Katy,Texas,TX,27741,29.75089,-95.81167,281 346 713 832,near
1444,Bridgeton,New Jersey,NJ,27722,39.44529,-75.22673,856,exact
1445,Kent,Ohio,OH,27720,41.14492,-81.34976,234 330,exact
1446,Jamestown,New York,NY,27699,42.09284,-79.24399,716,exact
1447,Maryland Heights,Missouri,MO,27671,38.72290,-90.44740,314,exact
1448,Dodge City,Kansas,KS,27663,37.75688,-100.02407,620,exact
1449,Williamsport,Pennsylvania,PA,27628,41.24722,-77.02057,272 570,exact
1450,Elk River,Minnesota,MN,27606,45.31360,-93.58140,763 218,near
1451,Thomasville,North Carolina,NC,27605,35.87128,-80.09128,336 743,near
1452,Allen Park,Michigan,MI,27604,42.25223,-83.21200,313,exact
1453,Temple Terrace,Florida,FL,27588,,,813,exact
1454,Gladstone,Missouri,MO,27579,,,816,exact
1455,Cabot,Arkansas,AR,27575,34.94572,-92.03177,501,near
1456,Neenah,Wisconsin,WI,27502,44.18109,-88.47920,920,exact
1457,Green,Ohio,OH,27476,40.94583,-81.48333,234 330,exact
1458,Fate,Texas,TX,27467,32.94139,-96.38111,214 469 972,near
1459,Wilmette,Illinois,IL,27443,42.07646,-87.72457,224 847,exact
1460,Hamtramck,Michigan,MI,27424,42.40812,-83.05827,313,exact
1461,Wasco,California,CA,27409,35.59338,-119.34473,661,exact
1462,Camas,Washington,WA,27313,45.60577,-122.41423,360,near
1463,Balch Springs,Texas,TX,27307,,,,
1464,Walnut,California,CA,27250,34.01760,-117.86360,626,exact
1465,Lindenhurst,New York,NY,27160,40.68837,-73.37449,631 516,near
1466,Newberg,Oregon,OR,27136,45.30990,-122.96850,503 971,near
1467,Belmont,California,CA,27132,37.51743,-122.29267,650,exact
1468,Troy,Ohio,OH,27122,40.03739,-84.20315,937,exact
1469,Round Lake Beach,Illinois,IL,27091,,,224 847,exact
1470,Sebastian,Florida,FL,27087,27.87815,-80.51605,321,near
1471,Trussville,Alabama,AL,27079,33.63393,-86.59807,205,near
1472,Forest Grove,Oregon,OR,27076,45.53283,-123.11515,503 971,near
1473,Yukon,Oklahoma,OK,27068,35.50667,-97.76222,405,exact
1474,Lemoore,California,CA,27057,36.30953,-119.83102,559,near
1475,Greenville,Mississippi,MS,27015,33.37874,-91.04679,662,exact
1476,Vernon Hills,Illinois,IL,27002,42.22875,-87.97185,224 847,exact
1477,Easley,South Carolina,SC,27001,34.82903,-82.57955,864,near
1478,South Portland,Maine,ME,26994,43.63185,-70.27088,207,exact
1479,Wooster,Ohio,OH,26982,40.80935,-81.94827,234 330,exact
1480,Moses Lake,Washington,WA,26969,47.13736,-119.28915,509,near
1481,Mason City,Iowa,IA,26948,43.14987,-93.19538,641,exact
1482,Shoreview,Minnesota,MN,26939,,,651,exact
1483,Lockport,Illinois,IL,26915,41.61348,-88.02558,779 815 331 630 708,near
1484,Ossining,New York,NY,26895,41.16734,-73.85379,914,exact
1485,Moscow,Idaho,ID,26894,46.73092,-116.98968,208,exact
1486,Granite City,Illinois,IL,26854,38.72157,-90.11582,618,exact
1487,New Iberia,Louisiana,LA,26849,30.00103,-91.81996,337,exact
1488,Oak Forest,Illinois,IL,26813,41.60768,-87.75422,708,exact
1489,Oxford,Mississippi,MS,26801,34.35435,-89.49692,662,near
1490,Paramus,New Jersey,NJ,26786,40.94768,-74.06724,201 551,exact
1491,Edwardsville,Illinois,IL,26715,38.80497,-89.96370,618,exact
1492,Paducah,Kentucky,KY,26712,37.06338,-88.66320,270 364,exact
1493,Ridgewood,New Jersey,NJ,26701,40.98202,-74.11313,201 551,exact
1494,Austin,Minnesota,MN,26690,43.66954,-92.97837,507,exact
1495,Sanger,California,CA,26649,36.72430,-119.54780,559,near
1496,Grandview,Missouri,MO,26630,38.88194,-94.52054,816,exact
1497,Owatonna,Minnesota,MN,26626,44.08048,-93.21914,507,exact
1498,Superior,Wisconsin,WI,26620,46.70155,-92.09117,715,exact
1499,Clinton,Mississippi,MS,26617,32.34108,-90.32289,601 769,exact
1500,Derby,Kansas,KS,26604,37.55298,-97.25489,316,near
1501,West Linn,Oregon,OR,26597,45.36687,-122.64795,503 971,exact
1502,Galt,California,CA,26589,38.26985,-121.29383,209 916,near
1503,Horn Lake,Mississippi,MS,26574,34.95190,-90.05072,662,near
1504,Twentynine Palms,California,CA,26563,34.14551,-116.06013,442,near
1505,South Salt Lake,Utah,UT,26561,,,385 801,exact
1506,Batavia,Illinois,IL,26555,41.84817,-88.30976,331 630,exact
1507,Chicago Heights,Illinois,IL,26533,41.50620,-87.61321,708,exact
1508,Hercules,California,CA,26499,38.00665,-122.26370,510 707 925 415 628,near
1509,Benicia,California,CA,26477,38.06846,-122.16139,707,exact
1510,Stevens Point,Wisconsin,WI,26465,44.52122,-89.55876,715,exact
1511,Lebanon,Pennsylvania,PA,26456,40.33591,-76.42589,717,exact
1512,Denison,Texas,TX,26446,33.74501,-96.54957,903,exact
1513,Plum,Pennsylvania,PA,26420,,,412 724 878,exact
1514,Garden City,Michigan,MI,26410,42.32415,-83.34024,734,exact
1515,El Cerrito,California,CA,26409,37.91563,-122.29852,510,exact
1516,North Augusta,South Carolina,SC,26395,33.51777,-81.93479,803,near
1517,Royse City,Texas,TX,26387,32.96278,-96.36484,214 469 972,near
1518,Staunton,Virginia,VA,26361,38.14510,-79.07519,540,exact
1519,Lodi,New Jersey,NJ,26358,40.87636,-74.08383,862 973,exact
1520,Nixa,Missouri,MO,26352,37.05115,-93.29718,417,near
1521,Soledad,California,CA,26345,36.41964,-121.32429,831,near
1522,Avon Lake,Ohio,OH,26342,41.50190,-82.01109,440 216,near
1523,Fairfax,Virginia,VA,26340,38.86035,-77.26494,571 703,exact
1524,Centerville,Ohio,OH,26311,,,937,exact
1525,Greenfield,Indiana,IN,26268,39.79020,-85.81410,317,near
1526,Elmira,New York,NY,26255,42.10077,-76.81198,607,exact
1527,Melissa,Texas,TX,26194,33.28411,-96.57401,214 469 972,near
1528,Cliffside Park,New Jersey,NJ,26183,40.82217,-73.98798,201 551,exact
1529,Winona,Minnesota,MN,26173,44.03913,-91.65335,507,exact
1530,Tarpon Springs,Florida,FL,26168,28.14583,-82.75694,727,exact
1531,Farmington,Utah,UT,26163,40.98891,-111.89378,385 801,near
1532,Norfolk,Nebraska,NE,26162,42.03291,-97.42290,402 531,exact
1533,Franklin,Indiana,IN,26158,39.48539,-86.06075,317,near
1534,Reedley,California,CA,26138,36.60441,-119.43779,559,exact
1535,Saginaw,Texas,TX,26116,,,,
1536,Xenia,Ohio,OH,26067,39.68420,-83.93688,937,exact
1537,Wheeling,West Virginia,WV,26060,40.07274,-80.68513,304 681,exact
1538,Auburn Hills,Michigan,MI,26047,42.68750,-83.23417,248 947 231 586,near
1539,Fairhope,Alabama,AL,26044,30.50116,-87.88355,251,near
1540,Colleyville,Texas,TX,26012,32.88721,-97.14603,682 817 214 469 972 940,near
1541,Carteret,New Jersey,NJ,26003,40.58228,-74.23135,732 848,exact
1542,Yorkville,Illinois,IL,25986,41.63873,-88.44379,331 630,near
1543,Auburn,New York,NY,25963,42.92996,-76.56261,315,exact
1544,Raymore,Missouri,MO,25962,38.80190,-94.45289,816,near
1545,Walker,Michigan,MI,25921,,,616,exact
1546,Salem,Virginia,VA,25908,37.28530,-80.06919,540,exact
1547,Woodstock,Illinois,IL,25892,42.31977,-88.44767,779 815,exact
1548,Brandon,Mississippi,MS,25870,32.30380,-89.96403,601 769,near
1549,Belton,Missouri,MO,25861,38.81612,-94.53279,816,exact
1550,Windsor,California,CA,25846,38.54318,-122.80437,707,exact
1551,Starkville,Mississippi,MS,25844,33.45012,-88.81764,662,exact
1552,Gardner,Kansas,KS,25836,38.80754,-94.91567,913,near
1553,Dinuba,California,CA,25833,36.53493,-119.39087,559,near
1554,Pickerington,Ohio,OH,25814,39.90606,-82.75627,614,near
1555,Shelbyville,Tennessee,TN,25792,35.48831,-86.46343,615,near
1556,East Chicago,Indiana,IN,25768,41.63489,-87.46273,219,exact
1557,Muskego,Wisconsin,WI,25759,42.90465,-88.12141,262,exact
1558,Peekskill,New York,NY,25757,41.29372,-73.90256,914,exact
1559,Medina,Ohio,OH,25757,41.14041,-81.85835,234 330,exact
1560,Chanhassen,Minnesota,MN,25746,44.86792,-93.53591,952,exact
1561,Centerton,Arkansas,AR,25745,36.36699,-94.30891,479,near
1562,Rockville Centre,New York,NY,25718,40.66374,-73.63800,516,exact
1563,Dickinson,North Dakota,ND,25695,46.88729,-102.78759,,
1564,Middletown,Delaware,DE,25686,39.48154,-75.68318,302,near
1565,South Pasadena,California,CA,25656,34.11094,-118.15470,626,exact
1566,Ottumwa,Iowa,IA,25648,41.01510,-92.41343,641,exact
1567,Belton,Texas,TX,25635,31.07230,-97.47203,254,near
1568,Riverbank,California,CA,25625,37.73281,-120.94302,209,near
1569,Corsicana,Texas,TX,25591,32.03220,-96.34830,903,exact
1570,Avon,Ohio,OH,25573,41.44671,-82.02036,440 216,near
1571,Imperial Beach,California,CA,25568,32.57829,-117.11478,619,exact
1572,Fernley,Nevada,NV,25508,39.60189,-119.23504,775,near
1573,Patterson,California,CA,25495,37.49059,-121.14073,209,near
1574,West Chicago,Illinois,IL,25469,41.88856,-88.20217,312 331 630 773,exact
1575,De Pere,Wisconsin,WI,25453,44.43878,-88.08061,920,exact
1576,Eureka,California,CA,25412,40.77624,-124.15589,707,exact
1577,Palmetto Bay,Florida,FL,25402,,,,
1578,Norco,California,CA,25400,33.94000,-117.55333,951,exact
1579,Pelham,Alabama,AL,25396,33.31046,-86.80618,205,near
1580,Lafayette,California,CA,25371,37.89610,-122.11194,925,exact
1581,Lexington,South Carolina,SC,25354,33.98139,-81.23639,803,near
1582,Mequon,Wisconsin,WI,25329,43.23639,-87.98444,262,exact
1583,Belvidere,Illinois,IL,25325,42.25946,-88.85094,779 815,exact
1584,Perrysburg,Ohio,OH,25313,41.54293,-83.59273,419 567,near
1585,Mercer Island,Washington,WA,25302,47.56315,-122.22656,206,exact
1586,University Park,Texas,TX,25268,,,214 469 972,exact
1587,Papillion,Nebraska,NE,25248,41.15226,-96.03705,402 531,near
1588,Farragut,Tennessee,TN,25242,,,,
1589,Key West,Florida,FL,25240,24.56531,-81.76218,305 786,exact
1590,Caledonia,Wisconsin,WI,25240,42.82947,-87.92278,262,exact
1591,Auburn,Maine,ME,25200,44.09479,-70.23898,207,exact
1592,Mountlake Terrace,Washington,WA,25198,47.79306,-122.30404,425,exact
1593,Loma Linda,California,CA,25197,34.05240,-117.26180,909 951,near
1594,Herndon,Virginia,VA,25180,38.97640,-77.38390,571 703,exact
1595,Hastings,Nebraska,NE,25152,40.58765,-98.39115,402 531,exact
1596,Kerrville,Texas,TX,25141,30.04165,-99.14082,830,exact
1597,Columbus,Nebraska,NE,25126,41.43722,-97.35647,402 531,exact
1598,Inkster,Michigan,MI,25108,42.29404,-83.31463,313,exact
1599,Cartersville,Georgia,GA,25082,34.18697,-84.82040,678,near
1600,Bessemer,Alabama,AL,25079,33.40900,-86.94755,205,exact
1601,Norton Shores,Michigan,MI,25070,,,231,exact
1602,Eustis,Florida,FL,25067,28.85769,-81.64513,321,near
1603,Ardmore,Oklahoma,OK,25064,34.17668,-97.13416,580,exact
1604,South Plainfield,New Jersey,NJ,25062,40.58388,-74.41469,908,exact
1605,Paris,Texas,TX,25037,33.65808,-95.53788,903,exact
1606,Johnston,Iowa,IA,25022,41.67302,-93.70279,515,near
1607,Faribault,Minnesota,MN,24983,44.29446,-93.28179,507,exact
1608,Alton,Illinois,IL,24967,38.90865,-90.15681,618,near
1609,Hazelwood,Missouri,MO,24951,38.78088,-90.36692,314,exact
1610,South Elgin,Illinois,IL,24921,41.99687,-88.29856,224 847,exact
1611,Zanesville,Ohio,OH,24916,39.94427,-82.00890,220 740,exact
1612,Barstow,California,CA,24897,34.89145,-117.03870,442 760,exact
1613,Florence,Arizona,AZ,24891,32.99688,-111.36123,520,near
1614,Fort Dodge,Iowa,IA,24886,42.50882,-94.18074,515,exact
1615,Kingsville,Texas,TX,24884,27.50742,-97.85960,361,exact
1616,Homer Glen,Illinois,IL,24852,41.60000,-87.93806,708 779 815 331 630,near
1617,Greenbelt,Maryland,MD,24843,39.00040,-76.87660,240 301,exact
1618,Athens,Ohio,OH,24824,39.31782,-82.10201,220 740,exact
1619,Horizon City,Texas,TX,24802,,,,
1620,Perry,Georgia,GA,24792,32.46051,-83.72826,478,near
1621,Mandan,North Dakota,ND,24788,46.83065,-100.90918,701,near
1622,Wadsworth,Ohio,OH,24753,41.03838,-81.73737,234 330,near
1623,Ennis,Texas,TX,24753,32.33210,-96.62236,214 469 972,near
1624,Hurricane,Utah,UT,24753,37.16910,-113.22471,435,near
1625,Avon,Indiana,IN,24735,39.76278,-86.39972,317,near
1626,San Benito,Texas,TX,24712,26.13366,-97.64475,956,exact
1627,Payson,Utah,UT,24666,40.04487,-111.73214,385 801,near
1628,Romulus,Michigan,MI,24652,42.22030,-83.35829,734,exact
1629,Barberton,Ohio,OH,24624,41.01859,-81.61531,234 330,exact
1630,Bainbridge Island,Washington,WA,24618,47.64505,-122.53130,206,exact
1631,West Haven,Utah,UT,24617,,,,
1632,Groveland,Florida,FL,24602,28.56444,-81.87453,321,near
1633,Zion,Illinois,IL,24583,42.44425,-87.83893,224 847,exact
1634,Ridgeland,Mississippi,MS,24576,32.41217,-90.12070,601 769,exact
1635,Brookings,South Dakota,SD,24555,44.30562,-96.79141,605,near
1636,Benbrook,Texas,TX,24542,,,682 817,exact
1637,Selma,California,CA,24505,36.56952,-119.61703,559,near
1638,Decatur,Georgia,GA,24482,33.76988,-84.29504,404 678 770,near
1639,Newport,Rhode Island,RI,24482,41.50450,-71.30348,401,near
1640,Riverside,Ohio,OH,24472,,,937,exact
1641,Morton Grove,Illinois,IL,24467,42.04313,-87.78988,224 847,exact
1642,Farmington,Minnesota,MN,24464,44.66280,-93.15389,651 952,near
1643,Corinth,Texas,TX,24450,,,,
1644,Seal Beach,California,CA,24421,33.76097,-118.08428,562,exact
1645,Van Buren,Arkansas,AR,24396,35.45399,-94.32776,479,near
1646,Emporia,Kansas,KS,24354,38.41840,-96.18715,620,exact
1647,Edgewater,Florida,FL,24334,28.98180,-80.91034,386,near
1648,Glassboro,New Jersey,NJ,24322,39.70682,-75.11725,856,near
1649,Westmont,Illinois,IL,24308,41.77285,-87.97574,331 630,exact
1650,Marshall,Texas,TX,24263,32.53378,-94.36191,903,exact
1651,St. John,Indiana,IN,24250,,,,
1652,Ponca City,Oklahoma,OK,24234,36.70310,-97.07841,580,exact
1653,Wyandotte,Michigan,MI,24214,42.19606,-83.18211,734,exact
1654,Willoughby,Ohio,OH,24208,41.63023,-81.40762,440,exact
1655,Sandusky,Ohio,OH,24174,41.43488,-82.70633,419 567,exact
1656,Kenmore,Washington,WA,24166,47.75750,-122.24278,425 206,near
1657,Oak Harbor,Washington,WA,24163,48.31510,-122.63744,360,near
1658,Clinton,Iowa,IA,24118,41.85168,-90.20778,563,exact
1659,Watertown,New York,NY,24038,43.97426,-75.91221,315,exact
1660,Melrose Park,Illinois,IL,23999,41.90035,-87.85807,708,exact
1661,Searcy,Arkansas,AR,23997,35.25351,-91.76293,501,near
1662,Griffin,Georgia,GA,23994,33.25490,-84.27276,678 770,exact
1663,Mustang,Oklahoma,OK,23965,35.38850,-97.73089,405,near
1664,Coralville,Iowa,IA,23959,41.69367,-91.59061,319,near
1665,Otsego,Minnesota,MN,23875,,,,
1666,Solon,Ohio,OH,23875,41.38660,-81.44208,440,exact
1667,Maywood,California,CA,23838,33.98899,-118.18769,323,exact
1668,Roseburg,Oregon,OR,23795,43.22273,-123.36644,458 541,near
1669,Collinsville,Illinois,IL,23766,38.68355,-89.98529,618,exact
1670,Kingston,New York,NY,23748,41.93013,-74.02357,845,exact
1671,Rolling Meadows,Illinois,IL,23732,42.07298,-88.01908,224 847,exact
1672,Clinton,Utah,UT,23728,,,,
1673,Elmwood Park,Illinois,IL,23698,41.92190,-87.80830,708,exact
1674,Fountain Hills,Arizona,AZ,23696,33.60849,-111.72369,480,exact
1675,Burlington,Iowa,IA,23637,40.80866,-91.11697,319,exact
1676,Loves Park,Illinois,IL,23636,42.32952,-89.03352,779 815,exact
1677,Munster,Indiana,IN,23634,41.55444,-87.50110,219,exact
1678,Jacksonville Beach,Florida,FL,23630,30.29444,-81.39333,904,exact
1679,Mesquite,Nevada,NV,23599,36.80550,-114.06630,702,near
1680,North Salt Lake,Utah,UT,23593,40.84406,-111.90412,385 801,near
1681,Pottstown,Pennsylvania,PA,23553,40.24528,-75.65000,484 610,exact
1682,Lisle,Illinois,IL,23548,41.78617,-88.08790,331 630,exact
1683,West Memphis,Arkansas,AR,23538,35.14844,-90.17792,870,exact
1684,Kankakee,Illinois,IL,23535,41.11658,-87.86961,779 815,exact
1685,Webster Groves,Missouri,MO,23525,,,314,exact
1686,Waynesboro,Virginia,VA,23498,38.07741,-78.90346,540,near
1687,Highland,Indiana,IN,23497,41.55005,-87.45691,219,exact
1688,Duarte,California,CA,23493,34.13944,-117.97639,626,exact
1689,Watertown,South Dakota,SD,23492,44.90429,-97.12398,605,exact
1690,San Fernando,California,CA,23488,34.28751,-118.43524,747 818,exact
1691,White Bear Lake,Minnesota,MN,23479,,,651,exact
1692,DeBary,Florida,FL,23468,28.88457,-81.30651,386 321 407,near
1693,Hammond,Louisiana,LA,23426,30.51908,-90.48786,985,near
1694,Albertville,Alabama,AL,23392,34.27386,-86.20645,256,near
1695,Maywood,Illinois,IL,23364,41.87486,-87.84767,708,exact
1696,Hialeah Gardens,Florida,FL,23328,,,,
1697,Millbrae,California,CA,23321,37.60038,-122.40198,650,exact
1698,Muscatine,Iowa,IA,23298,41.43038,-91.05093,563,exact
1699,Sapulpa,Oklahoma,OK,23297,36.00297,-96.11061,539 918,near
1700,Ozark,Missouri,MO,23248,37.01693,-93.20221,417,near
1701,Oakdale,California,CA,23209,37.77532,-120.84947,209,near
1702,Waxhaw,North Carolina,NC,23178,34.95533,-80.72790,704 980,near
1703,Duncan,Oklahoma,OK,23174,34.50728,-97.94032,580,exact
1704,Freeport,Illinois,IL,23140,42.29915,-89.63452,779 815,exact
1705,Watauga,Texas,TX,23120,,,682 817,exact
1706,Summit,New Jersey,NJ,23102,40.71494,-74.36416,908,exact
1707,Maple Heights,Ohio,OH,23081,41.41051,-81.56034,216,exact
1708,Hudson,Ohio,OH,23073,41.24584,-81.43666,234 330,exact
1709,Trotwood,Ohio,OH,23073,,,937,exact
1710,North Plainfield,New Jersey,NJ,23072,,,732 848,exact
1711,Roselle,New Jersey,NJ,23064,40.65297,-74.26104,908,exact
1712,Suwanee,Georgia,GA,23062,34.05139,-84.07139,678 770,near
1713,Marina,California,CA,23047,36.68492,-121.79338,831,exact
1714,Champlin,Minnesota,MN,23045,45.17004,-93.38193,763,exact
1715,Chambersburg,Pennsylvania,PA,23041,39.93132,-77.65793,717,near
1716,Keene,New Hampshire,NH,23036,42.94313,-72.28954,603,exact
1717,Central Falls,Rhode Island,RI,23034,41.88826,-71.39453,401,near
1718,Garden City,New York,NY,22993,40.72452,-73.64872,516,exact
1719,Terrell,Texas,TX,22977,32.71429,-96.25134,214,near
1720,Hopewell,Virginia,VA,22970,37.28758,-77.29501,804,exact
1721,Rock Springs,Wyoming,WY,22967,41.60596,-109.23005,,
1722,Battle Ground,Washington,WA,22959,45.79067,-122.53185,360,near
1723,Portsmouth,New Hampshire,NH,22938,43.06652,-70.78041,603,exact
1724,Prairie Village,Kansas,KS,22919,38.99681,-94.63151,913,exact
1725,North Ogden,Utah,UT,22908,,,,
1726,Alton,Texas,TX,22907,,,,
1727,Sunny Isles Beach,Florida,FL,22903,,,,
1728,Roselle,Illinois,IL,22871,41.97983,-88.08570,331 630,exact
1729,Machesney Park,Illinois,IL,22839,42.34722,-89.03889,779 815,exact
1730,Columbus,Mississippi,MS,22820,33.53770,-88.42619,662,exact
1731,Shelby,North Carolina,NC,22778,35.34707,-81.58157,704,near
1732,Lino Lakes,Minnesota,MN,22774,,,,
1733,West Chester,Pennsylvania,PA,22758,39.98446,-75.59623,484 610,exact
1734,Shafter,California,CA,22754,35.49699,-119.28007,661,near
1735,Boerne,Texas,TX,22712,29.77774,-98.71341,210,near
1736,Secaucus,New Jersey,NJ,22710,40.79101,-74.06342,201 551 908 862 973,near
1737,Radcliff,Kentucky,KY,22706,37.84028,-85.94917,270 364,exact
1738,Greenwood,South Carolina,SC,22667,34.17580,-82.15621,864,exact
1739,Christiansburg,Virginia,VA,22632,37.12972,-80.40917,540,near
1740,Corcoran,California,CA,22627,36.08646,-119.56067,559,near
1741,Acworth,Georgia,GA,22624,34.06583,-84.67694,678 770,near
1742,Bloomingdale,Illinois,IL,22622,41.94827,-88.07824,331 630,exact
1743,Watertown,Wisconsin,WI,22617,43.19472,-88.72889,920,exact
1744,Altoona,Iowa,IA,22598,41.64755,-93.47241,515,near
1745,Oxford,Ohio,OH,22585,39.50384,-84.73852,513,exact
1746,Middleton,Wisconsin,WI,22566,43.10520,-89.50726,608,near
1747,Laguna Beach,California,CA,22564,33.54293,-117.77235,949,exact
1748,North Platte,Nebraska,NE,22549,41.13260,-100.77463,308,exact
1749,Big Spring,Texas,TX,22541,32.24177,-101.46752,432,exact
1750,Seymour,Indiana,IN,22524,38.95713,-85.88248,812,near
1751,Carlisle,Pennsylvania,PA,22517,40.20388,-77.19953,717,near
1752,Hastings,Minnesota,MN,22502,44.71893,-92.86257,651,near
1753,Sanford,Maine,ME,22497,43.42854,-70.75848,207,near
1754,Clemmons,North Carolina,NC,22471,36.03411,-80.39623,336 743,near
1755,La Porte,Indiana,IN,22444,41.59944,-86.70765,219,near
1756,Evans,Colorado,CO,22394,40.38025,-104.69710,970,near
1757,New Brighton,Minnesota,MN,22374,,,651,exact
1758,Biddeford,Maine,ME,22370,43.48365,-70.47193,207,exact
1759,Columbia Heights,Minnesota,MN,22358,,,,
1760,Snellville,Georgia,GA,22336,33.80390,-84.03970,678 770 404,near
1761,Ruston,Louisiana,LA,22330,32.53082,-92.64393,318,exact
1762,Sedalia,Missouri,MO,22310,38.69608,-93.23227,660,exact
1763,Zephyrhills,Florida,FL,22304,28.23330,-82.18130,813,near
1764,Bryant,Arkansas,AR,22271,34.60679,-92.49201,501,near
1765,Calabasas,California,CA,22256,34.14185,-118.66410,747 818,exact
1766,Carbondale,Illinois,IL,22223,37.71999,-89.21576,618,exact
1767,Helena,Alabama,AL,22200,33.31698,-86.81379,205,near
1768,Birmingham,Michigan,MI,22198,42.54440,-83.21326,248 947 586 313 231 734 517,near
1769,Harrison,New Jersey,NJ,22182,40.74754,-74.15587,862 973 201 551 908 732 848,near
1770,Klamath Falls,Oregon,OR,22174,42.22960,-121.78697,458,near
1771,Stephenville,Texas,TX,22147,32.22137,-98.22241,682,near
1772,Bonney Lake,Washington,WA,22145,47.18191,-122.17389,253,near
1773,Imperial,California,CA,22102,32.84695,-115.57298,442 760,near
1774,Oxford,Alabama,AL,22088,33.59683,-85.83347,256,near
1775,Bartow,Florida,FL,22084,27.89566,-81.81268,863,near
1776,Crystal,Minnesota,MN,22082,,,612,exact
1777,Junction City,Kansas,KS,22053,39.02991,-96.83955,785,near
1778,Clarksville,Indiana,IN,22041,38.53727,-85.52444,812 930,exact
1779,East Peoria,Illinois,IL,22024,40.67312,-89.55141,309,exact
1780,Villa Park,Illinois,IL,22020,41.87990,-87.97825,331 630,exact
1781,Darien,Illinois,IL,22015,41.75194,-87.97389,331 630,exact
1782,Tavares,Florida,FL,22007,28.80103,-81.73405,321,near
1783,Lebanon,Ohio,OH,21995,39.44205,-84.21875,513 937,near
1784,Hanahan,South Carolina,SC,21983,,,,
1785,East Ridge,Tennessee,TN,21970,,,423,exact
1786,Howard,Wisconsin,WI,21961,,,,
1787,Arlington,Washington,WA,21959,48.18293,-122.11213,360 425,near
1788,Montgomery,Illinois,IL,21957,41.71774,-88.33196,331 630 312 773 779 815,near
1789,Lynn Haven,Florida,FL,21954,30.23616,-85.64666,850,near
1790,Dickinson,Texas,TX,21941,29.46603,-95.03450,281 346 713 832 409,near
1791,West St. Paul,Minnesota,MN,21920,,,,
1792,Lindenwold,New Jersey,NJ,21919,,,,
1793,North Liberty,Iowa,IA,21904,41.74432,-91.60612,319,near
1794,Willmar,Minnesota,MN,21892,45.13926,-95.05231,320,near
1795,Yucca Valley,California,CA,21858,34.15594,-116.43131,442,near
1796,Marquette,Michigan,MI,21845,46.53124,-87.38944,,
1797,Knightdale,North Carolina,NC,21829,35.77893,-78.48981,919 984,near
1798,Blue Island,Illinois,IL,21805,41.65819,-87.67946,708,exact
1799,Pleasant Prairie,Wisconsin,WI,21802,42.52770,-87.88570,262,near
1800,Chillicothe,Ohio,OH,21769,39.33800,-82.98949,220 740,exact
1801,American Canyon,California,CA,21742,38.17500,-122.25972,707 925 510,near
1802,South Burlington,Vermont,VT,21713,44.45132,-73.17962,802,exact
1803,Mountain Brook,Alabama,AL,21701,,,205,exact
1804,Cudahy,California,CA,21694,,,323,exact
1805,St. Michael,Minnesota,MN,21681,,,,
1806,Elmwood Park,New Jersey,NJ,21680,40.90690,-74.12090,862 973 201 551 908,near
1807,Montrose,Colorado,CO,21646,38.46783,-107.87518,970,near
1808,Tukwila,Washington,WA,21636,,,,
1809,Milwaukie,Oregon,OR,21620,,,503 971,exact
1810,Covington,Washington,WA,21567,,,,
1811,Alliance,Ohio,OH,21523,40.91584,-81.11819,234 330,exact
1812,Manor,Texas,TX,21500,30.33882,-97.53230,512 737,near
1813,Pascagoula,Mississippi,MS,21476,30.53030,-88.51647,228,exact
1814,Rocky River,Ohio,OH,21468,41.46940,-81.85125,440,exact
1815,Culpeper,Virginia,VA,21464,38.48115,-78.00406,571,near
1816,Republic,Missouri,MO,21392,37.12302,-93.48004,417,near
1817,Westbrook,Maine,ME,21386,43.68427,-70.35803,207,near
1818,Gardner,Massachusetts,MA,21381,42.57405,-71.98980,351 978,exact
1819,South Euclid,Ohio,OH,21363,,,216,exact
1820,New Castle,Pennsylvania,PA,21332,40.99222,-80.32845,724 878,exact
1821,Port Hueneme,California,CA,21325,34.16257,-119.19732,805,exact
1822,Sweetwater,Florida,FL,21321,,,,
1823,Northfield,Minnesota,MN,21316,44.45872,-93.16683,507 651,near
1824,Mineola,New York,NY,21305,40.74693,-73.63976,516 347 718 917 929 631 914,near
1825,Mukilteo,Washington,WA,21299,47.91990,-122.30191,425 360 206,near
1826,Del City,Oklahoma,OK,21272,,,405,exact
1827,Golden Valley,Minnesota,MN,21263,,,612,exact
1828,Grayslake,Illinois,IL,21262,42.34848,-88.03779,224 847 779 815,near
1829,South Lake Tahoe,California,CA,21225,38.91698,-119.98647,530,exact
1830,Hays,Kansas,KS,21213,38.87805,-99.32013,785,exact
1831,Fort Walton Beach,Florida,FL,21188,30.44730,-86.62749,850,exact
1832,Geneva,Illinois,IL,21168,41.88601,-88.31095,331 630 312 773 224 847,near
1833,Frankfort,Illinois,IL,21160,41.50936,-87.82477,708 779 815,near
1834,Highland,Utah,UT,21146,,,,
1835,Anniston,Alabama,AL,21127,33.65390,-85.83815,256,exact
1836,Murphy,Texas,TX,21109,,,,
1837,Mount Pleasant,Michigan,MI,21090,43.60250,-84.77520,989,exact
1838,Carrboro,North Carolina,NC,21079,35.91241,-79.08183,919 984,near
1839,Ashland,Kentucky,KY,21066,38.44304,-82.70271,606,exact
1840,Saco,Maine,ME,21064,43.52095,-70.45463,207,near
1841,Hyattsville,Maryland,MD,21052,38.95063,-76.93465,240 301 410 443 667,near
1842,Greenfield,California,CA,21042,36.32018,-121.24507,831,near
1843,Arnold,Missouri,MO,21036,38.43048,-90.38705,314 636,near
1844,Tullahoma,Tennessee,TN,21035,35.35841,-86.22069,615,near
1845,Germantown,Wisconsin,WI,21032,43.21887,-88.11651,262 414,near
1846,Park Forest,Illinois,IL,21016,41.47406,-87.68287,708,exact
1847,Ellensburg,Washington,WA,20996,46.99963,-120.51627,509,near
1848,East Moline,Illinois,IL,20995,41.51180,-90.43212,309,exact
1849,Mill Creek,Washington,WA,20993,47.86028,-122.20306,425 206 360,near
1850,Angleton,Texas,TX,20979,29.18105,-95.44666,979,near
1851,Piqua,Ohio,OH,20940,40.14862,-84.25305,937,exact
1852,Ashland,Oregon,OR,20935,42.18851,-122.69303,458 541,near
1853,Pleasantville,New Jersey,NJ,20924,39.40152,-74.55236,609,near
1854,Durant,Oklahoma,OK,20908,34.00609,-96.38470,580,near
1855,Shelbyville,Indiana,IN,20845,39.50434,-85.78751,317,near
1856,Elko,Nevada,NV,20822,40.82625,-115.72468,,
1857,Louisville,Colorado,CO,20811,39.97894,-105.14556,303 720,near
1858,North Myrtle Beach,South Carolina,SC,20798,33.82280,-78.67792,843 854,exact
1859,Kingsland,Georgia,GA,20789,30.79768,-81.70748,912,near
1860,South Holland,Illinois,IL,20775,41.59792,-87.59381,708,exact
1861,New Hope,Minnesota,MN,20745,,,763,exact
1862,Morristown,New Jersey,NJ,20732,40.79524,-74.48729,862 973,exact
1863,Murrysville,Pennsylvania,PA,20729,40.44667,-79.68415,412 724 878,near
1864,Portland,Texas,TX,20725,27.89355,-97.31693,361,near
1865,Baldwin,Pennsylvania,PA,20712,,,,
1866,Forest Lake,Minnesota,MN,20700,45.26850,-92.97489,651 763,near
1867,Dolton,Illinois,IL,20697,41.62572,-87.59795,708,exact
1868,Alamo,Texas,TX,20694,26.19058,-98.11644,956,near
1869,Lynbrook,New York,NY,20684,40.65711,-73.67414,516 347 718 917 929 631,near
1870,Westminster,Maryland,MD,20662,39.55565,-76.99404,410 443 667,near
1871,Rolla,Missouri,MO,20660,37.94853,-91.76035,573,near
1872,Painesville,Ohio,OH,20660,41.71401,-81.24366,440,near
1873,Auburndale,Florida,FL,20659,28.07244,-81.81223,863,near
1874,Mebane,North Carolina,NC,20654,36.09786,-79.27190,336 743,near
1875,Libertyville,Illinois,IL,20643,42.28100,-87.94996,224 847,exact
1876,Johnstown,Colorado,CO,20639,40.33553,-104.92356,303 720 970,near
1877,Winder,Georgia,GA,20628,33.99854,-83.71147,678,near
1878,Claremore,Oklahoma,OK,20602,36.32421,-95.59854,539,near
1879,South St. Paul,Minnesota,MN,20590,,,,
1880,Sulphur,Louisiana,LA,20572,30.21900,-93.36391,337,exact
1881,Pittsburg,Kansas,KS,20547,37.41316,-94.70225,,
1882,Parma Heights,Ohio,OH,20524,,,440,exact
1883,Palisades Park,New Jersey,NJ,20520,40.84624,-73.99544,201 551 908 862 973,near
1884,Crowley,Texas,TX,20483,32.58140,-97.37031,682 817,near
1885,Sherwood,Oregon,OR,20441,45.35142,-122.85672,503 971,near
1886,Bethany,Oklahoma,OK,20421,35.50431,-97.63986,405,exact
1887,Fayetteville,Georgia,GA,20419,33.44805,-84.46359,678 770 404,near
1888,Punta Gorda,Florida,FL,20416,26.91516,-82.05317,941,exact
1889,Lockport,New York,NY,20394,43.15999,-78.69234,716,near
1890,Sidney,Ohio,OH,20392,40.28736,-84.16222,937,exact
1891,Zachary,Louisiana,LA,20370,30.65613,-91.13584,225,near
1892,Gallup,New Mexico,NM,20339,35.50648,-108.74135,505,exact
1893,Harrisburg,North Carolina,NC,20335,35.32473,-80.65940,704 980,near
1894,Sand Springs,Oklahoma,OK,20330,36.13414,-96.14260,539 918,near
1895,Brigham City,Utah,UT,20319,41.50792,-112.01518,435,near
1896,Dixon,California,CA,20296,38.45869,-121.81583,530 707,near
1897,Phoenixville,Pennsylvania,PA,20286,40.12670,-75.52719,484 610,near
1898,Universal City,Texas,TX,20267,29.55161,-98.30674,210 830,near
1899,Adrian,Michigan,MI,20259,41.90052,-84.04456,517,exact
1900,Miamisburg,Ohio,OH,20253,39.63209,-84.26748,937 513,near
1901,Cullman,Alabama,AL,20239,34.17615,-86.82978,256,near
1902,South Milwaukee,Wisconsin,WI,20233,42.91047,-87.86463,414,exact
1903,Crest Hill,Illinois,IL,20223,41.56624,-88.11692,779 815 331 630 708,near
1904,La Marque,Texas,TX,20194,29.36760,-94.97416,409 281 346 713 832,near
1905,Monroe,Michigan,MI,20177,41.92751,-83.40485,734,near
1906,Erlanger,Kentucky,KY,20172,39.00824,-84.59775,859,near
1907,Naples,Florida,FL,20168,26.13770,-81.79660,239,exact
1908,Golden,Colorado,CO,20151,39.73055,-105.19153,303 720,near
1909,Ypsilanti,Michigan,MI,20150,42.23254,-83.63362,734,exact
1910,Holly Springs,Georgia,GA,20133,34.17389,-84.50139,678 770,near
1911,Seagoville,Texas,TX,20124,32.65252,-96.55797,214 469 972,near
1912,St. Marys,Georgia,GA,20119,,,,
1913,Port Angeles,Washington,WA,20112,48.10649,-123.43844,360,near
1914,Conyers,Georgia,GA,20111,33.69470,-84.01520,678 770 404,near
1915,Villa Rica,Georgia,GA,20095,33.71729,-84.92970,678 770,near
1916,Ammon,Idaho,ID,20095,,,,
1917,Boone,North Carolina,NC,20080,36.21424,-81.66603,828,near
1918,Siloam Springs,Arkansas,AR,20075,36.17997,-94.52804,479,near
1919,El Reno,Oklahoma,OK,20041,35.53347,-97.95909,405,near
1920,Forest Park,Ohio,OH,20033,,,,
1921,Vicksburg,Mississippi,MS,20032,32.32582,-90.85065,601 769,exact
1922,Hawthorne,New Jersey,NJ,20006,40.95636,-74.15690,201 551 862 973 908,near
1923,Oconomowoc,Wisconsin,WI,20002,43.10950,-88.48623,920 262,near
1924,Warrensburg,Missouri,MO,19998,38.76669,-93.72734,660,near
1925,Sartell,Minnesota,MN,19979,45.63183,-94.21357,320,near
1926,Nogales,Arizona,AZ,19965,31.37697,-110.94351,520,exact
1927,Lake Zurich,Illinois,IL,19960,42.19672,-88.07030,224 847 779 815 331 630,near
1928,Panama City Beach,Florida,FL,19955,30.19462,-85.79198,850,near
1929,Lebanon,Oregon,OR,19950,44.53156,-122.88206,458 541,near
1930,Whitehall,Ohio,OH,19940,,,,
1931,Monroe,Washington,WA,19927,47.85853,-121.94738,425,near
1932,Mokena,Illinois,IL,19915,41.53421,-87.89112,708 779 815 331 630,near
1933,Cocoa,Florida,FL,19909,28.36718,-80.74645,321,near
1934,Los Lunas,New Mexico,NM,19907,34.78061,-106.71154,505,near
1935,Lexington,North Carolina,NC,19904,35.82306,-80.26205,704,near
1936,Onalaska,Wisconsin,WI,19898,43.89739,-91.23142,608,near
1937,Mayfield Heights,Ohio,OH,19886,,,,
1938,Springfield,Tennessee,TN,19842,36.50182,-86.87690,615,near
1939,Lomita,California,CA,19841,33.79334,-118.31693,310 424,exact
1940,Richmond Hill,Georgia,GA,19839,31.89615,-81.29403,912,near
1941,Sheridan,Wyoming,WY,19813,44.78486,-106.96479,,
1942,Durango,Colorado,CO,19811,37.28739,-107.86168,,
1943,Broadview Heights,Ohio,OH,19792,41.32907,-81.68088,440 216 234 330,near
1944,Mamaroneck,New York,NY,19783,40.95248,-73.73504,914 516 347 718 917 929,near
1945,Harvey,Illinois,IL,19781,41.60854,-87.66111,708,exact
1946,Maitland,Florida,FL,19776,28.63128,-81.35460,321 407,near
1947,Plattsburgh,New York,NY,19758,44.69271,-73.46597,,
1948,Glenn Heights,Texas,TX,19752,,,,
1949,Hermiston,Oregon,OR,19746,45.84499,-119.28488,,
1950,Brenham,Texas,TX,19728,30.17736,-96.40277,979,near
1951,Oregon,Ohio,OH,19726,41.64184,-83.47137,419 567,near
1952,Oroville,California,CA,19712,39.53297,-121.57840,530,near
1953,Minneola,Florida,FL,19675,28.57417,-81.74639,321 407,near
1954,Coolidge,Arizona,AZ,19674,32.95740,-111.53438,520,near
1955,Arvin,California,CA,19661,35.19663,-118.83360,661,near
1956,Springboro,Ohio,OH,19646,39.56298,-84.22877,937 513,near
1957,Lake Forest,Illinois,IL,19642,42.23740,-87.84815,224 847,exact
1958,Powder Springs,Georgia,GA,19632,33.85944,-84.68389,678 770,near
1959,Lackawanna,New York,NY,19629,,,,
1960,La Cañada Flintridge,California,CA,19621,,,747 818,exact
1961,Calhoun,Georgia,GA,19592,34.49646,-84.93454,706,near
1962,Palestine,Texas,TX,19583,31.75875,-95.63416,903,near
1963,Orinda,California,CA,19573,37.87866,-122.17285,925 510 707,near
1964,Stuart,Florida,FL,19566,27.19683,-80.25379,772,near
1965,Point Pleasant,New Jersey,NJ,19565,,,,
1966,Maumelle,Arkansas,AR,19541,34.84909,-92.40589,501,near
1967,Kinston,North Carolina,NC,19519,35.27833,-77.58597,252,exact
1968,Clive,Iowa,IA,19508,41.60673,-93.74575,515,near
1969,Twinsburg,Ohio,OH,19504,41.32885,-81.45591,440 234 330 216,near
1970,Madisonville,Kentucky,KY,19502,37.32555,-87.49533,270,near
1971,Hopkins,Minnesota,MN,19462,44.92500,-93.46250,952 612 763,near
1972,Norwood,Ohio,OH,19455,,,513,exact
1973,Albany,California,CA,19439,37.89005,-122.29539,510 925 707 415 628,near
1974,Tinton Falls,New Jersey,NJ,19435,,,,
1975,Ferndale,Michigan,MI,19431,42.45856,-83.13626,248 947,exact
1976,Agoura Hills,California,CA,19429,34.15716,-118.75718,747 818,exact
1977,Plainview,Texas,TX,19429,34.19619,-101.72590,806,exact
1978,Winchester,Kentucky,KY,19413,37.98716,-84.17889,859,near
1979,Firestone,Colorado,CO,19396,40.11250,-104.93611,303 720,near
1980,Seminole,Florida,FL,19395,27.84380,-82.79470,727,near
1981,Bluffdale,Utah,UT,19393,,,,
1982,Stillwater,Minnesota,MN,19386,45.05001,-92.83003,651,near
1983,Red Oak,Texas,TX,19365,32.51610,-96.82034,214 469 972,near
1984,Fox Crossing,Wisconsin,WI,19362,,,,
1985,North Aurora,Illinois,IL,19329,41.80893,-88.32742,331 630,exact
1986,Graham,North Carolina,NC,19311,36.03097,-79.38138,336 743,near
1987,Manvel,Texas,TX,19309,29.46938,-95.35033,281 346 713 832,near
1988,Forest Park,Georgia,GA,19301,33.62111,-84.36583,404 678 770,exact
1989,Evergreen Park,Illinois,IL,19301,41.72160,-87.70260,708,exact
1990,Orange,Texas,TX,19275,30.12517,-93.77188,409,near
1991,Rutherford,New Jersey,NJ,19214,40.82925,-74.11215,862 973 201 551 908,near
1992,Eloy,Arizona,AZ,19199,32.75093,-111.58328,520,near
1993,Ansonia,Connecticut,CT,19195,41.34271,-73.07421,203,near
1994,Chowchilla,California,CA,19191,37.10137,-120.26908,559,near
1995,Liberal,Kansas,KS,19184,37.04379,-100.92857,620,near
1996,Augusta,Maine,ME,19168,44.32323,-69.76655,207,exact
1997,Farmington,Missouri,MO,19165,37.77730,-90.40938,314,near
1998,Newburyport,Massachusetts,MA,19163,42.81296,-70.88467,351 978,near
1999,Lake St. Louis,Missouri,MO,19160,,,,
2000,Lansdale,Pennsylvania,PA,19154,40.23778,-75.29551,484 610,near
2001,Deerfield,Illinois,IL,19138,42.17049,-87.85903,224 847 331 630,near
2002,Central Point,Oregon,OR,19128,42.38991,-122.92224,458 541,near
2003,Port Orchard,Washington,WA,19122,47.50484,-122.61528,360 206,near
2004,South El Monte,California,CA,19121,34.05568,-118.04438,626,exact
2005,Sylvania,Ohio,OH,19102,41.70799,-83.70682,419 567,near
2006,Centralia,Washington,WA,19061,46.72463,-122.96707,360,near
2007,Lakeway,Texas,TX,19056,,,,
2008,Gautier,Mississippi,MS,19055,30.39803,-88.64117,228,near
2009,Martinsburg,West Virginia,WV,19047,39.45996,-77.95892,,
2010,Heber,Utah,UT,19042,,,,
2011,Youngsville,Louisiana,LA,19038,30.09750,-92.00963,337,near
2012,Wildwood,Florida,FL,19031,28.84535,-82.03473,352,near
2013,Elizabeth City,North Carolina,NC,19028,36.30190,-76.22360,,
2014,Pinecrest,Florida,FL,18981,,,,
2015,Marshfield,Wisconsin,WI,18973,44.66880,-90.17160,715,near
2016,Sycamore,Illinois,IL,18968,41.99112,-88.69281,779 815,near
2017,Ocean Springs,Mississippi,MS,18954,30.44043,-88.78010,228,near
2018,Dover,New Jersey,NJ,18909,40.88722,-74.55970,862 973 908,near
2019,Norcross,Georgia,GA,18902,33.93920,-84.20530,678 770 404,near
2020,West Mifflin,Pennsylvania,PA,18902,40.36653,-79.89429,412 878,exact
2021,Brookfield,Illinois,IL,18885,41.82167,-87.84925,708 331 630 224 847,near
2022,Lumberton,North Carolina,NC,18882,34.62930,-79.00831,910,exact
2023,Mount Washington,Kentucky,KY,18863,38.04521,-85.55863,502,near
2024,West Richland,Washington,WA,18820,46.30444,-119.36028,509,exact
2025,Homewood,Illinois,IL,18789,41.55558,-87.66158,708,near
2026,Prichard,Alabama,AL,18778,,,251,exact
2027,Ottawa,Illinois,IL,18775,41.35262,-88.84159,779,near
2028,Brownwood,Texas,TX,18772,31.70466,-98.97516,325,near
2029,Ashland,Ohio,OH,18770,40.85589,-82.31893,419 567,exact
2030,Arcata,California,CA,18748,40.86667,-124.08167,707,near
2031,Winthrop Town,Massachusetts,MA,18739,,,,
2032,Mount Holly,North Carolina,NC,18723,35.31187,-81.03057,704 980,near
2033,Hermosa Beach,California,CA,18687,33.86431,-118.39551,310 424 323 562,near
2034,Santa Fe Springs,California,CA,18683,33.94641,-118.08380,562 323 626 657 714 310 424 213,near
2035,Wisconsin Rapids,Wisconsin,WI,18675,44.37580,-89.80623,715,near
2036,Colonial Heights,Virginia,VA,18674,37.26997,-77.40383,804,near
2037,Pinole,California,CA,18663,37.99690,-122.28748,510 707 925 415 628,near
2038,Round Lake,Illinois,IL,18654,42.36681,-88.08882,224 847 779 815,near
2039,Cumberland,Maryland,MD,18643,39.65040,-78.75740,240 301,exact
2040,Buford,Georgia,GA,18642,34.13130,-84.02670,678 770,near
2041,Bensenville,Illinois,IL,18629,41.95360,-87.93500,331 630,exact
2042,Clemson,South Carolina,SC,18610,34.68306,-82.82500,864,near
2043,Dumont,New Jersey,NJ,18606,40.94469,-73.99214,201 551 862 973 908,near
2044,Thomasville,Georgia,GA,18604,30.86650,-83.92330,229,near
2045,Murray,Kentucky,KY,18567,36.60992,-88.30325,270,near
2046,Matteson,Illinois,IL,18566,41.51018,-87.74065,708,near
2047,Altus,Oklahoma,OK,18543,34.64841,-99.32048,580,exact
2048,Hernando,Mississippi,MS,18542,34.80959,-90.00949,662,near
2049,Creve Coeur,Missouri,MO,18533,,,,
2050,Calera,Alabama,AL,18530,33.10980,-86.75599,205,near
2051,Cohoes,New York,NY,18530,42.77536,-73.71236,518,near
2052,Shorewood,Illinois,IL,18522,41.50740,-88.21689,779 815 331 630,near
2053,Pinehurst,North Carolina,NC,18502,35.19528,-79.46972,919,near
2054,Pataskala,Ohio,OH,18493,40.00093,-82.66866,614 220 740,near
2055,Alsip,Illinois,IL,18486,41.67230,-87.73390,708 331 630,near
2056,Aberdeen,Maryland,MD,18451,39.51089,-76.18054,410 443 667,near
2057,Menasha,Wisconsin,WI,18433,44.21116,-88.41754,920,near
2058,West Columbia,South Carolina,SC,18418,33.99502,-81.08884,803,exact
2059,Tallmadge,Ohio,OH,18412,41.09749,-81.42597,234 330,near
2060,Santaquin,Utah,UT,18394,39.98036,-111.79382,385 801,near
2061,Kaukauna,Wisconsin,WI,18363,44.29561,-88.27169,920,near
2062,Moncks Corner,South Carolina,SC,18359,33.16307,-80.03658,843 854,near
2063,Newton,Kansas,KS,18320,38.04507,-97.34346,316,near
2064,Weirton,West Virginia,WV,18317,40.41367,-80.56831,304 681,exact
2065,Gainesville,Texas,TX,18295,33.62594,-97.10321,903,near
2066,Lenoir,North Carolina,NC,18280,35.91389,-81.53917,828,near
2067,Mount Dora,Florida,FL,18261,28.80222,-81.64472,321 407,near
2068,Arroyo Grande,California,CA,18249,35.11449,-120.57289,805,near
2069,Niles,Ohio,OH,18238,41.18241,-80.75577,234 330,exact
2070,Sevierville,Tennessee,TN,18231,35.84519,-83.53862,865,near
2071,Star,Idaho,ID,18208,43.70130,-116.49674,208,near
2072,Lemont,Illinois,IL,18203,41.69508,-88.02356,331 630 779 815 708,near
2073,Sunland Park,New Mexico,NM,18185,31.80240,-106.57820,575,near
2074,Amsterdam,New York,NY,18169,42.94882,-74.18393,518,near
2075,Logansport,Indiana,IN,18168,40.76038,-86.35989,765,near
2076,Nederland,Texas,TX,18168,29.97161,-94.00119,409,near
2077,Albert Lea,Minnesota,MN,18159,43.65368,-93.37067,507,near
2078,Anacortes,Washington,WA,18148,48.50044,-122.63087,360,near
2079,Brook Park,Ohio,OH,18142,41.39794,-81.81181,216,exact
2080,Bellwood,Illinois,IL,18132,41.88248,-87.87856,708,exact
2081,New Port Richey,Florida,FL,18130,28.23257,-82.73272,727 813,near
2082,Manchester,Missouri,MO,18122,,,,
2083,Franklin Park,Illinois,IL,18110,41.93388,-87.87342,708 331 630 224 847,near
2084,McAlester,Oklahoma,OK,18108,34.92623,-95.75917,539,near
2085,Southbridge Town,Massachusetts,MA,18106,,,,
2086,Hope Mills,North Carolina,NC,18102,34.95356,-78.93536,910,near
2087,White Settlement,Texas,TX,18099,,,,
2088,Bourbonnais,Illinois,IL,18083,41.16612,-87.87902,779 815,near
2089,Anoka,Minnesota,MN,18068,45.23854,-93.40782,763 218 612,near
2090,Fairmont,West Virginia,WV,18063,39.47268,-80.14604,304 681,near
2091,Shelbyville,Kentucky,KY,18048,38.21622,-85.22427,502,near
2092,Ferguson,Missouri,MO,18043,,,314,exact
2093,Scarsdale,New York,NY,18036,40.98837,-73.79757,914 347 718 917 929 516 845,near
2094,Coronado,California,CA,18031,32.68069,-117.16982,619,exact
2095,Cary,Illinois,IL,18031,42.21960,-88.24259,779 815 224 847 331 630,near
2096,Steubenville,Ohio,OH,18029,40.37064,-80.66115,234,near
2097,Canby,Oregon,OR,18027,45.25142,-122.68322,503 971,near
2098,Palos Hills,Illinois,IL,18026,41.70039,-87.82628,708 331 630 779 815,near
2099,Rancho Mirage,California,CA,18001,33.76428,-116.42245,442 760,near
2100,Berea,Ohio,OH,17998,41.36756,-81.86176,216 440 234 330,near
2101,Aurora,Ohio,OH,17985,41.32093,-81.36042,440 234 330 216,near
2102,Trenton,Michigan,MI,17957,42.13430,-83.21814,734 313,near
2103,Washougal,Washington,WA,17944,45.59592,-122.31040,360,near
2104,Frederick,Colorado,CO,17937,40.09917,-104.93667,303 720,near
2105,Niceville,Florida,FL,17919,30.49577,-86.41446,850,near
2106,Dallas,Oregon,OR,17911,44.92253,-123.31999,503 971,near
2107,Streetsboro,Ohio,OH,17877,41.24910,-81.33830,234 330 440,near
2108,Taylor,Texas,TX,17872,30.58071,-97.44010,512 737,near
2109,Takoma Park,Maryland,MD,17856,38.98321,-77.00071,240 301,near
2110,Johnstown,Pennsylvania,PA,17853,40.32596,-78.91408,814,exact
2111,Grovetown,Georgia,GA,17843,33.47662,-82.24094,706 762,near
2112,Kirksville,Missouri,MO,17841,40.19076,-92.58563,,
2113,Morganton,North Carolina,NC,17825,35.73458,-81.70422,828,near
2114,East St. Louis,Illinois,IL,17808,,,,
2115,St. Matthews,Kentucky,KY,17806,,,,
2116,River Falls,Wisconsin,WI,17802,44.85501,-92.63128,715,near
2117,Jacksonville,Illinois,IL,17801,39.72927,-90.23624,217,near
2118,Lake Wales,Florida,FL,17798,27.90373,-81.54881,863,near
2119,Ashtabula,Ohio,OH,17775,41.86788,-80.79468,440,exact
2120,South Ogden,Utah,UT,17749,,,385 801,exact
2121,Troy,Alabama,AL,17734,31.75670,-85.99930,334,near
2122,Tiffin,Ohio,OH,17729,41.12382,-83.18436,419,near
2123,Cudahy,Wisconsin,WI,17704,42.94898,-87.86198,414 262,near
2124,North Canton,Ohio,OH,17677,40.88992,-81.41346,234 330,exact
2125,Greenfield,Massachusetts,MA,17633,42.60122,-72.60185,413,near
2126,Amesbury,Massachusetts,MA,17617,42.85588,-70.93668,351 978,near
2127,Stallings,North Carolina,NC,17617,,,,
2128,Godfrey,Illinois,IL,17610,38.94604,-90.20602,618,near
2129,Lebanon,Indiana,IN,17608,40.04489,-86.46407,317,near
2130,Hinsdale,Illinois,IL,17598,41.78910,-87.94009,331 630 708 779 815 224 847 312 773,near
2131,Alice,Texas,TX,17595,27.74317,-98.08362,361,near
2132,Danville,Kentucky,KY,17562,37.64652,-84.77470,859,near
2133,Morton,Illinois,IL,17557,40.61477,-89.46045,309,near
2134,Vero Beach,Florida,FL,17556,27.63299,-80.40308,772,near
2135,Stafford,Texas,TX,17555,29.62282,-95.56776,281 346 713 832,near
2136,Mercedes,Texas,TX,17535,26.15133,-97.91850,956,near
2137,Clayton,Missouri,MO,17512,,,,
2138,Laurel,Mississippi,MS,17508,31.70544,-89.13116,601,near
2139,Kerman,California,CA,17497,36.73058,-120.07244,559,near
2140,Portsmouth,Ohio,OH,17489,38.75725,-82.94864,220 740,exact
2141,Wixom,Michigan,MI,17486,42.53404,-83.52849,248 947 734,near
2142,Bay City,Texas,TX,17471,28.98250,-95.96917,979,near
2143,Cortland,New York,NY,17459,42.59517,-76.18568,607,near
2144,Bellaire,Texas,TX,17439,29.70231,-95.46111,281 346 713 832,near
2145,Ashwaubenon,Wisconsin,WI,17437,,,,
2146,Goodlettsville,Tennessee,TN,17433,36.32306,-86.71333,615 629,near
2147,Gulf Shores,Alabama,AL,17431,30.26895,-87.71279,251,near
2148,Eastlake,Ohio,OH,17423,41.64982,-81.44789,440,exact
2149,Muscle Shoals,Alabama,AL,17409,34.75614,-87.63044,256,near
2150,Havelock,North Carolina,NC,17407,34.89675,-76.89004,252,exact
2151,Millbrook,Alabama,AL,17392,32.49948,-86.36413,334,near
2152,Braselton,Georgia,GA,17390,34.13894,-83.78116,678 770,near
2153,Tifton,Georgia,GA,17385,31.45028,-83.50861,229,near
2154,New Castle,Indiana,IN,17382,39.92077,-85.36632,765,near
2155,Easton,Maryland,MD,17381,38.77682,-76.07577,410,near
2156,New Philadelphia,Ohio,OH,17378,40.48454,-81.43583,234,near
2157,Belle Glade,Florida,FL,17363,26.68429,-80.67239,561,near
2158,Charleston,Illinois,IL,17361,39.48693,-88.17611,217,exact
2159,Albemarle,North Carolina,NC,17344,35.35728,-80.20436,704,near
2160,Waterville,Maine,ME,17336,44.54797,-69.63592,207,near
2161,Mount Vernon,Ohio,OH,17329,40.38494,-82.48729,220,near
2162,Blythe,California,CA,17320,33.60571,-114.59713,442,near
2163,Tahlequah,Oklahoma,OK,17319,35.90939,-94.97873,539,near
2164,Laconia,New Hampshire,NH,17310,43.53871,-71.45291,603,near
2165,Chelsea,Alabama,AL,17293,33.37158,-86.61413,205,near
2166,Lady Lake,Florida,FL,17288,28.91720,-81.92300,352,near
2167,Radford,Virginia,VA,17273,37.13582,-80.57172,540,near
2168,Fairburn,Georgia,GA,17267,33.56482,-84.58086,404 678 770,near
2169,Grimes,Iowa,IA,17266,41.70184,-93.78211,515,near
2170,Addison,Texas,TX,17257,32.96167,-96.82889,214 469 972 940 682 817,near
2171,Truckee,California,CA,17240,39.32806,-120.18222,530,near
2172,Iowa Colony,Texas,TX,17240,,,,
2173,New Milford,New Jersey,NJ,17229,40.93312,-74.01952,201 551 862 973 908,near
2174,Long Beach,Mississippi,MS,17217,30.35976,-89.16458,228,near
2175,Fillmore,California,CA,17216,34.40256,-118.90407,805,near
2176,Cañon City,Colorado,CO,17193,,,,
2177,Gretna,Louisiana,LA,17185,29.91081,-90.05312,504,near
2178,Defiance,Ohio,OH,17180,41.27986,-84.36258,419,near
2179,Norwalk,Ohio,OH,17172,41.24031,-82.60785,419 567,near
2180,Lockhart,Texas,TX,17166,29.88676,-97.67692,512,near
2181,Natchitoches,Louisiana,LA,17165,31.76169,-93.09157,318,near
2182,Wayne,Michigan,MI,17129,42.27681,-83.37581,734 313 248 947,near
2183,McKeesport,Pennsylvania,PA,17119,40.34115,-79.81052,412 878,exact
2184,Grandville,Michigan,MI,17094,42.89387,-85.76187,616,near
2185,Longwood,Florida,FL,17089,28.71199,-81.35524,321 407 386,near
2186,Laguna Woods,California,CA,17058,33.60870,-117.73110,949 657 714,near
2187,Cahokia Heights,Illinois,IL,17052,,,,
2188,Oswego,New York,NY,17047,43.44384,-76.49749,315,near
2189,Aberdeen,Washington,WA,17044,46.98429,-123.79629,360,near
2190,Huntington,Indiana,IN,17033,40.88113,-85.50544,765,near
2191,Pendleton,Oregon,OR,17026,45.66054,-118.78310,,
2192,Marion,Illinois,IL,17021,37.72566,-88.92945,618,near
2193,Chickasha,Oklahoma,OK,17014,35.02675,-97.95185,405,near
2194,Andover,Kansas,KS,17000,37.69853,-97.11790,316,near
2195,Lake Mary,Florida,FL,16989,28.75235,-81.33808,321 407 386,near
2196,Southern Pines,North Carolina,NC,16987,35.16975,-79.39568,910,near
2197,Safety Harbor,Florida,FL,16972,28.00961,-82.69666,727 813,near
2198,Jasper,Indiana,IN,16967,38.40439,-86.94079,812,near
2199,Hayden,Idaho,ID,16924,47.77385,-116.77682,208,near
2200,Massapequa Park,New York,NY,16922,40.68067,-73.44445,516 631,near
2201,Fort Thomas,Kentucky,KY,16914,39.07863,-84.45234,859,near
2202,Mountain Home,Idaho,ID,16912,43.13922,-115.69633,208,near
2203,Ham Lake,Minnesota,MN,16905,,,,
2204,Sulphur Springs,Texas,TX,16891,33.13454,-95.59216,903,near
2205,Dickson,Tennessee,TN,16878,36.07601,-87.39953,931,near
2206,Donna,Texas,TX,16876,26.16714,-98.05293,956,near
2207,Groves,Texas,TX,16866,29.94478,-93.91519,409,near
2208,Loganville,Georgia,GA,16862,33.83889,-83.89806,678 770,near
2209,Fairview Park,Ohio,OH,16860,,,,
2210,Grain Valley,Missouri,MO,16859,39.02736,-94.20874,816,near
2211,Wendell,North Carolina,NC,16845,35.79796,-78.39260,919 984,near
2212,Verona,Wisconsin,WI,16825,42.99991,-89.55225,608,near
2213,Hannibal,Missouri,MO,16809,39.70636,-91.38387,636,near
2214,Red Wing,Minnesota,MN,16788,44.55278,-92.54856,651,near
2215,Lynden,Washington,WA,16783,48.93722,-122.45915,360,near
2216,Hugo,Minnesota,MN,16765,45.16280,-93.00349,651 763 218,near
2217,Davenport,Florida,FL,16764,28.22000,-81.62050,321 407 863,near
2218,Payson,Arizona,AZ,16762,34.21978,-111.28777,480,near
2219,Hewitt,Texas,TX,16749,31.45817,-97.19656,254,near
2220,Bellevue,Wisconsin,WI,16749,,,,
2221,Buffalo,Minnesota,MN,16736,45.18137,-93.86348,763,near
2222,Hanover,Pennsylvania,PA,16728,39.79429,-76.98120,717,near
2223,Coalinga,California,CA,16722,36.16244,-120.34893,559,near
2224,Menomonie,Wisconsin,WI,16709,44.87182,-91.92651,715,near
2225,Ferndale,Washington,WA,16706,48.86253,-122.59529,360,near
2226,Moraga,California,CA,16698,37.84365,-122.12418,925 510 707,near
2227,North Arlington,New Jersey,NJ,16694,40.78977,-74.13429,862 973 201 551 908 732 848,near
2228,Milledgeville,Georgia,GA,16664,33.07690,-83.30320,478,near
2229,El Dorado,Arkansas,AR,16657,33.20735,-92.66286,870,exact
2230,Clearlake,California,CA,16636,38.95714,-122.63609,707,near
2231,Manassas Park,Virginia,VA,16611,,,,
2232,Mattoon,Illinois,IL,16602,39.48018,-88.37615,217,near
2233,Crawfordsville,Indiana,IN,16594,40.03252,-86.90742,765,near
2234,Ada,Oklahoma,OK,16578,34.78004,-96.69236,405,near
2235,Chubbuck,Idaho,ID,16577,,,,
2236,Vienna,Virginia,VA,16562,38.89353,-77.25322,571 703,near
2237,Humble,Texas,TX,16561,30.00409,-95.28248,281 346 713 832,near
2238,Centerville,Utah,UT,16560,40.92677,-111.87701,385 801,near
2239,Bridgeview,Illinois,IL,16559,41.74313,-87.80657,708 331 630,near
2240,Madison,New Jersey,NJ,16555,40.75994,-74.41787,908 862 973 732 848 201 551,near
2241,Marco Island,Florida,FL,16554,25.93920,-81.71740,239,near
2242,El Segundo,California,CA,16544,33.92428,-118.41192,310 424 323 213 562,near
2243,La Vista,Nebraska,NE,16543,41.17198,-96.04026,402 531,near
2244,Beckley,West Virginia,WV,16515,37.79321,-81.20608,304,near
2245,Opa-locka,Florida,FL,16507,,,,
2246,Port Royal,South Carolina,SC,16507,32.38421,-80.69278,843 854,near
2247,Vincennes,Indiana,IN,16506,38.67344,-87.50981,812,near
2248,Pampa,Texas,TX,16487,35.53804,-100.95789,806,near
2249,Rye,New York,NY,16463,40.97340,-73.69072,914 516 347 718 917 929,near
2250,White House,Tennessee,TN,16463,36.46005,-86.67052,615 629,near
2251,Jefferson,Georgia,GA,16459,34.10620,-83.57081,706 762,near
2252,Frankfort,Indiana,IN,16459,40.28840,-86.51139,765,near
2253,Saraland,Alabama,AL,16458,30.83320,-88.09339,251,near
2254,Canyon,Texas,TX,16457,34.97722,-101.92471,806,near
2255,Gardendale,Alabama,AL,16444,33.71891,-86.82248,205,near
2256,Beaver Dam,Wisconsin,WI,16443,43.46157,-88.84068,920,near
2257,Pewaukee,Wisconsin,WI,16437,43.07878,-88.27292,262 414,near
2258,Berea,Kentucky,KY,16436,37.57994,-84.27492,859,near
2259,Cedar Lake,Indiana,IN,16404,41.37734,-87.44451,219,near
2260,South River,New Jersey,NJ,16392,40.44436,-74.38010,732 848 908,near
2261,Gatesville,Texas,TX,16388,31.44765,-97.72429,254,near
2262,Waunakee,Wisconsin,WI,16363,43.18183,-89.45317,608,near
2263,Dyer,Indiana,IN,16341,41.49198,-87.51080,219,near
2264,Sunnyside,Washington,WA,16317,46.32127,-120.01263,509,near
2265,Bristol,Virginia,VA,16316,36.61809,-82.18230,,
2266,Westchester,Illinois,IL,16313,41.85237,-87.88449,708 331 630 224 847,near
2267,Selma,Alabama,AL,16312,32.41972,-87.02453,334,exact
2268,Indianola,Iowa,IA,16297,41.35617,-93.57150,515,near
2269,Davidson,North Carolina,NC,16276,35.49917,-80.84889,704 980,near
2270,Monroe,Georgia,GA,16270,33.80814,-83.70722,678,near
2271,Ripon,California,CA,16252,37.75329,-121.12291,209,near
2272,Country Club Hills,Illinois,IL,16238,41.55977,-87.71845,708,near
2273,Mount Pleasant,Texas,TX,16238,33.17331,-94.96946,903,near
2274,Dublin,Georgia,GA,16233,32.54779,-82.90368,478,near
2275,Live Oak,Texas,TX,16218,,,,
2276,Lilburn,Georgia,GA,16210,33.87390,-84.11730,404 678 770,near
2277,Hartselle,Alabama,AL,16201,34.44821,-86.92423,256,near
2278,New Haven,Indiana,IN,16200,41.06986,-85.01173,260,near
2279,Griffith,Indiana,IN,16192,41.53352,-87.42284,219,near
2280,Hueytown,Alabama,AL,16185,,,,
2281,Poplar Bluff,Missouri,MO,16177,36.76624,-90.41665,573,near
2282,South Houston,Texas,TX,16146,29.66010,-95.22582,281 346 713 832,exact
2283,Highland Village,Texas,TX,16137,,,,
2284,Fairview Heights,Illinois,IL,16115,38.59604,-90.00709,618,near
2285,Warsaw,Indiana,IN,16111,41.24377,-85.85078,574,near
2286,Buda,Texas,TX,16090,30.09176,-97.85342,512 737,near
2287,Vineyard,Utah,UT,16077,,,,
2288,Whitewater,Wisconsin,WI,16076,42.82717,-88.74286,608,near
2289,Ukiah,California,CA,16067,39.15192,-123.20069,707,near
2290,Sikeston,Missouri,MO,16062,36.89111,-89.58197,573,near
2291,Belmont,North Carolina,NC,16044,35.24403,-81.04402,704 980,near
2292,St. Augustine,Florida,FL,16033,,,,
2293,Palmview,Texas,TX,16030,,,,
2294,Williamsburg,Virginia,VA,16030,37.26270,-76.70169,757,near
2295,Easthampton,Massachusetts,MA,16020,42.26432,-72.67992,413,near
2296,Hartford,Wisconsin,WI,15984,43.31575,-88.37073,262,near
2297,Greeneville,Tennessee,TN,15979,36.16081,-82.83314,423,near
2298,Elkton,Maryland,MD,15977,39.62643,-75.84584,410,near
2299,Floral Park,New York,NY,15966,40.72359,-73.70576,516 347 718 917 929 914,near
2300,Scottsboro,Alabama,AL,15957,34.67227,-86.05134,256,near
2301,Monroe,Ohio,OH,15950,39.44129,-84.36520,513,near
2302,La Grange,Illinois,IL,15943,41.80134,-87.87525,331 630 708 224 847 779 815,near
2303,Hibbing,Minnesota,MN,15940,47.41560,-92.93558,218,near
2304,Jackson,Missouri,MO,15929,37.38788,-89.65194,573,near
2305,Dyersburg,Tennessee,TN,15915,36.04445,-89.38364,731,near
2306,Bay Village,Ohio,OH,15903,41.48414,-81.92887,440 216,near
2307,Grosse Pointe Woods,Michigan,MI,15897,,,,
2308,The Dalles,Oregon,OR,15884,45.59950,-121.19049,458,near
2309,Westbury,New York,NY,15871,40.75575,-73.57226,516 631 347 718 917 929 914,near
2310,Weston,Wisconsin,WI,15866,,,,
2311,Washington,Illinois,IL,15857,40.69936,-89.44793,309,near
2312,Shively,Kentucky,KY,15850,,,,
2313,Hermitage,Pennsylvania,PA,15839,41.23260,-80.45303,724,near
2314,Douglas,Arizona,AZ,15819,31.35111,-109.54470,520,near
2315,Fremont,Ohio,OH,15814,41.34979,-83.11809,419,near
2316,Nolensville,Tennessee,TN,15809,35.93072,-86.68287,615 629,near
2317,Coos Bay,Oregon,OR,15801,43.36281,-124.23310,458 541,near
2318,Jamestown,North Dakota,ND,15789,46.90590,-98.70613,,
2319,Traverse City,Michigan,MI,15782,44.74365,-85.61887,,
2320,Troutdale,Oregon,OR,15749,45.52540,-122.37387,458 503 541 971,near
2321,Americus,Georgia,GA,15742,32.08810,-84.23620,229,near
2322,Bemidji,Minnesota,MN,15733,47.48807,-94.84881,,
2323,Newton,Iowa,IA,15709,41.69917,-93.04546,641,near
2324,Carthage,Missouri,MO,15703,37.15969,-94.31123,417,near
2325,Mineral Wells,Texas,TX,15688,32.81028,-98.06305,682,near
2326,Grantsville,Utah,UT,15682,40.60054,-112.46177,435,near
2327,Oneonta,New York,NY,15679,42.46245,-75.04907,315,near
2328,Middleburg Heights,Ohio,OH,15672,,,,
2329,Yankton,South Dakota,SD,15670,42.88209,-97.39862,605,near
2330,Artesia,California,CA,15662,33.86657,-118.06805,562 657 714 323 310 424 626,near
2331,Hendersonville,North Carolina,NC,15656,35.31921,-82.49999,828,near
2332,West Park,Florida,FL,15641,,,,
2333,Front Royal,Virginia,VA,15628,38.92678,-78.17962,540,near
2334,Mitchell,South Dakota,SD,15621,43.71092,-98.02703,605,near
2335,Fairview,New Jersey,NJ,15606,40.81699,-73.99997,201 551 908 862 973,near
2336,Center Point,Alabama,AL,15603,,,205,exact
2337,Uvalde,Texas,TX,15589,29.21724,-99.79307,830,near
2338,Thibodaux,Louisiana,LA,15569,29.79921,-90.80961,985,near
2339,Prospect Heights,Illinois,IL,15566,42.10332,-87.91493,224 847 331 630 708,near
2340,Rutland,Vermont,VT,15565,43.61413,-72.97077,802,near
2341,Arlington,Tennessee,TN,15550,35.27517,-89.72950,901,near
2342,Overland,Missouri,MO,15547,,,,
2343,Lebanon,Missouri,MO,15538,37.68505,-92.65503,417,near
2344,Rio Grande City,Texas,TX,15526,26.39419,-98.81044,956,near
2345,Washington,Missouri,MO,15521,38.54585,-91.01935,636,near
2346,Brunswick,Georgia,GA,15520,31.16965,-81.49304,912,near
2347,Monticello,Minnesota,MN,15482,45.27970,-93.80970,763,near
2348,Mount Clemens,Michigan,MI,15480,42.57756,-82.89405,517 586 231 248 947 313,near
2349,Asbury Park,New Jersey,NJ,15473,40.23557,-74.02949,732 848,near
2350,Metuchen,New Jersey,NJ,15470,40.54493,-74.35172,732 848 908 862 973 201 551,near
2351,Tenafly,New Jersey,NJ,15455,40.92160,-73.96591,201 551 862 973 908,near
2352,Eden,North Carolina,NC,15399,36.50000,-79.75900,336,near
2353,Norwalk,Iowa,IA,15396,41.48606,-93.65733,515,near
2354,Phillipsburg,New Jersey,NJ,15393,40.69282,-75.17410,609,near
2355,Lebanon,New Hampshire,NH,15389,43.64222,-72.25222,603,near
2356,Glasgow,Kentucky,KY,15388,36.98819,-85.92205,270,near
2357,Highland Park,New Jersey,NJ,15386,40.49914,-74.42660,732 848 908,near
2358,Cornelius,Oregon,OR,15369,45.52903,-123.04154,503 971,near
2359,Ridgefield,Washington,WA,15359,45.78463,-122.69335,360,near
2360,Berkley,Michigan,MI,15313,42.50276,-83.18868,248 947 586 313 734 231 517,near
2361,Broussard,Louisiana,LA,15312,30.12189,-91.95017,337,near
2362,Covington,Georgia,GA,15302,33.58170,-83.84670,678,near
2363,Bradley,Illinois,IL,15298,41.14538,-87.86011,779 815,near
2364,Beacon,New York,NY,15292,41.50968,-73.96338,845 914,near
2365,Greenwood Village,Colorado,CO,15288,,,,
2366,Deming,New Mexico,NM,15272,32.23181,-107.74656,575,near
2367,Clarksburg,West Virginia,WV,15262,39.27842,-80.34868,304,near
2368,Orange City,Florida,FL,15257,28.94529,-81.29952,386 321 407,near
2369,Warrenville,Illinois,IL,15247,41.82805,-88.19213,331 630 312 773 224 847 779 815,near
2370,Havre de Grace,Maryland,MD,15222,39.55231,-76.11714,410 443 667,near
2371,Opelousas,Louisiana,LA,15176,30.51442,-92.08967,337,exact
2372,Hidalgo,Texas,TX,15164,26.10283,-98.25364,956,near
2373,Castle Pines,Colorado,CO,15162,,,,
2374,Dixon,Illinois,IL,15156,41.84780,-89.48930,779,near
2375,Tomball,Texas,TX,15152,30.07392,-95.62006,281 346 713 832,near
2376,West University Place,Texas,TX,15149,,,,
2377,Laurinburg,North Carolina,NC,15130,34.75987,-79.46732,910,near
2378,Edgewater,New Jersey,NJ,15116,40.83165,-73.97382,201 551 908 862 973,near
2379,Key Biscayne,Florida,FL,15111,25.69210,-80.16248,305 786 321 407 561,near
2380,Antioch,Illinois,IL,15108,42.46481,-88.11780,224 847 779 815,near
2381,La Palma,California,CA,15092,33.84902,-118.04062,562 657 714 323 626 310 424,near
2382,Franklin Park,Pennsylvania,PA,15079,,,,
2383,Chippewa Falls,Wisconsin,WI,15075,44.93220,-91.38438,715,near
2384,Batavia,New York,NY,15071,43.00032,-78.19287,716,near
2385,Hazel Park,Michigan,MI,15064,42.46077,-83.09818,248 947 586 313 517 734 231,near
2386,Dallas,Georgia,GA,15062,33.91631,-84.82779,678 770,near
2387,Athens,Tennessee,TN,15050,35.45739,-84.60426,423,near
2388,Azle,Texas,TX,15046,32.89250,-97.53667,682,near
2389,Hammonton,New Jersey,NJ,15036,39.63888,-74.79073,856,near
2390,Falls Church,Virginia,VA,15034,38.84851,-77.13693,571 703,near
2391,Hudson,Wisconsin,WI,15031,44.98419,-92.72706,715,near
2392,Boulder City,Nevada,NV,15029,35.97271,-114.83441,702 725,near
2393,Smithfield,Utah,UT,15018,41.84033,-111.85281,435,near
2394,Fort Payne,Alabama,AL,15017,34.43679,-85.71239,256,near
2395,Vandalia,Ohio,OH,15013,39.88827,-84.20227,937,near
2396,Ramsey,New Jersey,NJ,15003,41.05774,-74.14447,201 551 862 973,near
2397,Tonawanda,New York,NY,14984,43.00284,-78.85472,716,exact
2398,Troy,Missouri,MO,14963,39.00121,-90.96245,636,near
2399,Harper Woods,Michigan,MI,14936,42.43766,-82.92888,586 313 248 947 517,near
2400,Kenmore,New York,NY,14936,,,,
2401,Alexandria,Minnesota,MN,14914,45.88175,-95.38199,320,near
2402,Depew,New York,NY,14910,42.90497,-78.70405,716,near
2403,Somerton,Arizona,AZ,14902,32.56340,-114.71270,928,near
2404,Gloversville,New York,NY,14894,43.06160,-74.33753,518,near
2405,Middlesex,New Jersey,NJ,14874,40.57588,-74.50083,908 732 848 862 973,near
2406,Port Wentworth,Georgia,GA,14865,,,,
2407,Hereford,Texas,TX,14860,34.83704,-102.40503,806,near
2408,Pacific Grove,California,CA,14851,36.61674,-121.92196,831,near
2409,Shepherdsville,Kentucky,KY,14837,38.00451,-85.68877,502,near
2410,Dumas,Texas,TX,14834,35.88231,-101.96798,806,near
2411,Oldsmar,Florida,FL,14831,28.04603,-82.68478,727 813,near
2412,Norridge,Illinois,IL,14817,,,,
2413,Mapleton,Utah,UT,14812,40.13371,-111.58012,385 801,near
2414,Henderson,North Carolina,NC,14807,36.33007,-78.39809,919,near
2415,Livingston,California,CA,14767,37.37617,-120.71616,209,near
2416,Macomb,Illinois,IL,14765,40.46167,-90.67867,309,near
2417,Moultrie,Georgia,GA,14756,31.17924,-83.76409,229,near
2418,Shiloh,Illinois,IL,14754,,,,
2419,Hopatcong,New Jersey,NJ,14750,40.93898,-74.66163,862 973,near
2420,Hutchinson,Minnesota,MN,14708,44.89455,-94.38469,952,near
2421,Johnson City,New York,NY,14698,42.12668,-75.96849,607,near
2422,Talladega,Alabama,AL,14693,33.43545,-86.11335,256,near
2423,Whitehall,Pennsylvania,PA,14678,40.64748,-75.49538,484 610,near
2424,Newcastle,Oklahoma,OK,14677,35.24527,-97.62157,405,near
2425,Chesterton,Indiana,IN,14655,41.60395,-87.05020,219,near
2426,Jacksonville,Alabama,AL,14651,33.83097,-85.77518,256,near
2427,Worthington,Ohio,OH,14649,,,,
2428,Reidsville,North Carolina,NC,14646,36.34321,-79.66421,336,near
2429,Chatham,Illinois,IL,14639,39.67368,-89.71121,217,near
2430,Jacksonville,Texas,TX,14639,31.96177,-95.27033,903,near
2431,Powell,Ohio,OH,14613,40.15265,-83.07492,614 220 740,near
2432,Morris,Illinois,IL,14587,41.36723,-88.41777,779,near
2433,Bainbridge,Georgia,GA,14586,30.93550,-84.58090,229,near
2434,Riverdale,Georgia,GA,14586,33.55313,-84.40035,404 678 770,near
2435,Greensburg,Pennsylvania,PA,14586,40.30736,-79.54244,412 724 878,near
2436,Roanoke Rapids,North Carolina,NC,14573,36.44615,-77.67306,252,near
2437,Glenpool,Oklahoma,OK,14567,35.95911,-95.99971,539 918,near
2438,Beech Grove,Indiana,IN,14566,39.71543,-86.09330,317,near
2439,Lindenhurst,Illinois,IL,14564,,,,
2440,Whitestown,Indiana,IN,14564,40.00002,-86.35072,317,near
2441,Jasper,Alabama,AL,14561,33.87167,-87.24914,205,near
2442,Fraser,Michigan,MI,14549,42.54225,-82.94696,586 517 248 947 231 313,near
2443,Owosso,Michigan,MI,14544,42.99341,-84.15949,517,near
2444,Sterling,Illinois,IL,14535,41.80551,-89.70539,779,near
2445,Florham Park,New Jersey,NJ,14533,40.77570,-74.39282,908 862 973 732 848 201 551,near
2446,Whitefish Bay,Wisconsin,WI,14532,,,,
2447,Huron,South Dakota,SD,14515,44.35902,-98.21629,605,near
2448,Rogers,Minnesota,MN,14493,45.17148,-93.58145,763 612 218,near
2449,Elizabethton,Tennessee,TN,14461,36.34455,-82.20148,423,near
2450,St. Helens,Oregon,OR,14460,,,,
2451,Glens Falls,New York,NY,14455,43.31254,-73.64882,518,near
2452,Greendale,Wisconsin,WI,14455,42.93729,-87.99428,414 262,near
2453,Washington Court House,Ohio,OH,14446,39.53435,-83.43882,220,near
2454,Swansea,Illinois,IL,14445,,,,
2455,Alexander City,Alabama,AL,14439,32.94145,-85.95109,334,near
2456,Circleville,Ohio,OH,14433,39.59884,-82.92997,220,near
2457,Parlier,California,CA,14429,36.61026,-119.53748,559,near
2458,Somerville,New Jersey,NJ,14428,40.54939,-74.64593,732 848 908,near
2459,Clarkston,Georgia,GA,14416,33.81011,-84.23883,404 678 770,near
2460,Lakeland,Tennessee,TN,14416,,,,
2461,Dardenne Prairie,Missouri,MO,14407,,,,
2462,Brainerd,Minnesota,MN,14400,46.35722,-94.20187,320,near
2463,Channahon,Illinois,IL,14392,41.43466,-88.21379,779 815,near
2464,Weddington,North Carolina,NC,14391,,,,
2465,Roselle Park,New Jersey,NJ,14390,40.66513,-74.26700,908 862 732 848 973 201 551,near
2466,Glendale,Wisconsin,WI,14381,,,,
2467,Ozark,Alabama,AL,14368,31.43907,-85.64363,334,near
2468,McFarland,California,CA,14365,,,,
2469,Collingswood,New Jersey,NJ,14344,,,,
2470,Beaufort,South Carolina,SC,14334,32.43350,-80.67280,843,near
2471,East Wenatchee,Washington,WA,14330,47.41860,-120.27314,509,near
2472,Scottsbluff,Nebraska,NE,14323,41.87197,-103.66191,,
2473,Coldwater,Michigan,MI,14314,41.92546,-85.00568,269,near
2474,Forest Hill,Texas,TX,14314,,,,
2475,Great Bend,Kansas,KS,14306,38.37094,-98.78310,785,near
2476,Salem Lakes,Wisconsin,WI,14302,,,,
2477,Indiana,Pennsylvania,PA,14294,40.61963,-79.15960,814,near
2478,Tega Cay,South Carolina,SC,14294,,,,
2479,Red Bluff,California,CA,14286,40.17954,-122.23828,530,near
2480,Speedway,Indiana,IN,14268,39.79867,-86.25731,317,near
2481,Fergus Falls,Minnesota,MN,14258,46.28972,-96.06434,218,near
2482,Lumberton,Texas,TX,14255,30.25306,-94.18972,409,near
2483,Harrison,Wisconsin,WI,14254,,,,
2484,Dunmore,Pennsylvania,PA,14249,,,,
2485,Natchez,Mississippi,MS,14233,31.54924,-91.36421,601,near
2486,Corinth,Mississippi,MS,14219,34.93236,-88.54388,662,near
2487,Beach Park,Illinois,IL,14212,,,,
2488,Plover,Wisconsin,WI,14208,44.45067,-89.54281,715,near
2489,Lewisville,North Carolina,NC,14203,36.09670,-80.42064,336 743,near
2490,Mount Vernon,Illinois,IL,14162,38.31701,-88.91053,618,near
2491,Lake Elmo,Minnesota,MN,14161,44.99461,-92.90565,651,near
2492,Willowick,Ohio,OH,14159,,,,
2493,North Mankato,Minnesota,MN,14142,,,507,exact
2494,Callaway,Florida,FL,14138,,,,
2495,Trenton,Ohio,OH,14131,39.47994,-84.45977,513,near
2496,Hickory Hills,Illinois,IL,14118,41.72623,-87.82889,708 331 630 779 815,near
2497,Avenal,California,CA,14108,35.98767,-120.12272,559,near
2498,Bardstown,Kentucky,KY,14104,37.80835,-85.46134,270,near
2499,Bellefontaine,Ohio,OH,14100,40.36047,-83.75708,937,near
2500,Pell City,Alabama,AL,14094,33.59789,-86.34315,205,near
2501,Grass Valley,California,CA,14085,39.20762,-121.03740,916,near
2502,Milford,Delaware,DE,14079,38.92180,-75.42988,302,near
2503,McPherson,Kansas,KS,14068,38.37373,-97.65499,620,near
2504,Lone Tree,Colorado,CO,14061,,,,
2505,Wauconda,Illinois,IL,14055,42.26355,-88.13328,224 847 779 815,near
2506,Sharonville,Ohio,OH,14040,,,,
2507,Chicago Ridge,Illinois,IL,14036,41.70171,-87.77738,708 331 630,near
2508,McMinnville,Tennessee,TN,14032,,,,
2509,Marshall,Minnesota,MN,13996,44.44813,-95.77945,,
2510,Robbinsdale,Minnesota,MN,13993,,,,
2511,Destin,Florida,FL,13991,30.39200,-86.48340,850,near
2512,Auburn,Indiana,IN,13989,41.35900,-85.04685,260,near
2513,Wood Dale,Illinois,IL,13983,41.96017,-87.98097,331 630 224 847 708 312 773,near
2514,Seabrook,Texas,TX,13976,29.57289,-95.02874,281 346 713 832 409,near
2515,Federal Heights,Colorado,CO,13971,,,,
2516,New Ulm,Minnesota,MN,13970,44.30438,-94.46442,507,near
2517,Pineville,Louisiana,LA,13966,31.32380,-92.42460,318,near
2518,New Providence,New Jersey,NJ,13957,40.70040,-74.40229,908 732 848 862 973 201 551,near
2519,College Park,Georgia,GA,13953,,,404 678 770,exact
2520,Brecksville,Ohio,OH,13951,41.31655,-81.62608,440 216 234 330,near
2521,Woodinville,Washington,WA,13942,47.76838,-122.12709,425 206,near
2522,Allouez,Wisconsin,WI,13923,,,,
2523,King City,California,CA,13920,36.20278,-121.12733,831,near
2524,Emeryville,California,CA,13912,37.83647,-122.28036,510 925 650 415 628,near
2525,Fruita,Colorado,CO,13912,39.16366,-108.72176,970,near
2526,Chino Valley,Arizona,AZ,13911,34.77574,-112.47310,928,near
2527,South Sioux City,Nebraska,NE,13910,42.46561,-96.41816,402,near
2528,South Daytona,Florida,FL,13906,,,,
2529,Mill Valley,California,CA,13904,37.89576,-122.53388,415 628 510 650,near
2530,Miami Springs,Florida,FL,13901,,,,
2531,Box Elder,South Dakota,SD,13887,44.11986,-103.06824,605,near
2532,Glen Carbon,Illinois,IL,13883,38.76087,-89.97058,618,near
2533,Midlothian,Illinois,IL,13870,41.63411,-87.73242,708 331 630,near
2534,Hardeeville,South Carolina,SC,13862,32.26351,-81.06687,843,near
2535,Clarksdale,Mississippi,MS,13861,34.20498,-90.57775,662,exact
2536,New Franklin,Ohio,OH,13859,,,,
2537,Bedford,Indiana,IN,13853,38.87288,-86.48707,812,near
2538,Forest Park,Illinois,IL,13846,41.87437,-87.81062,708 331 630 224 847,near
2539,Gonzales,Louisiana,LA,13837,30.23833,-90.92000,225,near
2540,Martinsville,Virginia,VA,13834,36.68707,-79.86914,434,near
2541,Sauk Rapids,Minnesota,MN,13832,45.60403,-94.15909,320,near
2542,Waconia,Minnesota,MN,13831,44.85103,-93.77840,952,near
2543,Beachwood,Ohio,OH,13820,41.47011,-81.52317,216 440,near
2544,Spearfish,South Dakota,SD,13803,44.49462,-103.86496,605,near
2545,Wilkinsburg,Pennsylvania,PA,13800,,,,
2546,Newport,Kentucky,KY,13792,39.08285,-84.48651,859,near
2547,Marshall,Missouri,MO,13791,39.10983,-93.19602,660,near
2548,Pierre,South Dakota,SD,13788,44.36951,-100.32106,605,exact
2549,Fountain Inn,South Carolina,SC,13786,34.65333,-82.26459,864,near
2550,Neosho,Missouri,MO,13782,36.87063,-94.38622,417,near
2551,Auburn,California,CA,13780,38.98280,-121.09380,916,near
2552,Worthington,Minnesota,MN,13754,43.62863,-95.60591,,
2553,Snoqualmie,Washington,WA,13748,47.52929,-121.82253,425,near
2554,Festus,Missouri,MO,13730,38.18789,-90.42859,314,near
2555,Harrison,Arkansas,AR,13723,36.24171,-93.10616,479,near
2556,Ephrata,Pennsylvania,PA,13719,40.17564,-76.18209,717,near
2557,Port Neches,Texas,TX,13709,29.97698,-93.96262,409,near
2558,Trophy Club,Texas,TX,13704,,,,
2559,Lyndhurst,Ohio,OH,13700,,,,
2560,Palmetto,Florida,FL,13682,27.52111,-82.57250,941,near
2561,Andrews,Texas,TX,13677,32.32012,-102.54093,432,near
2562,Fernandina Beach,Florida,FL,13672,30.63539,-81.46883,904,near
2563,Waycross,Georgia,GA,13671,31.21969,-82.36451,229,near
2564,Superior,Colorado,CO,13654,,,,
2565,Portland,Tennessee,TN,13651,36.56731,-86.50592,615 629,near
2566,Berthoud,Colorado,CO,13648,40.29933,-105.10546,303 720 970,near
2567,New Carrollton,Maryland,MD,13645,,,,
2568,Cayce,South Carolina,SC,13645,33.96257,-81.06708,803,near
2569,Greenwood,Mississippi,MS,13627,33.51588,-90.17259,662,near
2570,Maumee,Ohio,OH,13625,41.58168,-83.66283,419 567,near
2571,Steamboat Springs,Colorado,CO,13620,40.48500,-106.83110,,
2572,Blue Ash,Ohio,OH,13616,,,,
2573,Olean,New York,NY,13614,42.07870,-78.42327,716,near
2574,Moody,Alabama,AL,13596,33.58413,-86.51557,205,near
2575,Alcoa,Tennessee,TN,13588,35.78522,-83.98090,865,near
2576,Kilgore,Texas,TX,13583,32.38356,-94.86527,903,near
2577,Eatontown,New Jersey,NJ,13582,40.30282,-74.06978,732 848,near
2578,Athens,Texas,TX,13575,32.19350,-95.84318,903,near
2579,Newton,North Carolina,NC,13571,35.64977,-81.24255,828,near
2580,Irondale,Alabama,AL,13545,,,,
2581,Western Springs,Illinois,IL,13529,41.80486,-87.89948,331 630 708 224 847 779 815,near
2582,Harrison,Ohio,OH,13526,39.25921,-84.78368,513,near
2583,Marion,Arkansas,AR,13524,35.20770,-90.19891,870,near
2584,Shorewood,Wisconsin,WI,13521,,,,
2585,Edgewood,Washington,WA,13496,,,,
2586,Henderson,Texas,TX,13485,32.15237,-94.79196,903,near
2587,Manchester,Tennessee,TN,13484,35.48167,-86.08861,615,near
2588,Jerome,Idaho,ID,13481,42.71784,-114.50124,208,near
2589,Woodland Park,New Jersey,NJ,13477,,,,
2590,Kingston,Pennsylvania,PA,13476,41.27422,-75.89034,272 570,near
2591,Lewisburg,Tennessee,TN,13473,35.45961,-86.78120,931,near
2592,La Grange Park,Illinois,IL,13459,41.83472,-87.86167,708 331 630 224 847,near
2593,Hawaiian Gardens,California,CA,13457,33.82958,-118.07296,562 657 714 323 310 424 626,near
2594,Warrensville Heights,Ohio,OH,13450,,,,
2595,Soddy-Daisy,Tennessee,TN,13430,,,,
2596,North Palm Beach,Florida,FL,13423,26.82885,-80.06033,561,near
2597,Monument,Colorado,CO,13408,39.10073,-104.85416,719,near
2598,Pottsville,Pennsylvania,PA,13404,40.68398,-76.21232,272,near
2599,East Cleveland,Ohio,OH,13402,,,216,exact
2600,Ridgefield Park,New Jersey,NJ,13400,40.85622,-74.02296,201 551 862 973 908,near
2601,D'Iberville,Mississippi,MS,13399,,,,
2602,Webb City,Missouri,MO,13391,37.14400,-94.47268,417,near
2603,Coatesville,Pennsylvania,PA,13390,39.98431,-75.82530,484 610,near
2604,Orangeburg,South Carolina,SC,13378,33.50254,-80.85928,803,near
2605,Liberty Lake,Washington,WA,13353,47.65167,-117.08381,509,near
2606,Mountain Home,Arkansas,AR,13348,36.33115,-92.37534,,
2607,Moberly,Missouri,MO,13337,39.42024,-92.43579,573,near
2608,Washington,Pennsylvania,PA,13334,40.17169,-80.25596,412 724 878,near
2609,Smyrna,Delaware,DE,13326,39.29338,-75.60083,302,near
2610,Richmond,Texas,TX,13305,29.58194,-95.76056,281 346 713 832,near
2611,Clayton,Ohio,OH,13296,39.85512,-84.33989,937,near
2612,Sault Ste. Marie,Michigan,MI,13288,,,,
2613,Bloomsburg,Pennsylvania,PA,13286,41.01153,-76.43838,272,near
2614,Connersville,Indiana,IN,13282,39.64351,-85.14643,765,near
2615,Englewood,Ohio,OH,13282,39.87398,-84.30952,937,near
2616,Atlantic Beach,Florida,FL,13279,30.34826,-81.41587,904,near
2617,Eureka,Missouri,MO,13277,38.48483,-90.62628,636 314,near
2618,Loveland,Ohio,OH,13277,39.24448,-84.25880,513,near
2619,Lake Forest Park,Washington,WA,13276,,,,
2620,Greenville,Wisconsin,WI,13273,44.29975,-88.56958,920,near
2621,University Heights,Ohio,OH,13265,,,,
2622,Cambridge,Maryland,MD,13262,38.56428,-76.08736,410,near
2623,Blackfoot,Idaho,ID,13224,43.19433,-112.36155,208,near
2624,Sedro-Woolley,Washington,WA,13215,,,,
2625,South Miami,Florida,FL,13207,,,,
2626,Endicott,New York,NY,13199,42.11409,-76.05693,607,near
2627,Union,Missouri,MO,13198,38.44563,-91.02060,636,near
2628,Holly Hill,Florida,FL,13183,,,,
2629,South Charleston,West Virginia,WV,13177,,,304 681,exact
2630,Beeville,Texas,TX,13176,28.42225,-97.76157,361,near
2631,California City,California,CA,13174,35.12583,-117.98500,661,near
2632,Enumclaw,Washington,WA,13173,47.26655,-122.03143,253,near
2633,Florida City,Florida,FL,13157,,,,
2634,Stoughton,Wisconsin,WI,13134,42.92901,-89.22399,608,near
2635,Santa Fe,Texas,TX,13131,29.37185,-95.08943,281 346 713 832 409,near
2636,Kingsburg,California,CA,13128,36.50805,-119.54330,559,near
2637,Sterling,Colorado,CO,13114,40.63062,-103.22118,,
2638,Suamico,Wisconsin,WI,13109,44.63194,-88.03917,920,near
2639,Vadnais Heights,Minnesota,MN,13108,,,,
2640,Claremont,New Hampshire,NH,13105,43.36794,-72.34219,603,near
2641,Baraboo,Wisconsin,WI,13096,43.48253,-89.74617,608,near
2642,Newcastle,Washington,WA,13072,,,,
2643,Fostoria,Ohio,OH,13063,41.16235,-83.41394,419 567,near
2644,La Grande,Oregon,OR,13058,45.33044,-118.08523,,
2645,Lincolnwood,Illinois,IL,13055,42.00444,-87.73000,224 847 708 331 630,near
2646,Amherst,Ohio,OH,13048,41.39051,-82.22817,440,near
2647,Lincoln,Illinois,IL,13047,40.14508,-89.36838,217,near
2648,Marietta,Ohio,OH,13039,39.42814,-81.46444,220,near
2649,Hazel Crest,Illinois,IL,13036,41.57380,-87.68488,708,near
2650,Lake Station,Indiana,IN,13033,41.56863,-87.26221,219,near
2651,Jennings,Missouri,MO,13024,,,,
2652,Cedarburg,Wisconsin,WI,13011,43.30341,-88.00287,262,near
2653,Butler,Pennsylvania,PA,13010,40.86210,-79.90272,412,near
2654,Sandy,Oregon,OR,12990,45.37895,-122.22305,458 503 541 971,near
2655,Robinson,Texas,TX,12986,,,,
2656,Grand Terrace,California,CA,12979,34.03389,-117.31278,909 951,near
2657,Rochester,Michigan,MI,12978,42.71068,-83.16421,248 947 231 586 517,near
2658,Mandeville,Louisiana,LA,12973,30.38610,-90.07685,985,near
2659,Dover,Ohio,OH,12946,40.53434,-81.47632,234,near
2660,Cottonwood,Arizona,AZ,12939,34.70555,-112.00910,928,near
2661,Garden City,Idaho,ID,12936,43.64304,-116.26575,208,near
2662,Granbury,Texas,TX,12934,32.42505,-97.77417,682,near
2663,Oakland,New Jersey,NJ,12926,41.02944,-74.23375,201 551 862 973,near
2664,Derby,Connecticut,CT,12915,41.32286,-73.08003,203,near
2665,West Carrollton,Ohio,OH,12911,,,,
2666,Minooka,Illinois,IL,12907,41.46152,-88.27860,779 815,near
2667,Canton,Illinois,IL,12896,40.56014,-90.02415,309,near
2668,Miami,Oklahoma,OK,12886,36.87638,-94.87186,539,near
2669,Carencro,Louisiana,LA,12883,30.32443,-92.04227,337,near
2670,Washington,Indiana,IN,12881,38.65357,-87.17066,812,near
2671,Carpinteria,California,CA,12876,34.40359,-119.51826,805,near
2672,Branson,Missouri,MO,12869,36.64361,-93.21833,417,near
2673,Solana Beach,California,CA,12868,32.99374,-117.25980,442 760 858,near
2674,Big Lake,Minnesota,MN,12855,45.35065,-93.73992,763,near
2675,Poquoson,Virginia,VA,12854,37.13125,-76.38070,757,near
2676,Mounds View,Minnesota,MN,12841,,,,
2677,Bedford,Ohio,OH,12834,41.39207,-81.52315,216 440 234 330,near
2678,Red Bank,New Jersey,NJ,12830,40.35408,-74.08000,732 848,near
2679,Larkspur,California,CA,12807,37.93674,-122.53620,415 628 510,near
2680,Smithfield,North Carolina,NC,12806,35.50684,-78.34787,919,near
2681,Bexley,Ohio,OH,12793,,,,
2682,Crossville,Tennessee,TN,12785,35.94404,-85.01717,931,near
2683,Lake City,Florida,FL,12783,30.09490,-82.71170,352,near
2684,Port Washington,Wisconsin,WI,12750,43.39546,-87.87966,262,near
2685,Sharon,Pennsylvania,PA,12744,41.23155,-80.49934,724,near
2686,Belgrade,Montana,MT,12741,45.78013,-111.14393,406,near
2687,Grafton,Wisconsin,WI,12741,43.32315,-87.95209,262,near
2688,Kelso,Washington,WA,12737,46.14849,-122.88699,360,near
2689,Ottawa,Kansas,KS,12733,38.61425,-95.27452,785,near
2690,West Point,Utah,UT,12726,,,,
2691,Bastrop,Texas,TX,12720,30.13883,-97.29210,512,near
2692,Marysville,California,CA,12714,39.14165,-121.52247,530,near
2693,Las Vegas,New Mexico,NM,12711,35.59486,-105.22716,505,near
2694,Haddonfield,New Jersey,NJ,12707,39.89545,-75.04173,856 609,near
2695,Lindsay,California,CA,12706,36.20955,-119.08843,559,near
2696,St. Ann,Missouri,MO,12704,,,,
2697,West Plains,Missouri,MO,12704,36.72842,-91.87168,,
2698,Greenville,Ohio,OH,12701,40.09873,-84.63419,937,near
2699,Cheney,Washington,WA,12700,47.49426,-117.58337,509,near
2700,El Dorado,Kansas,KS,12694,37.82265,-96.85430,316,near
2701,Plano,Illinois,IL,12677,41.66699,-88.53838,331 630,near
2702,Tremonton,Utah,UT,12677,41.70156,-112.18129,435,near
2703,Palos Verdes Estates,California,CA,12668,,,,
2704,Wickliffe,Ohio,OH,12659,41.60457,-81.46918,440 216,near
2705,Byram,Mississippi,MS,12656,32.19320,-90.27080,601 769,near
2706,San Anselmo,California,CA,12645,37.98458,-122.57106,415 628,exact
2707,North St. Paul,Minnesota,MN,12644,,,,
2708,Bound Brook,New Jersey,NJ,12643,40.56811,-74.53973,732 848 908,near
2709,Gig Harbor,Washington,WA,12643,47.37858,-122.70000,253 360,near
2710,Wilmington,Ohio,OH,12639,39.44879,-83.84165,937,near
2711,Rathdrum,Idaho,ID,12626,47.82411,-116.88729,208,near
2712,Mendota,California,CA,12623,36.74236,-120.40929,559,near
2713,Lovejoy,Georgia,GA,12612,33.43611,-84.31444,404 678 770,near
2714,Camp Verde,Arizona,AZ,12608,34.56973,-111.85513,928,near
2715,Sussex,Wisconsin,WI,12607,43.14406,-88.22706,262 414,near
2716,Woodhaven,Michigan,MI,12575,,,,
2717,Leeds,Alabama,AL,12573,33.52833,-86.57482,205,near
2718,Fulton,Missouri,MO,12573,38.85182,-91.96055,573,near
2719,Poulsbo,Washington,WA,12562,47.74228,-122.62772,206 360 425,near
2720,Artesia,New Mexico,NM,12550,32.83835,-104.40740,575,near
2721,Webster,Texas,TX,12548,29.55641,-95.14399,281 346 713 832,near
2722,Gaffney,South Carolina,SC,12546,35.06151,-81.64906,864,near
2723,Lantana,Florida,FL,12545,,,,
2724,Grover Beach,California,CA,12534,35.12097,-120.61735,805,near
2725,Danville,Indiana,IN,12532,39.76282,-86.53425,317,near
2726,Freehold,New Jersey,NJ,12530,40.24578,-74.27682,732 848,near
2727,Brown Deer,Wisconsin,WI,12527,,,,
2728,Paradise Valley,Arizona,AZ,12523,33.54944,-111.95655,480 602 623,near
2729,Richton Park,Illinois,IL,12504,41.48185,-87.72383,708,near
2730,Winnetka,Illinois,IL,12494,42.10361,-87.75226,224 847 708 331 630,near
2731,Levelland,Texas,TX,12494,33.57878,-102.36759,806,near
2732,North Adams,Massachusetts,MA,12492,42.69865,-73.10999,413,near
2733,West Monroe,Louisiana,LA,12476,32.53173,-92.17597,318,exact
2734,Cloquet,Minnesota,MN,12475,46.72604,-92.45282,218,near
2735,Boone,Iowa,IA,12461,42.06935,-93.87808,515,near
2736,St. Peter,Minnesota,MN,12456,,,,
2737,James Island,South Carolina,SC,12451,,,,
2738,Patchogue,New York,NY,12447,40.77350,-72.99811,631,near
2739,Haverstraw,New York,NY,12445,41.19709,-73.96896,845 914,near
2740,Elgin,Texas,TX,12438,30.32314,-97.37375,512,near
2741,Doraville,Georgia,GA,12436,,,,
2742,Effingham,Illinois,IL,12434,39.12173,-88.56110,217,near
2743,Northlake,Illinois,IL,12433,,,,
2744,Yeadon,Pennsylvania,PA,12405,,,,
2745,Melvindale,Michigan,MI,12401,42.28123,-83.18257,313 734 248 947,near
2746,Geneva,New York,NY,12397,42.86372,-76.99135,315,near
2747,Guymon,Oklahoma,OK,12397,36.69605,-101.47778,,
2748,Somerset,Kentucky,KY,12389,37.07385,-84.60436,859,near
2749,Palmer Town,Massachusetts,MA,12388,,,,
2750,Dunkirk,New York,NY,12379,42.47591,-79.32937,716,near
2751,Fort Atkinson,Wisconsin,WI,12377,42.92290,-88.84669,608,near
2752,Show Low,Arizona,AZ,12366,34.06012,-110.05463,,
2753,Eufaula,Alabama,AL,12363,31.90506,-85.16560,334,near
2754,St. Marys,Pennsylvania,PA,12361,,,,
2755,Blytheville,Arkansas,AR,12359,35.93448,-89.92250,870,near
2756,Susanville,California,CA,12359,40.41639,-120.65194,530,near
2757,Choctaw,Oklahoma,OK,12358,35.47176,-97.27256,405,near
2758,Conneaut,Ohio,OH,12357,41.93448,-80.58026,440,near
2759,Lincolnton,North Carolina,NC,12353,35.48214,-81.22804,704,near
2760,Meadville,Pennsylvania,PA,12347,41.63385,-80.14879,814,near
2761,Glen Rock,New Jersey,NJ,12346,40.96018,-74.12537,201 551 862 973 908,near
2762,Forrest City,Arkansas,AR,12340,35.00913,-90.78857,870,near
2763,Greensburg,Indiana,IN,12317,39.33122,-85.47353,812,near
2764,Emmaus,Pennsylvania,PA,12314,40.52929,-75.50099,484 610,near
2765,Escanaba,Michigan,MI,12296,45.76587,-87.08898,,
2766,Streator,Illinois,IL,12295,41.12249,-88.83067,309,near
2767,Newman,California,CA,12292,37.31759,-121.02594,209,near
2768,Flowery Branch,Georgia,GA,12292,34.18189,-83.90241,678 770,near
2769,Jefferson Hills,Pennsylvania,PA,12291,,,,
2770,Beatrice,Nebraska,NE,12290,40.27051,-96.74349,402,near
2771,East Bethel,Minnesota,MN,12288,,,,
2772,Rantoul,Illinois,IL,12268,40.31074,-88.14618,217,near
2773,Justice,Illinois,IL,12267,41.74471,-87.83459,708 331 630 779 815,near
2774,Ionia,Michigan,MI,12265,42.98592,-85.07098,616,near
2775,DeForest,Wisconsin,WI,12260,,,,
2776,North Branch,Minnesota,MN,12258,45.51648,-92.93710,218,near
2777,Herrin,Illinois,IL,12253,37.80188,-89.02316,618,near
2778,Hasbrouck Heights,New Jersey,NJ,12253,40.86224,-74.07597,862 973 201 551 908,near
2779,Crestwood,Missouri,MO,12239,,,,
2780,River Edge,New Jersey,NJ,12235,40.92648,-74.03924,201 551 862 973 908,near
2781,South Lyon,Michigan,MI,12219,42.45668,-83.65895,248 947 734,near
2782,Somersworth,New Hampshire,NH,12218,43.25255,-70.87559,603,near
2783,Burley,Idaho,ID,12211,42.52444,-113.79308,208,near
2784,Babylon,New York,NY,12193,40.63418,-73.32458,631 516,near
2785,Lawrenceburg,Kentucky,KY,12189,38.01885,-84.92994,502,near
2786,El Campo,Texas,TX,12176,29.20078,-96.27427,281,near
2787,Hartsville/Trousdale County,Tennessee,TN,12159,,,,
2788,Baker,Louisiana,LA,12147,30.58806,-91.16806,225,near
2789,Archdale,North Carolina,NC,12147,,,,
2790,Kewanee,Illinois,IL,12146,41.24112,-89.92739,309,near
2791,Macedonia,Ohio,OH,12139,41.32224,-81.49958,440 234 330 216,near
2792,Grenada,Mississippi,MS,12138,33.77509,-89.80874,662,near
2793,New Baltimore,Michigan,MI,12132,42.67534,-82.78010,517 586 231,near
2794,Sylacauga,Alabama,AL,12123,33.17168,-86.27126,205,near
2795,Fortuna,California,CA,12114,40.58493,-124.14065,707,near
2796,Lawrenceburg,Tennessee,TN,12112,35.25067,-87.35258,931,near
2797,Madison,Indiana,IN,12108,38.76487,-85.40702,812,near
2798,San Marino,California,CA,12105,34.12070,-118.11174,626 747 818 323 213 562 310 424,near
2799,Wellington,Colorado,CO,12100,40.72552,-105.03184,970,near
2800,Palos Heights,Illinois,IL,12088,41.66215,-87.79270,708 331 630 779 815,near
2801,Irmo,South Carolina,SC,12086,34.11025,-81.19655,803,near
2802,Red Bank,Tennessee,TN,12073,,,,
2803,Wallington,New Jersey,NJ,12060,40.85356,-74.10794,862 973 201 551 908,near
2804,Weatherford,Oklahoma,OK,12047,35.53505,-98.69960,405,near
2805,Lenoir City,Tennessee,TN,12041,35.81039,-84.26650,865,near
2806,Lindon,Utah,UT,12018,40.34119,-111.71436,385 801,near
2807,Picayune,Mississippi,MS,12017,30.54180,-89.69102,228,near
2808,Riverview,Michigan,MI,12011,42.17330,-83.21309,734 313,near
2809,Elizabethtown,Pennsylvania,PA,11993,40.15533,-76.60255,717,near
2810,Liberty Hill,Texas,TX,11984,30.66295,-97.93160,512 737,near
2811,Ontario,Oregon,OR,11957,44.04156,-116.97827,,
2812,Martinsville,Indiana,IN,11952,39.44765,-86.42901,812,near
2813,Airway Heights,Washington,WA,11950,47.64472,-117.59222,509 425,near
2814,Guttenberg,New Jersey,NJ,11945,,,,
2815,Pleasant Hill,Iowa,IA,11942,,,,
2816,Victoria,Minnesota,MN,11937,44.85822,-93.65609,952 763,near
2817,Miami Shores,Florida,FL,11917,,,,
2818,Prineville,Oregon,OR,11917,44.30445,-120.83362,,
2819,River Forest,Illinois,IL,11909,41.89506,-87.81590,708 331 630 224 847,near
2820,Yorktown,Indiana,IN,11900,40.18358,-85.49599,765,near
2821,Selma,Texas,TX,11900,,,,
2822,Gladstone,Oregon,OR,11898,45.38988,-122.59020,503 971 458 541,near
2823,Oregon,Wisconsin,WI,11895,42.92948,-89.38700,608,near
2824,Borger,Texas,TX,11892,35.66430,-101.40324,806,near
2825,Commerce,California,CA,11882,,,,
2826,Fenton,Michigan,MI,11882,42.78510,-83.72935,810,near
2827,New Kensington,Pennsylvania,PA,11877,40.57118,-79.74155,412 724 878,near
2828,Vermillion,South Dakota,SD,11877,42.79511,-96.92578,605,near
2829,Holmen,Wisconsin,WI,11866,43.97613,-91.24970,608,near
2830,Rolesville,North Carolina,NC,11854,35.91557,-78.46584,919 984,near
2831,Los Alamitos,California,CA,11846,33.79529,-118.06989,657 714 562 310 424 323 949 626,near
2832,Bellmawr,New Jersey,NJ,11846,39.86888,-75.09437,856,near
2833,Fort Morgan,Colorado,CO,11835,40.25408,-103.80312,970,near
2834,Platteville,Wisconsin,WI,11833,42.73932,-90.48541,608,near
2835,Tarrytown,New York,NY,11829,41.07811,-73.85934,914 845,near
2836,Scotts Valley,California,CA,11828,37.05784,-122.01496,831 408 669,near
2837,Douglas,Georgia,GA,11828,31.49729,-82.84647,229,near
2838,Campbellsville,Kentucky,KY,11820,37.34662,-85.35076,270,near
2839,Troy,Illinois,IL,11810,38.72427,-89.87085,618,near
2840,Kings Mountain,North Carolina,NC,11797,35.25158,-81.38057,704 980,near
2841,Sebring,Florida,FL,11795,27.49239,-81.43571,863,near
2842,Moss Point,Mississippi,MS,11791,30.41139,-88.53444,228,near
2843,Portales,New Mexico,NM,11789,34.17992,-103.33631,575,near
2844,Wilton Manors,Florida,FL,11788,,,,
2845,Centralia,Illinois,IL,11787,38.52412,-89.13648,618,near
2846,Richfield,Wisconsin,WI,11783,43.27392,-88.21547,262,near
2847,Fredericksburg,Texas,TX,11766,30.28166,-98.87993,830,near
2848,McComb,Mississippi,MS,11762,31.22159,-90.43245,601,near
2849,Ringwood,New Jersey,NJ,11762,41.09282,-74.26587,862 973 201 551,near
2850,Arkansas City,Kansas,KS,11761,37.06759,-97.03566,316,near
2851,Little Chute,Wisconsin,WI,11761,44.28425,-88.31199,920,near
2852,Franklin,Ohio,OH,11758,39.54784,-84.30588,513 937,near
2853,Woodward,Oklahoma,OK,11750,36.42678,-99.40202,,
2854,Locust Grove,Georgia,GA,11749,33.34494,-84.09825,678 770,near
2855,McCordsville,Indiana,IN,11744,,,,
2856,Fair Oaks Ranch,Texas,TX,11744,,,,
2857,Niles,Michigan,MI,11738,41.82017,-86.23679,269,near
2858,Middleton,Idaho,ID,11730,43.71905,-116.61122,208,near
2859,North Logan,Utah,UT,11727,,,435,exact
2860,Yelm,Washington,WA,11715,46.92059,-122.58805,360 253,near
2861,Rincon,Georgia,GA,11701,32.23563,-81.28778,912,near
2862,Lovington,New Mexico,NM,11693,32.95117,-103.34885,575,near
2863,Evanston,Wyoming,WY,11691,41.26095,-110.96307,,
2864,Covington,Louisiana,LA,11686,30.48761,-90.09593,985,near
2865,Salem,Ohio,OH,11685,40.90002,-80.86188,234 330,near
2866,Guthrie,Oklahoma,OK,11682,35.83295,-97.43600,405,near
2867,Winfield,Kansas,KS,11678,37.24162,-96.97999,316,near
2868,Ridgefield,New Jersey,NJ,11666,40.83257,-74.00153,201 551 908 862 973,near
2869,Brookhaven,Mississippi,MS,11654,31.58581,-90.45199,601,near
2870,Monmouth,Oregon,OR,11651,44.83771,-123.25123,503 971,near
2871,Gulfport,Florida,FL,11645,,,,
2872,Roma,Texas,TX,11635,26.42154,-99.00248,956,near
2873,Storm Lake,Iowa,IA,11627,42.64738,-95.19608,515,near
2874,Town and Country,Missouri,MO,11625,,,,
2875,Gloucester City,New Jersey,NJ,11618,39.89111,-75.11696,856,near
2876,East Grand Rapids,Michigan,MI,11616,,,,
2877,New Albany,Ohio,OH,11604,40.08469,-82.79879,614,near
2878,Grandview,Washington,WA,11599,46.25385,-119.91573,509,near
2879,Oskaloosa,Iowa,IA,11575,41.29420,-92.64393,641,near
2880,Lowell,Arkansas,AR,11568,36.24332,-94.08272,479,near
2881,Pineville,North Carolina,NC,11567,35.07094,-80.88585,704 980,near
2882,Bucyrus,Ohio,OH,11567,40.81031,-82.96983,220,near
2883,Merriam,Kansas,KS,11560,,,,
2884,Seven Hills,Ohio,OH,11560,,,,
2885,Severance,Colorado,CO,11554,40.52417,-104.85056,970 303 720,near
2886,Bolivar,Missouri,MO,11549,37.60850,-93.41263,417,near
2887,Farmington,Michigan,MI,11547,42.51004,-83.40543,248 947 734 313,near
2888,Mendota Heights,Minnesota,MN,11542,,,,
2889,Lower Burrell,Pennsylvania,PA,11542,,,,
2890,Batesville,Arkansas,AR,11539,35.78261,-91.63519,870,near
2891,Petal,Mississippi,MS,11538,31.34718,-89.22224,601 769,near
2892,Suffern,New York,NY,11537,41.11765,-74.12410,845 914,near
2893,Spring Lake,North Carolina,NC,11530,35.18298,-78.97856,910,near
2894,Woodbury,New York,NY,11523,40.81544,-73.47161,516 631,near
2895,Dobbs Ferry,New York,NY,11513,41.01183,-73.86649,914 347 718 917 929 845,near
2896,Pingree Grove,Illinois,IL,11512,,,,
2897,Collegedale,Tennessee,TN,11510,35.05306,-85.05028,423,near
2898,Pike Road,Alabama,AL,11500,32.33570,-86.09589,334,near
2899,Heath,Texas,TX,11499,,,,
2900,Woods Cross,Utah,UT,11493,40.88745,-111.90271,385 801,near
2901,Millington,Tennessee,TN,11486,35.31846,-89.90542,901,near
2902,Mexico,Missouri,MO,11482,39.17123,-91.88947,573,near
2903,Huntertown,Indiana,IN,11481,41.23911,-85.16772,260,near
2904,Green River,Wyoming,WY,11474,41.51959,-109.47145,,
2905,Lowell,Indiana,IN,11449,41.28453,-87.41907,219,near
2906,Clawson,Michigan,MI,11440,42.53647,-83.15032,248 947 586 231 313 517,near
2907,Westwood,New Jersey,NJ,11434,41.00170,-74.03259,201 551 862 973 908,near
2908,Sleepy Hollow,New York,NY,11427,,,,
2909,Leon Valley,Texas,TX,11424,,,,
2910,Norton,Ohio,OH,11423,,,,
2911,Spencer,Iowa,IA,11418,43.14511,-95.14569,515,near
2912,Pleasanton,Texas,TX,11409,28.99237,-98.48306,210,near
2913,Haysville,Kansas,KS,11406,37.56467,-97.35532,316,near
2914,Cocoa Beach,Florida,FL,11386,28.33245,-80.61207,321,near
2915,Elk City,Oklahoma,OK,11383,35.41036,-99.42109,580,near
2916,La Plata,Maryland,MD,11374,38.52567,-76.98650,240 301,near
2917,Satellite Beach,Florida,FL,11367,28.17857,-80.59867,321,near
2918,Okmulgee,Oklahoma,OK,11354,35.62880,-95.96967,539,near
2919,Wanaque,New Jersey,NJ,11346,41.05445,-74.27897,862 973 201 551,near
2920,Pleasant View,Utah,UT,11337,,,,
2921,Summerfield,North Carolina,NC,11333,36.22445,-79.89014,336 743,near
2922,Schiller Park,Illinois,IL,11325,41.95630,-87.86918,331 630 708 224 847,near
2923,Half Moon Bay,California,CA,11324,37.47906,-122.44593,650 415 628 916,near
2924,Lansing,Kansas,KS,11316,39.25019,-94.89938,913,near
2925,Bridgeton,Missouri,MO,11301,38.75063,-90.41610,314 636,near
2926,Port Lavaca,Texas,TX,11299,28.60113,-96.62594,361,near
2927,Wyomissing,Pennsylvania,PA,11292,,,,
2928,Markham,Illinois,IL,11290,41.59361,-87.69472,708,near
2929,Bargersville,Indiana,IN,11283,39.49999,-86.17969,317,near
2930,Salem,Utah,UT,11283,40.04270,-111.65906,385 801,near
2931,Elon,North Carolina,NC,11282,36.14664,-79.50233,336 743,near
2932,Signal Hill,California,CA,11279,33.80370,-118.16880,562 310 424 657 714 323,near
2933,Franklin Lakes,New Jersey,NJ,11251,41.00809,-74.21135,201 551 862 973,near
2934,Grand Rapids,Minnesota,MN,11244,47.23780,-93.53000,218,near
2935,Beachwood,New Jersey,NJ,11242,39.93025,-74.19615,732 848,near
2936,Ravenna,Ohio,OH,11236,41.16489,-81.23366,234 330,near
2937,Fulton,New York,NY,11234,43.32111,-76.40342,315,near
2938,Healdsburg,California,CA,11231,38.61553,-122.85653,707,near
2939,Lansdowne,Pennsylvania,PA,11225,39.93779,-75.26487,484 610 215 267,near
2940,Lyndon,Kentucky,KY,11221,,,,
2941,Ocean City,New Jersey,NJ,11219,39.27089,-74.58751,609,near
2942,Crowley,Louisiana,LA,11216,30.21475,-92.37771,337,near
2943,Kearney,Missouri,MO,11215,39.36518,-94.36210,816,near
2944,Two Rivers,Wisconsin,WI,11214,44.16601,-87.58550,920,near
2945,Urbana,Ohio,OH,11211,40.10664,-83.76714,937,near
2946,Lexington,Nebraska,NE,11205,40.78500,-99.75151,308,near
2947,Burr Ridge,Illinois,IL,11202,,,,
2948,Minden,Louisiana,LA,11195,32.63228,-93.28859,318,near
2949,Springdale,Ohio,OH,11183,,,,
2950,Milton,Florida,FL,11182,30.66041,-87.04728,850,near
2951,Anderson,California,CA,11171,40.45743,-122.32822,530,near
2952,Hillsborough,California,CA,11171,,,,
2953,Waterloo,Illinois,IL,11165,38.32227,-90.14777,618,near
2954,Canyon Lake,California,CA,11161,,,,
2955,Grosse Pointe Park,Michigan,MI,11158,,,,
2956,Pompton Lakes,New Jersey,NJ,11156,40.99928,-74.28757,862 973 201 551,near
2957,Snyder,Texas,TX,11151,32.71511,-100.90748,432,near
2958,Calimesa,California,CA,11150,33.99459,-117.04304,909 951,near
2959,Marinette,Wisconsin,WI,11139,45.08740,-87.66968,920,near
2960,Little Ferry,New Jersey,NJ,11137,40.84932,-74.04050,201 551 862 973 908,near
2961,Waupun,Wisconsin,WI,11131,43.63244,-88.73725,920,near
2962,Lisbon,Wisconsin,WI,11127,,,,
2963,Van Wert,Ohio,OH,11123,40.86893,-84.59036,419,near
2964,Spanish Fort,Alabama,AL,11118,30.69585,-87.88668,251,near
2965,Bonham,Texas,TX,11115,33.58056,-96.18357,903,near
2966,Tehachapi,California,CA,11114,35.12978,-118.52223,661,near
2967,Coshocton,Ohio,OH,11114,40.27541,-81.86603,220,near
2968,Lake Grove,New York,NY,11109,40.85668,-73.11675,631,near
2969,Ivins,Utah,UT,11108,37.16861,-113.67861,435,near
2970,Waynesboro,Pennsylvania,PA,11101,39.76350,-77.56736,717,near
2971,Burkburnett,Texas,TX,11101,34.08599,-98.57084,940,near
2972,Coweta,Oklahoma,OK,11093,35.95784,-95.65260,539 918,near
2973,Malvern,Arkansas,AR,11082,34.35571,-92.82916,501,near
2974,Fife,Washington,WA,11077,,,,
2975,Great Neck,New York,NY,11075,40.77423,-73.71892,516 347 718 917 929 914,near
2976,Brooklyn,Ohio,OH,11072,,,,
2977,Rockport,Texas,TX,11069,28.02028,-97.05417,361,near
2978,Totowa,New Jersey,NJ,11064,40.90500,-74.21028,862 973 201 551 908,near
2979,Pontiac,Illinois,IL,11054,40.87640,-88.63277,309,near
2980,Grand Haven,Michigan,MI,11045,43.03784,-86.19123,231,near
2981,Hyrum,Utah,UT,11043,41.63110,-111.84900,435,near
2982,Plymouth,Indiana,IN,11042,41.33390,-86.32409,574,near
2983,Manville,New Jersey,NJ,11031,40.53987,-74.59338,732 848 908,near
2984,Sturgis,Michigan,MI,11030,41.80893,-85.42636,269,near
2985,Lincoln Park,New Jersey,NJ,11030,40.92077,-74.29951,862 973 201 551 908,near
2986,Peru,Indiana,IN,11003,40.74920,-86.06804,765,near
2987,Martin,Tennessee,TN,10989,36.34247,-88.85540,731,near
2988,Roscoe,Illinois,IL,10981,42.42166,-88.99433,779 815,near
2989,Cambridge,Minnesota,MN,10974,45.55759,-93.28893,218,near
2990,Smithville,Missouri,MO,10971,39.39174,-94.55924,816,near
2991,Pella,Iowa,IA,10965,41.40817,-92.91721,641,near
2992,Tarboro,North Carolina,NC,10954,35.89826,-77.54207,252,near
2993,Riverton,Wyoming,WY,10953,43.04579,-108.41133,,
2994,Montgomery,Ohio,OH,10952,,,,
2995,Celina,Ohio,OH,10945,40.54607,-84.57007,419,near
2996,Burlington,Washington,WA,10945,48.47858,-122.33449,360,near
2997,Burlington,Wisconsin,WI,10939,42.66603,-88.27489,262,near
2998,Clayton,California,CA,10933,37.91544,-121.90997,925,near
2999,Fox Lake,Illinois,IL,10925,42.39370,-88.16475,224 847 779 815,near
3000,Fairview,Texas,TX,10922,,,,
3001,Columbia,Illinois,IL,10919,38.43247,-90.20272,618,near
3002,Abbeville,Louisiana,LA,10902,29.95883,-92.14266,337,near
3003,Winterville,North Carolina,NC,10899,35.53358,-77.39097,252,near
3004,Roanoke,Texas,TX,10895,32.98639,-97.20535,682 817 214 469 972 940,near
3005,Campton Hills,Illinois,IL,10894,,,,
3006,Pine Hill,New Jersey,NJ,10894,,,,
3007,Clute,Texas,TX,10893,29.03250,-95.40260,979,near
3008,Sumner,Washington,WA,10885,47.20333,-122.23917,253 206,near
3009,New Richmond,Wisconsin,WI,10879,45.15982,-92.55133,715,near
3010,Lighthouse Point,Florida,FL,10878,26.27870,-80.11244,754 954 561 352,near
3011,Union City,Tennessee,TN,10876,36.42631,-89.06666,731,near
3012,Hobart,Wisconsin,WI,10876,,,,
3013,Newberry,South Carolina,SC,10874,34.28466,-81.61574,864,near
3014,Palatka,Florida,FL,10867,29.65775,-81.65945,386,near
3015,Alachua,Florida,FL,10856,29.79700,-82.48053,352,near
3016,Vidalia,Georgia,GA,10853,32.19341,-82.40672,912,near
3017,Flowood,Mississippi,MS,10853,32.31650,-90.11050,601 769,near
3018,Timnath,Colorado,CO,10848,40.52917,-104.98472,970 303 720,near
3019,Brandon,South Dakota,SD,10837,43.59641,-96.57820,605,near
3020,Newport,Oregon,OR,10833,44.64865,-124.05090,458,near
3021,Heath,Ohio,OH,10822,40.01966,-82.38753,220 740,near
3022,Alexandria,Kentucky,KY,10819,38.94060,-84.39433,859,near
3023,Piedmont,California,CA,10816,37.82760,-122.25070,510 925 650 415 628,near
3024,Atchison,Kansas,KS,10813,39.55941,-95.13041,913,near
3025,Morgan City,Louisiana,LA,10813,29.72394,-91.11650,985,near
3026,West Haverstraw,New York,NY,10804,41.20902,-73.98212,845 914,near
3027,Fairview,Oregon,OR,10796,45.53861,-122.43278,458 503 541 971,near
3028,Bedford Heights,Ohio,OH,10791,,,,
3029,Essex Junction,Vermont,VT,10787,44.50347,-73.09064,802,near
3030,Canton,Mississippi,MS,10777,32.62054,-90.00608,601 769,near
3031,Sierra Madre,California,CA,10775,34.16510,-118.05192,626 747 818 323 562 213 909,near
3032,Manhattan,Illinois,IL,10772,41.42888,-87.97713,779 815 708,near
3033,Kennedale,Texas,TX,10771,32.64316,-97.21385,682 817 214 469 972,near
3034,Oakland,Tennessee,TN,10769,35.22293,-89.55176,901,near
3035,Summit,Illinois,IL,10761,,,,
3036,Magnolia,Arkansas,AR,10759,33.26468,-93.23915,870,near
3037,Darby,Pennsylvania,PA,10749,39.91673,-75.26623,484 610 215 267,near
3038,Chestnut Ridge,New York,NY,10746,,,,
3039,Northlake,Texas,TX,10746,,,,
3040,Dayton,Minnesota,MN,10744,45.19816,-93.46680,763 218 612,near
3041,London,Ohio,OH,10743,39.90007,-83.44390,614,near
3042,Shelton,Washington,WA,10737,47.20863,-123.07286,360,near
3043,Russellville,Alabama,AL,10736,34.50657,-87.72573,256,near
3044,Vermilion,Ohio,OH,10733,41.40999,-82.35542,440,near
3045,Nanticoke,Pennsylvania,PA,10730,41.19634,-76.00442,272 570,near
3046,Excelsior Springs,Missouri,MO,10727,39.33491,-94.22361,816,near
3047,Waynesville,North Carolina,NC,10709,35.48861,-82.98889,828,near
3048,Mount Kisco,New York,NY,10698,41.20497,-73.72992,914 845,near
3049,Vernal,Utah,UT,10698,40.44061,-109.54688,,
3050,Placerville,California,CA,10695,38.71948,-120.80456,916,near
3051,Cottage Grove,Oregon,OR,10690,43.78393,-123.05291,458,near
3052,Jackson,Wyoming,WY,10680,43.46073,-110.76628,,
3053,Le Mars,Iowa,IA,10674,42.79623,-96.17039,712,near
3054,Rifle,Colorado,CO,10663,39.54907,-107.78980,970,near
3055,Worth,Illinois,IL,10660,41.68950,-87.78627,708 331 630,near
3056,Versailles,Kentucky,KY,10656,38.04130,-84.72868,502 859,near
3057,Port Townsend,Washington,WA,10649,48.10401,-122.79446,425,near
3058,Freeport,Texas,TX,10635,28.96968,-95.37139,979,near
3059,East Rutherford,New Jersey,NJ,10624,40.83853,-74.10407,862 973 201 551 908,near
3060,Atoka,Tennessee,TN,10624,35.42134,-89.82160,901,near
3061,Mahomet,Illinois,IL,10619,40.19644,-88.39283,217,near
3062,Barrington,Illinois,IL,10615,42.16139,-88.13835,224 847 331 630 779 815,near
3063,Fort Oglethorpe,Georgia,GA,10614,34.96408,-85.24281,706,near
3064,Somers Point,New Jersey,NJ,10611,39.32231,-74.60080,609,near
3065,Bellmead,Texas,TX,10607,,,,
3066,Sonoma,California,CA,10606,38.29566,-122.47284,707 415 628,near
3067,Corning,New York,NY,10605,42.13833,-77.04755,607,near
3068,Tipp City,Ohio,OH,10596,39.94358,-84.17150,937,near
3069,Morro Bay,California,CA,10591,35.37953,-120.84475,805,near
3070,Little Canada,Minnesota,MN,10590,,,,
3071,Northampton,Pennsylvania,PA,10587,40.69976,-75.48742,484 610,near
3072,Mount Airy,North Carolina,NC,10583,36.50074,-80.61187,336,near
3073,Monroe,Wisconsin,WI,10579,42.59908,-89.64030,608,near
3074,Waverly,Iowa,IA,10576,42.73731,-92.46620,319,near
3075,Bluffton,Indiana,IN,10556,40.73684,-85.16220,260,near
3076,Beverly Hills,Michigan,MI,10552,,,,
3077,Richmond Heights,Ohio,OH,10552,,,,
3078,South Amboy,New Jersey,NJ,10549,40.46473,-74.27863,732 848 908,near
3079,Alpine,Utah,UT,10548,40.46159,-111.76886,385 801,near
3080,La Grange,Kentucky,KY,10541,38.40290,-85.39282,502,near
3081,Garden City,Georgia,GA,10536,,,,
3082,Fairview,Tennessee,TN,10535,35.97553,-87.13206,615 629,near
3083,Snohomish,Washington,WA,10534,47.89538,-122.07156,425 360,near
3084,Crestwood,Illinois,IL,10533,,,,
3085,Bay St. Louis,Mississippi,MS,10526,,,,
3086,Franklin,Kentucky,KY,10524,36.72535,-86.57004,270,near
3087,Cadillac,Michigan,MI,10521,44.25045,-85.43005,989,near
3088,Paris,Tennessee,TN,10517,36.30052,-88.30933,931,near
3089,Zebulon,North Carolina,NC,10505,35.83208,-78.31737,919,near
3090,Farmersville,California,CA,10501,36.30017,-119.20536,559,near
3091,Reading,Ohio,OH,10482,,,,
3092,Canandaigua,New York,NY,10476,42.86887,-77.28456,585,near
3093,Española,New Mexico,NM,10475,,,,
3094,Boaz,Alabama,AL,10473,34.17389,-86.12111,256,near
3095,Farmington,Arkansas,AR,10473,36.04364,-94.25387,479,near
3096,Clinton,Tennessee,TN,10458,36.08688,-84.18973,865,near
3097,Warr Acres,Oklahoma,OK,10456,,,,
3098,Sandpoint,Idaho,ID,10444,48.31199,-116.53325,208,near
3099,Lyons,Illinois,IL,10440,41.81302,-87.82356,708 331 630 224 847,near
3100,Forest Acres,South Carolina,SC,10438,,,,
3101,Galena Park,Texas,TX,10438,29.73920,-95.24000,281 346 713 832,near
3102,River Grove,Illinois,IL,10424,41.92789,-87.83871,708 331 630 224 847,near
3103,Avon Park,Florida,FL,10415,27.60008,-81.50149,863,near
3104,Vienna,West Virginia,WV,10406,39.32509,-81.54114,304 681,near
3105,Bellefontaine Neighbors,Missouri,MO,10401,,,,
3106,Columbia,Pennsylvania,PA,10399,40.03908,-76.48622,717,near
3107,Wood-Ridge,New Jersey,NJ,10397,,,,
3108,Bel Air,Maryland,MD,10395,39.53937,-76.35643,410 443 667,near
3109,Silverton,Oregon,OR,10391,44.99104,-122.76272,503 971,near
3110,Cody,Wyoming,WY,10391,44.52314,-109.07561,,
3111,Robstown,Texas,TX,10383,27.79839,-97.69952,361,near
3112,Airmont,New York,NY,10380,,,,
3113,Munhall,Pennsylvania,PA,10371,,,,
3114,Bogalusa,Louisiana,LA,10367,30.77330,-89.86533,985,near
3115,Ellisville,Missouri,MO,10359,,,,
3116,Providence Village,Texas,TX,10350,,,,
3117,Rainbow City,Alabama,AL,10349,,,,
3118,Berwick,Pennsylvania,PA,10332,41.06648,-76.24427,272,near
3119,Kendallville,Indiana,IN,10326,41.44821,-85.26087,260,near
3120,Wasilla,Alaska,AK,10318,61.58140,-149.43940,907,near
3121,Reedsburg,Wisconsin,WI,10314,43.53250,-90.00250,608,near
3122,Cedartown,Georgia,GA,10313,34.01120,-85.24590,706,near
3123,Glenwood Springs,Colorado,CO,10311,39.52961,-107.32519,970,near
3124,Waldwick,New Jersey,NJ,10308,41.01297,-74.12426,201 551 862 973,near
3125,Galion,Ohio,OH,10304,40.73032,-82.79394,419 567,near
3126,St. Albans,West Virginia,WV,10301,,,,
3127,Riverdale,Illinois,IL,10299,41.65030,-87.63190,708,near
3128,Malibu,California,CA,10298,34.03820,-118.70820,747 818 805 310 424,near
3129,Independence,Oregon,OR,10295,44.84810,-123.18791,503 971 458 541,near
3130,Wabash,Indiana,IN,10275,40.79095,-85.83212,765,near
3131,Watervliet,New York,NY,10268,42.72984,-73.71234,518,near
3132,Hillsdale,New Jersey,NJ,10266,41.00695,-74.04263,201 551 862 973,near
3133,Hermantown,Minnesota,MN,10265,,,,
3134,Sweet Home,Oregon,OR,10265,44.39811,-122.72856,458,near
3135,Taylorville,Illinois,IL,10263,39.55452,-89.31336,217,near
3136,Safford,Arizona,AZ,10257,32.82949,-109.62664,,
3137,Wood River,Illinois,IL,10251,38.86428,-90.08751,618,near
3138,Winchester,Tennessee,TN,10251,35.18640,-86.11304,615,near
3139,Flat Rock,Michigan,MI,10249,42.10552,-83.27953,734 313,near
3140,Rio Vista,California,CA,10248,38.16373,-121.70163,925,near
3141,Shasta Lake,California,CA,10244,40.68026,-122.36540,530,near
3142,Clay,Alabama,AL,10241,33.70250,-86.59972,205,near
3143,Jesup,Georgia,GA,10235,31.60433,-81.88706,912,near
3144,Mont Belvieu,Texas,TX,10229,29.84750,-94.89056,281 346 713 832,near
3145,Town of Pecos,Texas,TX,10224,,,,
3146,Warrenton,Virginia,VA,10224,38.70630,-77.81590,571,near
3147,Helotes,Texas,TX,10223,29.59220,-98.70353,210,near
3148,Maywood,New Jersey,NJ,10221,40.90241,-74.06292,201 551 862 973 908,near
3149,New Hyde Park,New York,NY,10220,40.74393,-73.68042,516 347 718 917 929 914 631,near
3150,Harrisburg,South Dakota,SD,10203,43.44602,-96.68639,605,near
3151,Hartland,Wisconsin,WI,10203,43.11715,-88.34457,262,near
3152,Lago Vista,Texas,TX,10201,,,,
3153,Winfield,Illinois,IL,10199,41.87436,-88.15162,331 630 312 773 224 847 708,near
3154,Sweetwater,Texas,TX,10196,32.47259,-100.39791,325,near
3155,Maryville,Missouri,MO,10193,40.34340,-94.87348,816,near
3156,Pea Ridge,Arkansas,AR,10190,36.45388,-94.11803,479,near
3157,Exeter,California,CA,10186,36.30405,-119.12928,559,near
3158,Columbia City,Indiana,IN,10185,41.16186,-85.47374,260,near
3159,Paris,Kentucky,KY,10185,38.20829,-84.24499,859,near
3160,Cleveland,Mississippi,MS,10183,33.74300,-90.73087,662,near
3161,Hackettstown,New Jersey,NJ,10182,40.85289,-74.83432,862,near
3162,Fairmont,Minnesota,MN,10176,43.63759,-94.45095,507,near
3163,Cumming,Georgia,GA,10175,34.24700,-84.18120,678 770,near
3164,Dripping Springs,Texas,TX,10165,30.22677,-98.10295,512,near
3165,Groton,Connecticut,CT,10160,41.35717,-72.05795,860 959,near
3166,Ingleside,Texas,TX,10155,27.86824,-97.20691,361,near
3167,Ironton,Ohio,OH,10147,38.52943,-82.66535,220,near
3168,Valley,Alabama,AL,10144,32.81135,-85.17491,334,near
3169,Burlington,New Jersey,NJ,10143,40.06802,-74.84535,609 856,near
3170,Sanger,Texas,TX,10142,33.35627,-97.18143,940,near
3171,Woodbury,New Jersey,NJ,10138,39.82948,-75.13797,856,near
3172,Kennett,Missouri,MO,10137,36.24066,-90.04906,,
3173,Baker City,Oregon,OR,10135,44.78010,-117.82863,,
3174,Molalla,Oregon,OR,10134,45.12226,-122.57557,503 971,near
3175,San Elizario,Texas,TX,10128,31.58500,-106.27222,915,near
3176,Carroll,Iowa,IA,10125,42.07197,-94.86666,515,near
3177,Elkhorn,Wisconsin,WI,10122,42.70093,-88.54621,608,near
3178,Camden,Arkansas,AR,10116,33.57587,-92.83339,870,near
3179,Alpena,Michigan,MI,10116,45.07902,-83.46020,,
3180,Monett,Missouri,MO,10108,36.92124,-93.92577,417,near
3181,Kinnelon,New Jersey,NJ,10108,,,,
3182,Raymondville,Texas,TX,10107,26.47924,-97.79666,956,near
3183,Auburn,Georgia,GA,10094,34.01361,-83.82778,678 770,near
3184,Lancaster,New York,NY,10094,42.90168,-78.66308,716,near
3185,Green Cove Springs,Florida,FL,10087,30.00425,-81.72618,904,near
3186,Mechanicsburg,Pennsylvania,PA,10085,40.21417,-77.00889,717,near
3187,Decatur,Indiana,IN,10072,40.82733,-84.93143,260,near
3188,Spring Hill,Kansas,KS,10070,38.76309,-94.82459,913,near
3189,Bel Aire,Kansas,KS,10066,,,,
3190,Oneida,New York,NY,10066,43.08625,-75.65081,315,near
3191,East Rockaway,New York,NY,10064,40.64044,-73.66738,516 347 718 917 929 631,near
3192,Chatham,New Jersey,NJ,10062,40.73053,-74.40170,908 862 973 732 848 201 551,near
3193,Canal Winchester,Ohio,OH,10060,39.83486,-82.80437,614 220 740,near
3194,Cairo,Georgia,GA,10057,30.95170,-84.20480,229,near
3195,Sellersburg,Indiana,IN,10057,38.39033,-85.76352,812 930,near
3196,North Bend,Oregon,OR,10049,43.43267,-124.21310,458 541,exact
3197,Marathon,Florida,FL,10039,24.72792,-81.03858,305,near
3198,Cambridge,Ohio,OH,10036,40.03050,-81.59128,220,near
3199,Lincoln City,Oregon,OR,10034,44.96814,-123.99556,503,near
3200,Detroit Lakes,Minnesota,MN,10033,46.83488,-95.80061,218,near
3201,Highland,Illinois,IL,10028,38.76309,-89.67889,618,near
3202,Mooresville,Indiana,IN,10027,39.59147,-86.36417,317,near
3203,Cape Canaveral,Florida,FL,10014,28.39034,-80.60427,321,near
3204,Mission,Kansas,KS,10013,39.01980,-94.66510,913,near
3205,Corte Madera,California,CA,10006,37.92226,-122.51320,415 628 510 650,near
3206,Windsor,Wisconsin,WI,10005,43.21412,-89.34147,608,near
3207,Massena,New York,NY,9998,44.93241,-74.88621,,
3208,St. Anthony,Minnesota,MN,9993,,,,
3209,Willoughby Hills,Ohio,OH,9986,,,,
3210,Brooksville,Florida,FL,9985,28.56581,-82.37367,352,near
3211,Fort Madison,Iowa,IA,9983,40.63301,-91.33983,319,near
3212,Bristol,Pennsylvania,PA,9982,40.10917,-74.86072,215 267,near
3213,Harrisonville,Missouri,MO,9980,38.64193,-94.32852,816,near
3214,Hailey,Idaho,ID,9976,43.52386,-114.30640,208,near
3215,Portage,Wisconsin,WI,9975,43.55015,-89.47139,608,near
3216,New Square,New York,NY,9973,,,,
3217,Morehead City,North Carolina,NC,9963,34.72532,-76.75307,252,near
3218,Sparta,Wisconsin,WI,9963,43.95405,-90.81457,608,near
3219,Fort Lupton,Colorado,CO,9948,40.07888,-104.86564,303 720,near
3220,Sturgeon Bay,Wisconsin,WI,9940,44.84384,-87.37531,920,near
3221,Cedar Hills,Utah,UT,9916,,,,
3222,Mount Airy,Maryland,MD,9914,39.38813,-77.17235,410 443 667 240 301,near
3223,Howell,Michigan,MI,9914,42.61593,-83.92481,248,near
3224,Yazoo City,Mississippi,MS,9913,32.85937,-90.40314,601,near
3225,Middletown,Kentucky,KY,9908,,,,
3226,Greencastle,Indiana,IN,9907,39.64949,-86.86861,812,near
3227,Alamosa,Colorado,CO,9906,37.47027,-105.87860,,
3228,Astoria,Oregon,OR,9906,46.15580,-123.79798,503,near
3229,Rye Brook,New York,NY,9900,,,,
3230,Arkadelphia,Arkansas,AR,9894,34.11525,-93.06899,501,near
3231,Struthers,Ohio,OH,9891,41.05085,-80.59849,234 330,near
3232,Blanchard,Oklahoma,OK,9869,35.11921,-97.64013,405,near
3233,Marysville,Michigan,MI,9868,42.91353,-82.48134,810,near
3234,Thomaston,Georgia,GA,9850,32.90153,-84.33240,678,near
3235,College Place,Washington,WA,9846,46.04572,-118.38534,509,near
3236,Hamburg,New York,NY,9835,42.73340,-78.83885,716,near
3237,York,South Carolina,SC,9830,34.99467,-81.22446,803,near
3238,DuPont,Washington,WA,9823,47.09694,-122.63000,253 360,near
3239,Wapakoneta,Ohio,OH,9817,40.56898,-84.17738,419 567,near
3240,Anaconda-Deer Lodge County,Montana,MT,9811,,,,
3241,Eagle Point,Oregon,OR,9811,42.49347,-122.80880,458 541,near
3242,Muskegon Heights,Michigan,MI,9806,,,,
3243,Bridge City,Texas,TX,9806,30.04054,-93.84729,409,near
3244,Mayfield,Kentucky,KY,9805,36.73269,-88.65064,270,near
3245,Commerce,Texas,TX,9800,33.24930,-95.90968,903,near
3246,Bogota,New Jersey,NJ,9799,40.87444,-74.02812,201 551 862 973 908,near
3247,Grosse Pointe Farms,Michigan,MI,9794,,,,
3248,Peru,Illinois,IL,9793,41.33302,-89.12648,779,near
3249,Louisville,Ohio,OH,9793,40.84773,-81.25946,234 330,near
3250,Kaufman,Texas,TX,9785,32.54599,-96.28524,214,near
3251,Whitehouse,Texas,TX,9781,32.22196,-95.22655,903,near
3252,Sedona,Arizona,AZ,9778,34.86970,-111.76020,928,near
3253,Hillsborough,North Carolina,NC,9773,36.07558,-79.09142,919 984,near
3254,Cordele,Georgia,GA,9767,31.96333,-83.78250,229,near
3255,West Point,Mississippi,MS,9758,33.62650,-88.68226,662,near
3256,Collinsville,Oklahoma,OK,9757,36.37007,-95.84688,539,near
3257,Cleveland,Texas,TX,9757,30.32998,-95.02015,281,near
3258,Dayton,Texas,TX,9752,30.01021,-94.87875,281,near
3259,Middletown,Pennsylvania,PA,9748,40.20409,-76.73313,717,near
3260,Morrisville,Pennsylvania,PA,9745,40.21206,-74.82215,215 267,near
3261,Gibsonville,North Carolina,NC,9744,36.11830,-79.56845,336 743,near
3262,Matawan,New Jersey,NJ,9739,40.41088,-74.23795,732 848 908,near
3263,Washington,North Carolina,NC,9738,35.58839,-77.14036,252,near
3264,Lititz,Pennsylvania,PA,9733,40.16257,-76.29926,717,near
3265,Greenwood,Arkansas,AR,9730,35.19548,-94.25303,479,near
3266,Vernon,Texas,TX,9728,34.14914,-99.30301,940,near
3267,Amityville,New York,NY,9718,40.68420,-73.41711,631 516,near
3268,Orange Cove,California,CA,9708,36.62428,-119.31350,559,near
3269,Sunbury,Ohio,OH,9705,40.26550,-82.85105,614 220 740,near
3270,Brentwood,Pennsylvania,PA,9704,,,,
3271,Pryor Creek,Oklahoma,OK,9700,,,,
3272,Keansburg,New Jersey,NJ,9689,40.44136,-74.13063,732 848 908,near
3273,Delta,Colorado,CO,9688,38.73489,-108.06042,970,near
3274,Vidor,Texas,TX,9686,30.15018,-94.00078,409,near
3275,Woodway,Texas,TX,9686,31.50507,-97.23106,254,near
3276,Montvale,New Jersey,NJ,9663,41.04946,-74.03836,201 551 862 973,near
3277,Dade City,Florida,FL,9662,28.42970,-82.20820,352,near
3278,East Liverpool,Ohio,OH,9651,40.64592,-80.57867,234,near
3279,Fallon,Nevada,NV,9647,39.47025,-118.78611,775,near
3280,Bladensburg,Maryland,MD,9635,38.94521,-76.92033,240 301 410 443 667,near
3281,Shawano,Wisconsin,WI,9635,44.78513,-88.60360,920,near
3282,Park Ridge,New Jersey,NJ,9634,41.03435,-74.03957,201 551 862 973,near
3283,Southside,Alabama,AL,9633,,,,
3284,Brewer,Maine,ME,9629,44.78743,-68.75390,207,near
3285,Sauk Village,Illinois,IL,9627,,,,
3286,Clarksville,Arkansas,AR,9606,35.49076,-93.49106,479,near
3287,Canonsburg,Pennsylvania,PA,9601,40.27074,-80.15315,412 724 878,near
3288,Hawthorn Woods,Illinois,IL,9584,,,,
3289,Tomah,Wisconsin,WI,9574,43.99483,-90.49170,608,near
3290,Aberdeen,North Carolina,NC,9573,35.12164,-79.44504,910,near
3291,Uniontown,Pennsylvania,PA,9554,39.88973,-79.72822,412,near
3292,North College Hill,Ohio,OH,9552,,,,
3293,Sunbury,Pennsylvania,PA,9549,40.85512,-76.77761,272,near
3294,Hooper,Utah,UT,9548,41.18267,-112.09037,385 801,near
3295,Madeira,Ohio,OH,9542,,,,
3296,Pearsall,Texas,TX,9541,28.89232,-99.09436,210,near
3297,Fairfield,Alabama,AL,9524,33.47349,-86.91826,205,near
3298,Bondurant,Iowa,IA,9511,41.70166,-93.45269,515,near
3299,Fairfield,Iowa,IA,9511,41.00394,-91.95761,641,near
3300,Rochelle,Illinois,IL,9510,41.92816,-89.07103,779,near
3301,DeRidder,Louisiana,LA,9508,30.82874,-93.26846,337,near
3302,Itasca,Illinois,IL,9506,41.97197,-88.02025,331 630 224 847 708 312 773,near
3303,Florence,Oregon,OR,9504,43.98810,-124.09930,458,near
3304,Capitola,California,CA,9503,36.97736,-121.95215,831,near
3305,Live Oak,California,CA,9503,39.26690,-121.66393,530,near
3306,Monroe,New York,NY,9502,41.33056,-74.18722,914 845,near
3307,Grinnell,Iowa,IA,9495,41.74208,-92.73443,641,near
3308,Wesley Chapel,North Carolina,NC,9495,,,,
3309,Palm Beach,Florida,FL,9493,26.72065,-80.03883,561,near
3310,Leonia,New Jersey,NJ,9492,40.86293,-73.98787,201 551 862 973 908,near
3311,Harrodsburg,Kentucky,KY,9491,37.76999,-84.84675,859,near
3312,Arden Hills,Minnesota,MN,9490,,,,
3313,Navasota,Texas,TX,9471,30.38778,-96.08750,979,near
3314,Scott,Louisiana,LA,9468,30.25040,-92.09808,337,near
3315,Keokuk,Iowa,IA,9462,40.40943,-91.39823,319,near
3316,Girard,Ohio,OH,9454,41.16114,-80.69330,234 330,near
3317,Rensselaer,New York,NY,9453,42.63585,-73.72190,518,near
3318,Clinton,Missouri,MO,9449,38.36881,-93.75891,660,near
3319,Providence,Utah,UT,9447,41.69522,-111.82439,435,near
3320,East Stroudsburg,Pennsylvania,PA,9445,41.03671,-75.17346,484,near
3321,Merrill,Wisconsin,WI,9445,45.18092,-89.69070,715,near
3322,Angola,Indiana,IN,9432,41.65632,-85.01980,260,near
3323,Jacinto City,Texas,TX,9431,,,,
3324,LaSalle,Illinois,IL,9424,,,,
3325,Warrenton,Missouri,MO,9420,38.80504,-91.17405,636,near
3326,Marble Falls,Texas,TX,9413,30.57228,-98.30699,512,near
3327,Ione,California,CA,9411,38.35188,-120.94326,209,near
3328,Harvard,Illinois,IL,9408,42.42273,-88.60481,779 815,near
3329,Oakwood,Ohio,OH,9400,41.09079,-84.39692,419,near
3330,Silver City,New Mexico,NM,9399,32.78999,-108.27492,,
3331,Bridgeport,West Virginia,WV,9397,39.29537,-80.24269,304,near
3332,Lancaster,South Carolina,SC,9396,34.74901,-80.76158,803,near
3333,Diamondhead,Mississippi,MS,9391,30.39444,-89.36389,228,near
3334,Toccoa,Georgia,GA,9389,34.56647,-83.31144,678,near
3335,Steger,Illinois,IL,9376,41.46861,-87.63859,708,near
3336,Pleasant Grove,Alabama,AL,9375,33.48834,-86.97659,205,near
3337,Ventnor City,New Jersey,NJ,9372,39.34599,-74.47234,609,near
3338,Flossmoor,Illinois,IL,9371,41.54057,-87.68374,708,near
3339,Oil City,Pennsylvania,PA,9368,41.43194,-79.69165,724,near
3340,Booneville,Mississippi,MS,9367,34.66943,-88.54430,662,near
3341,Brownsville,Tennessee,TN,9358,35.60996,-89.26235,731,near
3342,Tolleson,Arizona,AZ,9353,33.43469,-112.27744,623 602,near
3343,Laurens,South Carolina,SC,9352,34.50071,-82.02677,864,near
3344,Alma,Michigan,MI,9349,43.38088,-84.66348,989,near
3345,Conshohocken,Pennsylvania,PA,9342,40.07985,-75.30133,484 610 215 267,near
3346,Sugar Grove,Illinois,IL,9339,41.77411,-88.43972,331 630 312 773,near
3347,Perkasie,Pennsylvania,PA,9338,40.37653,-75.26480,484,near
3348,Elsmere,Kentucky,KY,9337,,,,
3349,The Village,Oklahoma,OK,9337,,,,
3350,Sheffield,Alabama,AL,9335,34.75783,-87.69706,256,near
3351,Parsons,Kansas,KS,9328,37.33889,-95.26929,,
3352,Oak Grove,Minnesota,MN,9327,,,,
3353,Caldwell,New Jersey,NJ,9326,40.84906,-74.27677,862 973 908 201 551,near
3354,Fultondale,Alabama,AL,9325,33.61128,-86.81361,205,near
3355,Oak Island,North Carolina,NC,9322,33.91612,-78.12546,910,near
3356,Denham Springs,Louisiana,LA,9321,30.58210,-90.93410,225,near
3357,Cresskill,New Jersey,NJ,9311,40.94185,-73.96521,201 551 862 973 908,near
3358,Quakertown,Pennsylvania,PA,9302,40.44110,-75.35067,484 610,near
3359,Altoona,Wisconsin,WI,9302,44.80214,-91.43825,715,near
3360,Charlotte,Michigan,MI,9301,42.57017,-84.83518,517,near
3361,Fredonia,New York,NY,9295,42.43335,-79.33391,716,near
3362,Millersville,Pennsylvania,PA,9290,39.99821,-76.35657,717,near
3363,Ogdensburg,New York,NY,9282,44.69020,-75.47740,315,near
3364,Jennings,Louisiana,LA,9280,30.22011,-92.65740,337,near
3365,Waterford,California,CA,9271,37.65099,-120.75386,209,near
3366,Savoy,Illinois,IL,9260,40.06537,-88.25284,217,near
3367,Whitefish,Montana,MT,9256,48.40400,-114.35086,,
3368,Absecon,New Jersey,NJ,9249,39.46237,-74.50311,609,near
3369,Berlin,New Hampshire,NH,9248,44.48107,-71.18924,,
3370,Guntersville,Alabama,AL,9242,34.32193,-86.30546,256,near
3371,Manteno,Illinois,IL,9241,41.25144,-87.84676,779 815,near
3372,Lynwood,Illinois,IL,9239,,,,
3373,Shelby,Ohio,OH,9238,40.87843,-82.65495,419 567,near
3374,Clanton,Alabama,AL,9228,32.83553,-86.64247,334,near
3375,McFarland,Wisconsin,WI,9224,,,,
3376,Tuscumbia,Alabama,AL,9222,34.68743,-87.68326,256,near
3377,Gypsum,Colorado,CO,9218,39.66185,-106.96708,,
3378,Gretna,Nebraska,NE,9207,41.13446,-96.24584,402,near
3379,Little Falls,Minnesota,MN,9206,45.98108,-94.36043,320,near
3380,Havre,Montana,MT,9204,48.55612,-109.68797,,
3381,Seneca,South Carolina,SC,9202,34.73470,-82.94820,864,near
3382,Hampton,Georgia,GA,9201,33.41240,-84.29474,678 770 404,near
3383,Lake Park,Florida,FL,9188,,,,
3384,Baxter,Minnesota,MN,9186,46.34333,-94.28639,320,near
3385,Plymouth,Michigan,MI,9185,42.36882,-83.47995,734,exact
3386,Grandview Heights,Ohio,OH,9184,,,,
3387,Riverdale,Utah,UT,9184,,,,
3388,Bethalto,Illinois,IL,9183,38.90735,-90.03445,618,near
3389,Willowbrook,Illinois,IL,9179,41.75278,-87.91972,331 630 708 779 815,near
3390,Duvall,Washington,WA,9176,47.72499,-121.93691,425,near
3391,Des Peres,Missouri,MO,9171,,,,
3392,Bernalillo,New Mexico,NM,9159,35.32851,-106.53087,505,near
3393,Bluefield,West Virginia,WV,9157,37.27979,-81.22902,,
3394,Cortez,Colorado,CO,9151,37.35495,-108.58373,,
3395,Mascotte,Florida,FL,9150,28.57806,-81.88694,321,near
3396,Lapeer,Michigan,MI,9146,43.05788,-83.33315,810,near
3397,Joshua,Texas,TX,9146,32.46625,-97.40112,682 817,near
3398,Oak Grove,Missouri,MO,9129,38.99846,-94.13995,816,near
3399,Warren,Pennsylvania,PA,9125,41.84526,-79.14286,814,near
3400,Mascoutah,Illinois,IL,9118,38.49028,-89.79306,618,near
3401,Paradise,California,CA,9114,39.74639,-121.63611,530,exact
3402,Poteau,Oklahoma,OK,9111,35.06056,-94.60960,539,near
3403,Park City,Kansas,KS,9110,,,,
3404,Greenville,Michigan,MI,9110,43.17926,-85.24971,616,near
3405,Augusta,Kansas,KS,9103,37.68361,-96.96477,316,near
3406,Chillicothe,Missouri,MO,9103,39.79657,-93.55089,816,near
3407,Milliken,Colorado,CO,9102,40.31066,-104.87614,970 303 720,near
3408,Saline,Michigan,MI,9101,42.16984,-83.78494,734,near
3409,Sunset Hills,Missouri,MO,9099,,,,
3410,Richmond Heights,Missouri,MO,9096,,,,
3411,Beebe,Arkansas,AR,9092,35.09374,-91.90745,501,near
3412,Piedmont,Oklahoma,OK,9092,35.66946,-97.74311,405,near
3413,Minnetrista,Minnesota,MN,9091,,,,
3414,Washington Terrace,Utah,UT,9091,,,,
3415,Thompson's Station,Tennessee,TN,9081,,,,
3416,Gilberts,Illinois,IL,9075,42.09838,-88.36909,224 847 779 815 331 630,near
3417,Waseca,Minnesota,MN,9067,44.08340,-93.51083,507,near
3418,Haledon,New Jersey,NJ,9063,40.94569,-74.18260,862 973 201 551 908,near
3419,Delavan,Wisconsin,WI,9055,42.62271,-88.62772,608,near
3420,Eunice,Louisiana,LA,9044,30.51158,-92.39847,337,near
3421,Sheffield Lake,Ohio,OH,9035,41.48228,-82.09650,440 216,near
3422,Smithfield,Virginia,VA,9032,36.98106,-76.63682,757,near
3423,Mound,Minnesota,MN,9031,44.93816,-93.65609,952 763 612,near
3424,Fort Valley,Georgia,GA,9023,32.54956,-83.88873,478,near
3425,Centerville,Georgia,GA,9021,32.63437,-83.67677,478,near
3426,Livingston,Montana,MT,9021,45.65459,-110.56091,406,near
3427,Clayton,New Jersey,NJ,9016,39.65897,-75.09419,856,near
3428,Brunswick,Maryland,MD,9015,39.31636,-77.62300,240 301,near
3429,Jefferson City,Tennessee,TN,9013,36.11633,-83.48098,423,near
3430,Indian Harbour Beach,Florida,FL,9006,,,,
3431,Aliquippa,Pennsylvania,PA,9003,40.60442,-80.28157,412,near
3432,Othello,Washington,WA,9001,46.79252,-119.31641,509,near
3433,Orange Park,Florida,FL,8993,30.10440,-81.71450,904,near
3434,Economy,Pennsylvania,PA,8990,,,,
3435,Parkville,Missouri,MO,8980,,,,
3436,Liberty,Texas,TX,8974,30.07279,-94.76382,281,near
3437,Cottage Grove,Wisconsin,WI,8974,43.07840,-89.20169,608,near
3438,Oxford,North Carolina,NC,8972,36.33127,-78.61343,919,near
3439,Rice Lake,Wisconsin,WI,8971,45.51047,-91.73354,715,near
3440,Hondo,Texas,TX,8969,29.35607,-99.12764,210,near
3441,Purcellville,Virginia,VA,8965,39.15450,-77.71860,571 703,near
3442,Riverside,Illinois,IL,8964,41.83737,-87.82136,708 331 630 224 847,near
3443,Fruitland Park,Florida,FL,8962,28.86395,-81.89975,352,near
3444,Hillview,Kentucky,KY,8962,38.06972,-85.68556,502,near
3445,Olivette,Missouri,MO,8960,,,,
3446,Travelers Rest,South Carolina,SC,8960,35.00393,-82.42718,864,near
3447,Collingdale,Pennsylvania,PA,8956,,,,
3448,Seaford,Delaware,DE,8952,38.64036,-75.60412,302,near
3449,St. Francis,Wisconsin,WI,8951,,,,
3450,Pitman,New Jersey,NJ,8943,39.73116,-75.12968,856,near
3451,Stanwood,Washington,WA,8943,48.20107,-122.37798,360,near
3452,Ecorse,Michigan,MI,8938,42.25188,-83.14894,313 734 248 947,near
3453,Ladue,Missouri,MO,8937,,,,
3454,Tiburon,California,CA,8933,,,,
3455,Newark,New York,NY,8932,43.05191,-77.09460,585,near
3456,Bastrop,Louisiana,LA,8922,32.78938,-91.90776,318,near
3457,Arab,Alabama,AL,8918,34.32834,-86.48964,256,near
3458,East Grand Forks,Minnesota,MN,8915,47.93180,-97.02126,218,near
3459,Orting,Washington,WA,8911,47.08221,-122.18598,253,near
3460,Anthony,New Mexico,NM,8910,31.93451,-106.57345,575,near
3461,Craig,Colorado,CO,8903,40.52235,-107.56146,,
3462,Middlesborough,Kentucky,KY,8899,,,,
3463,Camden,South Carolina,SC,8899,34.26964,-80.59100,803,near
3464,Boonton,New Jersey,NJ,8894,40.91153,-74.41403,862 973 908 201 551,near
3465,Grants,New Mexico,NM,8880,35.35980,-107.93566,505,near
3466,Plain City,Utah,UT,8880,,,,
3467,Skiatook,Oklahoma,OK,8879,36.37250,-96.01233,539 918,near
3468,Hillsboro,Texas,TX,8878,32.01494,-97.11979,682,near
3469,Signal Mountain,Tennessee,TN,8877,35.14942,-85.33624,423,near
3470,Charles Town,West Virginia,WV,8869,39.27708,-77.85625,,
3471,Hampshire,Illinois,IL,8864,42.08075,-88.51703,224 847 779 815,near
3472,Pleasant Hill,Missouri,MO,8864,38.78586,-94.24396,816,near
3473,Graham,Texas,TX,8859,33.09928,-98.58321,940,near
3474,North Haledon,New Jersey,NJ,8854,,,,
3475,Plymouth,Wisconsin,WI,8854,43.75258,-87.97791,920,near
3476,Benton Harbor,Michigan,MI,8848,42.10859,-86.42342,269,near
3477,Aubrey,Texas,TX,8843,33.29200,-96.98787,940 214 469 972,near
3478,Lucas,Texas,TX,8840,,,,
3479,Sunnyvale,Texas,TX,8839,32.80192,-96.56700,214 469 972,near
3480,Milton,Washington,WA,8833,47.24827,-122.31551,253 206,near
3481,Franklin,New Hampshire,NH,8823,43.44257,-71.64912,603,near
3482,Ellsworth,Maine,ME,8822,44.55482,-68.41209,207,near
3483,Georgetown,South Carolina,SC,8821,33.43078,-79.32346,843,near
3484,Harahan,Louisiana,LA,8819,,,,
3485,Bath,Maine,ME,8817,43.90615,-69.82657,207,near
3486,Fitzgerald,Georgia,GA,8813,31.72477,-83.24953,229,near
3487,Josephine,Texas,TX,8807,33.06111,-96.30694,903,near
3488,Carbondale,Pennsylvania,PA,8805,41.58348,-75.50736,272 570,near
3489,Pulaski,Virginia,VA,8805,37.05671,-80.77096,540,near
3490,Commerce,Georgia,GA,8803,34.22160,-83.38740,706,near
3491,Emmett,Idaho,ID,8803,43.87915,-116.51146,208,near
3492,Rockingham,North Carolina,NC,8802,34.93361,-79.76657,704,near
3493,Audubon,New Jersey,NJ,8801,39.89104,-75.07242,856 609,near
3494,Cloverdale,California,CA,8784,38.79940,-123.01172,707,near
3495,Wyoming,Ohio,OH,8781,,,,
3496,Thief River Falls,Minnesota,MN,8779,48.11039,-96.16702,,
3497,Hoquiam,Washington,WA,8771,46.98227,-123.88417,360,near
3498,Fort Mitchell,Kentucky,KY,8766,,,,
3499,Highland Park,Texas,TX,8762,,,,
3500,Conover,North Carolina,NC,8760,35.73134,-81.21645,828,near
3501,Beaver Falls,Pennsylvania,PA,8757,40.76623,-80.33988,724,near
3502,Harwood Heights,Illinois,IL,8755,41.96470,-87.81870,708 224 847 331 630,near
3503,Wharton,Texas,TX,8755,29.32049,-96.08583,281,near
3504,Payette,Idaho,ID,8754,44.07818,-116.92028,208,near
3505,Dunn,North Carolina,NC,8754,35.31651,-78.61508,910,near
3506,Aransas Pass,Texas,TX,8742,27.90917,-97.14972,361,near
3507,Floresville,Texas,TX,8738,29.16934,-98.19359,210,near
3508,Lake Villa,Illinois,IL,8737,42.41480,-88.06332,224 847 779 815,near
3509,Guadalupe,California,CA,8735,34.95999,-120.57033,805,near
3510,St. Pete Beach,Florida,FL,8730,,,,
3511,Closter,New Jersey,NJ,8730,40.97205,-73.95898,201 551 862 973 908,near
3512,Andalusia,Alabama,AL,8728,31.29714,-86.49047,334,near
3513,Presque Isle,Maine,ME,8728,46.68415,-68.01179,,
3514,Napoleon,Ohio,OH,8724,41.39097,-84.14327,419,near
3515,Glencoe,Illinois,IL,8720,42.13334,-87.76149,224 847 708 331 630,near
3516,Ephrata,Washington,WA,8718,47.27705,-119.53358,509,near
3517,Maysville,Kentucky,KY,8711,38.61972,-83.75886,859,near
3518,Sallisaw,Oklahoma,OK,8708,35.48519,-94.77900,539,near
3519,Park Hills,Missouri,MO,8705,37.85555,-90.52735,314,near
3520,Clarendon Hills,Illinois,IL,8703,41.77973,-87.95532,331 630 708 779 815 312 773 224 847,near
3521,Indianola,Mississippi,MS,8702,33.44908,-90.65414,662,near
3522,Upper Saddle River,New Jersey,NJ,8696,,,,
3523,Lake Geneva,Wisconsin,WI,8691,42.58811,-88.45538,262,near
3524,Brownfield,Texas,TX,8682,33.16980,-102.27616,806,near
3525,Olmsted Falls,Ohio,OH,8676,41.37335,-81.91577,440 216 234 330,near
3526,Sioux Center,Iowa,IA,8675,43.08142,-96.17995,712,near
3527,Enoch,Utah,UT,8664,,,,
3528,Prairie View,Texas,TX,8662,30.09306,-95.98750,281,near
3529,Toppenish,Washington,WA,8658,46.37512,-120.33053,509,near
3530,Sheboygan Falls,Wisconsin,WI,8656,43.72660,-87.82423,920,near
3531,Old Forge,Pennsylvania,PA,8654,41.37008,-75.73907,272 570,near
3532,Tuskegee,Alabama,AL,8653,32.43162,-85.68606,334,near
3533,Selah,Washington,WA,8653,46.67671,-120.54081,509,near
3534,Gettysburg,Pennsylvania,PA,8647,39.83204,-77.22231,717,near
3535,New Paltz,New York,NY,8646,41.74335,-74.08388,845,near
3536,Sutherlin,Oregon,OR,8643,43.39040,-123.29743,458 541,near
3537,Cheviot,Ohio,OH,8640,,,,
3538,Monmouth,Illinois,IL,8639,40.91070,-90.64483,309,near
3539,Lake Alfred,Florida,FL,8632,28.08948,-81.72714,863,near
3540,Santa Clara,Utah,UT,8631,37.13306,-113.65333,435,near
3541,Monona,Wisconsin,WI,8616,,,,
3542,Nibley,Utah,UT,8615,,,,
3543,Rock Falls,Illinois,IL,8614,41.76653,-89.69247,779,near
3544,Highland Heights,Ohio,OH,8612,,,,
3545,Tecumseh,Michigan,MI,8606,41.99530,-83.95548,517,near
3546,Orland,California,CA,8605,39.74458,-122.15788,530,near
3547,West Long Branch,New Jersey,NJ,8604,40.28781,-74.01622,732 848,exact
3548,Bryan,Ohio,OH,8601,41.47484,-84.56287,419,near
3549,Orange Beach,Alabama,AL,8599,30.29060,-87.55589,251,near
3550,Lochbuie,Colorado,CO,8599,,,,
3551,Prairie Grove,Arkansas,AR,8589,35.99181,-94.31686,479,near
3552,Oberlin,Ohio,OH,8587,41.28987,-82.22286,440,near
3553,Raritan,New Jersey,NJ,8584,40.57109,-74.63769,732 848 908,near
3554,Tuttle,Oklahoma,OK,8584,35.26741,-97.74462,405,near
3555,Winslow,Arizona,AZ,8577,35.16078,-110.51138,928,near
3556,Covington,Tennessee,TN,8575,35.55984,-89.65014,901,near
3557,Waukesha,Wisconsin,WI,8573,42.99930,-88.21956,262,exact
3558,Black Mountain,North Carolina,NC,8572,35.61249,-82.32509,828,near
3559,Port Jervis,New York,NY,8566,41.37856,-74.66910,845,near
3560,Jeannette,Pennsylvania,PA,8566,40.32947,-79.61441,412 724 878,near
3561,Big Rapids,Michigan,MI,8565,43.68968,-85.47970,989,near
3562,Los Fresnos,Texas,TX,8563,26.09107,-97.49040,956,near
3563,Charlestown,Indiana,IN,8559,38.45678,-85.66061,812 930,near
3564,Winfield,Indiana,IN,8557,,,,
3565,Albertville,Minnesota,MN,8555,45.25343,-93.64690,763,near
3566,Perryville,Missouri,MO,8554,37.71744,-89.87366,573,near
3567,Gering,Nebraska,NE,8554,41.82199,-103.66290,,
3568,Farmingdale,New York,NY,8553,40.72506,-73.44505,516 631,near
3569,North Bend,Washington,WA,8553,47.47555,-121.75714,425,near
3570,Cusseta-Chattahoochee County,Georgia,GA,8548,,,,
3571,Richland Hills,Texas,TX,8546,,,,
3572,Coffeyville,Kansas,KS,8545,37.04406,-95.63276,,
3573,Houghton,Michigan,MI,8543,47.11580,-88.55802,,
3574,Chanute,Kansas,KS,8536,37.67493,-95.45696,620,near
3575,Center Line,Michigan,MI,8533,42.47879,-83.02477,586 248 947 313 517 231,near
3576,Lock Haven,Pennsylvania,PA,8531,41.14250,-77.44359,272,near
3577,Corrales,New Mexico,NM,8530,35.23389,-106.62003,505,near
3578,Kenilworth,New Jersey,NJ,8527,40.67587,-74.29442,908 862 973 732 848 201 551,near
3579,Northfield,New Jersey,NJ,8527,39.37026,-74.55524,609,near
3580,Edgewood,Kentucky,KY,8526,,,,
3581,St. Francis,Minnesota,MN,8523,,,,
3582,Stayton,Oregon,OR,8521,44.80211,-122.76241,503,near
3583,Mukwonago,Wisconsin,WI,8512,42.88205,-88.34512,262 414,near
3584,Bee Cave,Texas,TX,8510,,,,
3585,Mount Pleasant,Iowa,IA,8509,40.96457,-91.56143,319,near
3586,Bay Minette,Alabama,AL,8505,30.86354,-87.76444,251,near
3587,Waite Park,Minnesota,MN,8504,45.54972,-94.22448,320,near
3588,Springfield,Florida,FL,8495,,,,
3589,Elwood,Indiana,IN,8495,40.28028,-85.83906,765,near
3590,Lavon,Texas,TX,8491,33.02750,-96.43389,214 469 972,near
3591,Princeton,Indiana,IN,8481,38.35250,-87.56907,812,near
3592,Hope,Arkansas,AR,8465,33.65664,-93.59031,870,near
3593,Malverne,New York,NY,8464,40.67498,-73.67307,516 347 718 917 929 631,near
3594,Downingtown,Pennsylvania,PA,8463,40.01608,-75.71826,484 610,near
3595,Helena-West Helena,Arkansas,AR,8462,,,,
3596,Cushing,Oklahoma,OK,8444,35.98217,-96.75263,405,near
3597,Dalhart,Texas,TX,8443,36.07318,-102.51766,806,near
3598,Orrville,Ohio,OH,8442,40.84584,-81.77411,234 330,near
3599,Los Altos Hills,California,CA,8435,,,,
3600,Carl Junction,Missouri,MO,8435,37.17948,-94.55502,417,near
3601,Newton,New Jersey,NJ,8435,41.05828,-74.78019,862,near
3602,Kronenwetter,Wisconsin,WI,8435,,,,
3603,Gonzales,California,CA,8431,36.49004,-121.41035,831,near
3604,Olney,Illinois,IL,8431,38.73339,-88.08094,217,near
3605,Senatobia,Mississippi,MS,8428,34.63231,-89.88550,662,near
3606,Runnemede,New Jersey,NJ,8425,39.85083,-75.07422,856,near
3607,Firebaugh,California,CA,8424,36.86510,-120.47005,559,near
3608,Glenwood,Illinois,IL,8413,41.54672,-87.61258,708,near
3609,Dunellen,New Jersey,NJ,8411,40.59424,-74.47187,908 732 848 862 973,near
3610,Miles City,Montana,MT,8407,46.40746,-105.83319,,
3611,Hastings-on-Hudson,New York,NY,8407,,,,
3612,Brookhaven,Pennsylvania,PA,8407,39.86536,-75.38848,484 610 215 267,near
3613,Lewistown,Pennsylvania,PA,8394,40.59944,-77.57558,814,near
3614,Long Grove,Illinois,IL,8393,42.17833,-87.99778,224 847 331 630,near
3615,Highland Park,Michigan,MI,8390,42.42115,-83.10091,248 947 313 586 734 517,near
3616,Wagoner,Oklahoma,OK,8387,35.95486,-95.35396,539 918,near
3617,Doylestown,Pennsylvania,PA,8382,40.32039,-75.12999,484,near
3618,Corcoran,Minnesota,MN,8378,,,,
3619,St. Marys,Ohio,OH,8376,,,,
3620,Franklin,Virginia,VA,8373,36.67862,-76.93911,757,near
3621,Crete,Illinois,IL,8371,41.43895,-87.60274,708,near
3622,Winooski,Vermont,VT,8370,44.49490,-73.18741,802,near
3623,Mount Joy,Pennsylvania,PA,8364,40.10683,-76.50755,717,near
3624,Sitka city and,Alaska,AK,8355,,,,
3625,Clinton,Oklahoma,OK,8355,35.51154,-98.97953,580,near
3626,Maryville,Illinois,IL,8352,38.72361,-89.95583,618,near
3627,Jerseyville,Illinois,IL,8350,39.12132,-90.33376,618,near
3628,Hood River,Oregon,OR,8350,45.67106,-121.53910,458,near
3629,Socorro,New Mexico,NM,8348,34.04785,-106.89066,505,near
3630,Oradell,New Jersey,NJ,8344,40.95346,-74.03352,201 551 862 973 908,near
3631,Hatboro,Pennsylvania,PA,8341,40.17855,-75.10718,484 610 215 267,near
3632,Eaton,Ohio,OH,8337,39.74257,-84.65085,513,near
3633,Richfield,Utah,UT,8330,38.75708,-112.06225,,
3634,Newberry,Florida,FL,8326,29.66091,-82.58519,352,near
3635,Pleasant Hills,Pennsylvania,PA,8318,,,,
3636,Clinton,North Carolina,NC,8317,35.01514,-78.32601,910,near
3637,Abingdon,Virginia,VA,8316,36.69164,-82.01999,,
3638,Mason,Michigan,MI,8314,42.57959,-84.45609,517,near
3639,Atmore,Alabama,AL,8310,31.05725,-87.48735,251,near
3640,Spotswood,New Jersey,NJ,8306,40.38468,-74.38938,732 848 908,near
3641,Milan,Tennessee,TN,8306,35.92509,-88.76884,731,near
3642,Barre,Vermont,VT,8304,44.19452,-72.49362,802,near
3643,Denison,Iowa,IA,8302,42.01963,-95.36357,712,near
3644,Wickenburg,Arizona,AZ,8301,33.96861,-112.72889,623,near
3645,Nevada,Missouri,MO,8294,37.84085,-94.35713,417,near
3646,Quincy,Washington,WA,8294,47.19757,-119.84592,509,near
3647,Taneytown,Maryland,MD,8293,39.66580,-77.16906,410,near
3648,Park City,Utah,UT,8292,40.69572,-111.52802,385 801,near
3649,Roxboro,North Carolina,NC,8289,36.40590,-78.97370,919,near
3650,Independence,Kansas,KS,8287,37.22925,-95.71653,,
3651,North Bay Village,Florida,FL,8286,,,,
3652,Rhinelander,Wisconsin,WI,8286,45.64672,-89.40928,715,near
3653,Angier,North Carolina,NC,8284,35.48972,-78.72493,919,near
3654,Scappoose,Oregon,OR,8282,45.76545,-122.89277,503,near
3655,Swissvale,Pennsylvania,PA,8280,,,,
3656,Price,Utah,UT,8278,39.60201,-110.80812,385,near
3657,Mount Rainier,Maryland,MD,8269,38.94307,-76.96515,240 301 410 443 667,near
3658,Virginia,Minnesota,MN,8267,47.52333,-92.53639,218,near
3659,Decatur,Texas,TX,8266,33.23508,-97.57399,940,near
3660,Fletcher,North Carolina,NC,8251,35.44989,-82.49656,828,near
3661,Austell,Georgia,GA,8244,33.83370,-84.62520,678 770 404,near
3662,Pulaski,Tennessee,TN,8241,35.20927,-87.03926,931,near
3663,Brazil,Indiana,IN,8239,39.52104,-87.12777,812,near
3664,New Prague,Minnesota,MN,8235,44.54024,-93.58047,952,near
3665,Croton-on-Hudson,New York,NY,8232,,,,
3666,Westwego,Louisiana,LA,8231,29.91439,-90.18130,504,near
3667,Menominee,Michigan,MI,8231,45.13427,-87.62148,,
3668,Camp Hill,Pennsylvania,PA,8231,40.23970,-76.92020,717,near
3669,Pewaukee,Wisconsin,WI,8230,43.07878,-88.27292,262 414,near
3670,Orono,Minnesota,MN,8228,,,,
3671,Winnemucca,Nevada,NV,8225,40.96642,-117.74669,,
3672,Flushing,Michigan,MI,8224,43.07195,-83.84239,810,near
3673,Perryton,Texas,TX,8219,36.37483,-100.81556,,
3674,Cuero,Texas,TX,8215,29.09097,-97.28125,361,near
3675,Venus,Texas,TX,8209,32.43297,-97.10873,682 817 214 469 972,near
3676,Glen Ridge,New Jersey,NJ,8204,40.80401,-74.20548,862 973 201 551 908 732 848,near
3677,Mahtomedi,Minnesota,MN,8199,,,,
3678,Sequim,Washington,WA,8199,48.08814,-123.11981,425,near
3679,Butler,New Jersey,NJ,8196,40.99212,-74.36406,862 973 201 551,near
3680,Somers,Wisconsin,WI,8194,42.64028,-87.91028,262,near
3681,Port Jefferson,New York,NY,8189,40.94569,-73.06109,631,near
3682,Oak Brook,Illinois,IL,8188,41.83920,-87.95540,331 630 708 224 847 312 773 779 815,near
3683,Monticello,Arkansas,AR,8185,33.62495,-91.79484,870,near
3684,Trinidad,Colorado,CO,8183,37.17547,-104.50071,,
3685,York,Nebraska,NE,8179,40.86668,-97.58248,308,near
3686,Macclenny,Florida,FL,8178,30.27367,-82.13247,904,near
3687,Wyoming,Minnesota,MN,8173,45.32434,-93.06857,218 763,near
3688,Wilson,Pennsylvania,PA,8169,,,,
3689,Jackson,Wisconsin,WI,8169,43.32524,-88.16259,262,near
3690,Bellevue,Ohio,OH,8166,41.26843,-82.85765,419 567,near
3691,Potsdam,New York,NY,8162,44.65925,-74.96808,315,near
3692,Wytheville,Virginia,VA,8160,36.94067,-81.09408,540,near
3693,Woodfin,North Carolina,NC,8158,,,,
3694,South Weber,Utah,UT,8155,,,,
3695,Fort Stockton,Texas,TX,8147,30.89079,-102.87994,432,near
3696,Butner,North Carolina,NC,8134,36.13594,-78.76360,919 984,near
3697,Corning,California,CA,8131,39.92957,-122.19599,530,near
3698,Farr West,Utah,UT,8121,,,,
3699,Quincy,Florida,FL,8119,30.58667,-84.60945,850,near
3700,Wahpeton,North Dakota,ND,8115,46.26510,-96.61330,701,near
3701,Brentwood,Missouri,MO,8111,,,,
3702,Lamesa,Texas,TX,8108,32.73668,-101.95691,432,near
3703,Kirby,Texas,TX,8104,,,,
3704,Georgetown,Delaware,DE,8098,38.67901,-75.39320,302,near
3705,Antigo,Wisconsin,WI,8096,45.13136,-89.14187,715,near
3706,Castle Shannon,Pennsylvania,PA,8094,,,,
3707,Siler City,North Carolina,NC,8087,35.73539,-79.45662,336,near
3708,Paris,Illinois,IL,8078,39.61322,-87.69763,217,near
3709,Hornell,New York,NY,8078,42.32739,-77.65691,607,near
3710,Maplewood,Missouri,MO,8077,,,,
3711,Alliance,Nebraska,NE,8071,42.11494,-102.88805,,
3712,Island Lake,Illinois,IL,8066,42.27419,-88.19263,779 815 224 847,near
3713,Vinton,Virginia,VA,8059,37.27114,-79.83547,540,near
3714,Berkeley,Missouri,MO,8058,,,,
3715,Newport,Arkansas,AR,8049,35.59882,-91.25706,870,near
3716,Perry,Iowa,IA,8046,41.83969,-94.10217,515,near
3717,Woodland Park,Colorado,CO,8043,38.99693,-105.06229,719,near
3718,Tyrone,Georgia,GA,8038,33.47195,-84.59136,678 770 404,near
3719,Lexington,Tennessee,TN,8037,35.65120,-88.39274,731,near
3720,Ketchikan,Alaska,AK,8033,55.37203,-131.68318,907,exact
3721,Hillside,Illinois,IL,8031,41.87245,-87.90159,708 331 630 224 847,near
3722,Johnstown,New York,NY,8027,43.00692,-74.37149,518,near
3723,Bernardsville,New Jersey,NJ,8020,40.72251,-74.57781,862 973 732 848 908,near
3724,Dacula,Georgia,GA,8018,33.98861,-83.89806,678 770,near
3725,Lincolnshire,Illinois,IL,8008,42.19287,-87.90482,224 847,near
3726,Rolling Hills Estates,California,CA,8007,,,,
3727,Silvis,Illinois,IL,8003,41.50068,-90.41261,309,near
3728,Blair,Nebraska,NE,7999,41.54538,-96.16167,402,near
3729,Basehor,Kansas,KS,7996,39.12814,-94.95703,913,near
3730,Bellevue,Pennsylvania,PA,7996,,,,
3731,Hutchins,Texas,TX,7996,32.63959,-96.70702,214 469 972,near
3732,Union,South Carolina,SC,7988,34.72686,-81.62023,864,near
3733,Hudsonville,Michigan,MI,7985,42.87481,-85.87510,616,near
3734,Pismo Beach,California,CA,7984,35.14278,-120.64028,805,near
3735,South Beloit,Illinois,IL,7983,42.48367,-89.02979,779 815,near
3736,Hillsdale,Michigan,MI,7983,41.92395,-84.62081,517,near
3737,Wolfforth,Texas,TX,7982,33.53038,-102.02610,806,near
3738,Marianna,Florida,FL,7975,30.75859,-85.22937,850,near
3739,Arcadia,Florida,FL,7974,27.18610,-81.80950,941,near
3740,Oak Grove,Kentucky,KY,7973,36.66522,-87.42551,270 364,near
3741,Brevard,North Carolina,NC,7973,35.22076,-82.74044,828,near
3742,Fanwood,New Jersey,NJ,7968,40.64186,-74.38676,908 732 848 862 973 201 551,near
3743,Three Rivers,Michigan,MI,7958,41.95960,-85.63712,269,near
3744,Rawlins,Wyoming,WY,7952,41.79513,-107.23488,,
3745,Tontitown,Arkansas,AR,7941,36.17778,-94.23333,479,near
3746,Park City,Illinois,IL,7940,,,,
3747,Ashland,Wisconsin,WI,7940,46.57795,-90.87671,715,near
3748,Harrisburg,Illinois,IL,7937,37.72566,-88.54404,618,near
3749,Lampasas,Texas,TX,7936,31.06796,-98.18336,254,near
3750,Marshfield,Missouri,MO,7935,37.33118,-92.92503,417,near
3751,Brighton,Michigan,MI,7933,42.52944,-83.78028,248,near
3752,St. Joseph,Michigan,MI,7930,,,,
3753,Grand Blanc,Michigan,MI,7924,42.92816,-83.62641,810,near
3754,Dormont,Pennsylvania,PA,7922,,,,
3755,Lake Dallas,Texas,TX,7915,33.12190,-97.02371,214 469 940 972 682 817,near
3756,Montpelier,Vermont,VT,7915,44.25740,-72.56980,802,exact
3757,Ashland,Virginia,VA,7910,37.73948,-77.47837,804 276,near
3758,West Dundee,Illinois,IL,7906,,,,
3759,Latrobe,Pennsylvania,PA,7906,40.29263,-79.41028,412,near
3760,Wynne,Arkansas,AR,7905,35.23304,-90.79303,870,near
3761,Hughson,California,CA,7903,37.59436,-120.86528,209,near
3762,Oak Ridge,North Carolina,NC,7900,36.16732,-79.98037,336 743,near
3763,Umatilla,Oregon,OR,7899,45.91573,-119.31372,,
3764,Corbin,Kentucky,KY,7891,36.93443,-84.10208,859,near
3765,Dexter,Missouri,MO,7890,36.78846,-89.96393,573,near
3766,Inverness,Florida,FL,7887,28.83370,-82.28960,352,near
3767,Union,Kentucky,KY,7874,38.94351,-84.72736,859,near
3768,Broadview,Illinois,IL,7867,41.86389,-87.85333,708 331 630 224 847,near
3769,Millsboro,Delaware,DE,7864,38.59344,-75.25555,302,near
3770,Boonville,Missouri,MO,7863,38.95364,-92.74497,573,near
3771,Rockton,Illinois,IL,7861,42.45437,-89.08874,779 815,near
3772,Kenton,Ohio,OH,7857,40.64043,-83.61109,220,near
3773,Carnegie,Pennsylvania,PA,7855,40.40294,-80.09153,412 878 724,near
3774,Clinton,South Carolina,SC,7852,34.47069,-81.87717,864,near
3775,Humboldt,Tennessee,TN,7852,35.83699,-88.90565,731,near
3776,Pacific,Missouri,MO,7842,38.49217,-90.74797,636,near
3777,Grand Ledge,Michigan,MI,7838,42.75292,-84.73731,517,near
3778,Round Lake Park,Illinois,IL,7836,,,,
3779,Bonner Springs,Kansas,KS,7832,39.06846,-94.88610,913,near
3780,Dahlonega,Georgia,GA,7830,34.52995,-83.97984,678,near
3781,Southwest Ranches,Florida,FL,7827,,,,
3782,Winters,California,CA,7825,38.52946,-121.97454,707 530,near
3783,Great Neck Plaza,New York,NY,7824,,,,
3784,Bedford,Virginia,VA,7823,37.31535,-79.53311,434,near
3785,Mount Horeb,Wisconsin,WI,7803,43.00202,-89.74145,608,near
3786,Lexington,Virginia,VA,7802,37.78846,-79.45811,434,near
3787,Dayton,Tennessee,TN,7796,35.50019,-85.01345,423,near
3788,Bloomingdale,New Jersey,NJ,7795,41.01284,-74.33376,862 973 201 551,near
3789,South Boston,Virginia,VA,7795,36.69633,-78.91883,434,near
3790,Jersey Village,Texas,TX,7791,,,,
3791,Lincoln,Alabama,AL,7790,33.60591,-86.11115,256,near
3792,Pinson,Alabama,AL,7781,33.70813,-86.65654,205,near
3793,Noble,Oklahoma,OK,7779,35.14174,-97.34093,405,near
3794,Woodlake,California,CA,7774,36.43133,-119.09176,559,near
3795,Fairlawn,Ohio,OH,7773,41.13650,-81.56670,234 330 440,near
3796,Kenai,Alaska,AK,7770,60.61447,-151.25456,907,near
3797,Hales Corners,Wisconsin,WI,7766,42.94103,-88.05030,414 262,near
3798,Jefferson,Wisconsin,WI,7766,43.00056,-88.80777,920,near
3799,King,North Carolina,NC,7764,36.29503,-80.35596,336 743,near
3800,Madras,Oregon,OR,7764,44.63758,-121.13492,,
3801,Webster City,Iowa,IA,7763,42.46568,-93.82622,515,near
3802,Villa Hills,Kentucky,KY,7763,,,,
3803,Montevallo,Alabama,AL,7761,33.12476,-86.86223,205,near
3804,Seward,Nebraska,NE,7752,40.90661,-97.09662,402,near
3805,Hitchcock,Texas,TX,7752,29.33984,-94.99259,409 281 346 713 832,near
3806,Campbell,Ohio,OH,7751,41.07783,-80.58972,234 330,near
3807,Grove City,Pennsylvania,PA,7749,41.16070,-80.08414,724,near
3808,Pittston,Pennsylvania,PA,7743,41.31750,-75.78849,272 570,near
3809,Kill Devil Hills,North Carolina,NC,7742,36.00879,-75.67565,,
3810,Belle Isle,Florida,FL,7741,,,,
3811,Ponchatoula,Louisiana,LA,7735,30.44064,-90.44225,985,near
3812,Palmyra,Pennsylvania,PA,7735,40.30105,-76.58861,717,near
3813,Oak Hill,West Virginia,WV,7732,,,,
3814,Ocean Shores,Washington,WA,7731,46.98291,-124.15323,360,near
3815,New Albany,Mississippi,MS,7729,34.48505,-89.00306,662,near
3816,St. Johns,Michigan,MI,7723,,,,
3817,Geneseo,New York,NY,7722,42.79378,-77.79955,585,near
3818,Chehalis,Washington,WA,7717,46.63819,-122.96576,360,near
3819,Ripon,Wisconsin,WI,7716,43.84540,-88.84243,920,near
3820,Pocahontas,Arkansas,AR,7703,36.28288,-90.99678,870,near
3821,Moundsville,West Virginia,WV,7703,39.91482,-80.73097,304 681,near
3822,Marengo,Illinois,IL,7699,42.24419,-88.60737,779 815 224 847,near
3823,Tea,South Dakota,SD,7699,43.47111,-96.81773,605,near
3824,Brigantine,New Jersey,NJ,7697,39.40371,-74.37764,609,near
3825,Colonie,New York,NY,7691,,,,
3826,Yreka,California,CA,7686,41.72056,-122.63760,,
3827,Wetumpka,Alabama,AL,7667,32.54509,-86.18804,334,near
3828,Princeton,Illinois,IL,7667,41.36293,-89.42702,309,near
3829,Westlake,Florida,FL,7664,,,,
3830,Baldwinsville,New York,NY,7662,43.16204,-76.32372,315,near
3831,Bremen,Georgia,GA,7647,33.73087,-85.12864,678,near
3832,Lamar,Colorado,CO,7641,38.08414,-102.61920,,
3833,Ruidoso,New Mexico,NM,7640,33.34741,-105.65099,575,near
3834,Stuttgart,Arkansas,AR,7638,34.48536,-91.54874,870,near
3835,Canfield,Ohio,OH,7628,41.02933,-80.75644,234 330,near
3836,New Cumberland,Pennsylvania,PA,7625,40.21511,-76.86891,717,near
3837,Berlin,New Jersey,NJ,7614,39.77884,-74.93081,856,near
3838,Robertsdale,Alabama,AL,7613,30.56161,-87.63727,251,near
3839,Richland,Mississippi,MS,7607,32.21522,-90.15623,601 769,near
3840,Clear Lake,Iowa,IA,7602,43.14061,-93.38498,641,near
3841,Bennettsville,South Carolina,SC,7595,34.62550,-79.68983,843,near
3842,Westlake Village,California,CA,7593,34.14620,-118.80130,747 818 805,near
3843,Mount Sterling,Kentucky,KY,7588,38.05482,-83.93877,859,near
3844,Haddon Heights,New Jersey,NJ,7588,39.87883,-75.06639,856 609,near
3845,Palmyra,New Jersey,NJ,7587,40.00365,-75.02568,856 609,near
3846,Breaux Bridge,Louisiana,LA,7582,30.27495,-91.90590,337,near
3847,Crete,Nebraska,NE,7580,40.61930,-96.95668,402,near
3848,Pelham,New York,NY,7579,40.90445,-73.80730,914 347 718 917 929 516,near
3849,Farmville,Virginia,VA,7578,37.30269,-78.40759,434,near
3850,Ludington,Michigan,MI,7577,43.96882,-86.44025,231,near
3851,London,Kentucky,KY,7573,37.10160,-84.09750,859,near
3852,Aurora,Missouri,MO,7573,36.94766,-93.71238,417,near
3853,Hubbard,Ohio,OH,7565,41.16240,-80.57619,234 330,near
3854,Savannah,Tennessee,TN,7565,35.20227,-88.20054,731,near
3855,Ojai,California,CA,7563,34.44512,-119.25648,805,near
3856,Fort Scott,Kansas,KS,7563,37.83416,-94.70422,913,near
3857,Wellington,Kansas,KS,7561,37.27783,-97.39098,316,near
3858,Ilion,New York,NY,7559,43.00639,-75.04836,315,near
3859,Clover,South Carolina,SC,7558,35.11073,-81.18636,803,near
3860,Shorewood,Minnesota,MN,7557,,,,
3861,Alamo Heights,Texas,TX,7557,,,,
3862,Swainsboro,Georgia,GA,7556,32.58194,-82.33867,912,near
3863,Belen,New Mexico,NM,7556,34.64556,-106.76122,505,near
3864,Sealy,Texas,TX,7553,29.78263,-96.15919,281,near
3865,Ripley,Tennessee,TN,7546,35.75265,-89.53498,731,near
3866,Addis,Louisiana,LA,7538,30.35570,-91.26135,225,near
3867,Bradford,Pennsylvania,PA,7538,41.95468,-78.65397,814,near
3868,Marion,North Carolina,NC,7534,35.68192,-82.01799,828,near
3869,Bellbrook,Ohio,OH,7532,39.64019,-84.08245,937,near
3870,Kimberly,Wisconsin,WI,7529,44.27008,-88.33837,920,near
3871,Nebraska City,Nebraska,NE,7526,40.67475,-95.86190,402,near
3872,Iron Mountain,Michigan,MI,7524,45.82189,-88.06826,,
3873,New London,Wisconsin,WI,7524,44.39285,-88.75543,920,near
3874,Independence,Ohio,OH,7518,41.38090,-81.66421,216 440 234 330,near
3875,Tell City,Indiana,IN,7515,37.96551,-86.74570,812,near
3876,Hastings,Michigan,MI,7513,42.64301,-85.29369,269,near
3877,Delano,Minnesota,MN,7513,45.03422,-93.80164,952,near
3878,Old Town,Maine,ME,7511,44.94304,-68.67496,207,near
3879,Archbald,Pennsylvania,PA,7508,41.49563,-75.55523,272 570,near
3880,Jasper,Texas,TX,7505,30.92535,-94.02148,936,near
3881,River Oaks,Texas,TX,7505,,,,
3882,Vernon,Wisconsin,WI,7505,,,,
3883,Williston Park,New York,NY,7503,40.75920,-73.64489,516 347 718 917 929 914 631,near
3884,Catoosa,Oklahoma,OK,7497,36.17208,-95.72732,539 918,near
3885,Clewiston,Florida,FL,7496,26.71717,-80.94925,239,near
3886,Albion,Michigan,MI,7494,42.25807,-84.75605,517,near
3887,Isanti,Minnesota,MN,7493,45.46821,-93.22656,218,near
3888,Brockport,New York,NY,7489,43.21284,-77.93680,585,near
3889,Fairfax,California,CA,7476,37.98829,-122.59371,415 628 510,near
3890,Fowler,California,CA,7470,36.62815,-119.67103,559,near
3891,St. Louis,Michigan,MI,7465,,,,
3892,Longboat Key,Florida,FL,7463,27.38669,-82.63840,941,near
3893,Wauseon,Ohio,OH,7455,41.56680,-84.15375,419,near
3894,Decorah,Iowa,IA,7454,43.32271,-91.79395,319,near
3895,Escalon,California,CA,7453,37.80443,-120.99004,209,near
3896,Lander,Wyoming,WY,7451,42.85968,-108.73829,,
3897,Belle Plaine,Minnesota,MN,7444,44.61385,-93.76039,952,near
3898,Wharton,New Jersey,NJ,7444,40.91388,-74.58634,862 973,near
3899,Knoxville,Iowa,IA,7440,41.31645,-93.09543,515,near
3900,Briarcliff Manor,New York,NY,7440,41.14436,-73.83496,914 845,near
3901,Russellville,Kentucky,KY,7431,36.85307,-86.88871,270,near
3902,Inverness,Illinois,IL,7428,,,,
3903,Mills River,North Carolina,NC,7426,35.37110,-82.58840,828,near
3904,Trumann,Arkansas,AR,7425,35.66891,-90.51874,870,near
3905,Creston,Iowa,IA,7421,41.06238,-94.36915,515,near
3906,Valley Center,Kansas,KS,7416,37.86164,-97.26215,316,near
3907,Ellwood City,Pennsylvania,PA,7416,40.85902,-80.27461,724 878,near
3908,Scottsburg,Indiana,IN,7413,38.68850,-85.79865,812,near
3909,Walled Lake,Michigan,MI,7413,42.55038,-83.47962,248 947 734 313,near
3910,Emerson,New Jersey,NJ,7413,40.97546,-74.02851,201 551 862 973 908,near
3911,Cotati,California,CA,7403,38.32592,-122.70483,707,near
3912,Forest City,North Carolina,NC,7397,35.30175,-81.86425,704,near
3913,Nolanville,Texas,TX,7395,31.08327,-97.59411,254,near
3914,Roosevelt,Utah,UT,7390,40.31023,-110.01078,,
3915,Sebastopol,California,CA,7388,38.39154,-122.83850,707,near
3916,Seminole,Texas,TX,7386,32.72104,-102.68276,432,near
3917,Washington,New Jersey,NJ,7375,40.75818,-74.99136,862,near
3918,Nyack,New York,NY,7369,41.09135,-73.92523,845 914,near
3919,Pikeville,Kentucky,KY,7366,37.50683,-82.52017,606,near
3920,Bloomfield,New Mexico,NM,7363,36.69548,-107.97844,505,near
3921,Volo,Illinois,IL,7361,,,,
3922,Hartsville,South Carolina,SC,7360,34.37562,-80.08424,843,near
3923,Hudson Falls,New York,NY,7359,43.31486,-73.57461,518,near
3924,Vandalia,Illinois,IL,7358,38.94391,-89.10412,618,near
3925,Batesville,Mississippi,MS,7356,34.33165,-89.91418,662,near
3926,Gridley,California,CA,7355,39.35885,-121.68978,530,near
3927,Batesville,Indiana,IN,7353,39.30006,-85.22205,812,near
3928,Cameron,Missouri,MO,7352,39.73089,-94.24372,816,near
3929,White Oak,Pennsylvania,PA,7352,,,,
3930,Pleasantville,New York,NY,7351,41.13498,-73.78448,914 845,near
3931,Eagle,Colorado,CO,7349,39.63414,-106.75884,,
3932,Lake Hallie,Wisconsin,WI,7349,,,,
3933,Hiawatha,Iowa,IA,7347,42.04245,-91.67696,319,near
3934,Monahans,Texas,TX,7334,31.58129,-102.90027,432,near
3935,Caribou,Maine,ME,7328,46.87057,-68.02035,,
3936,Grove,Oklahoma,OK,7327,36.59287,-94.75654,539,near
3937,Nephi,Utah,UT,7326,39.69228,-111.83590,385,near
3938,Cedarhurst,New York,NY,7324,40.62362,-73.72640,516 347 718 917 929,near
3939,Scotia,New York,NY,7321,,,,
3940,Northport,New York,NY,7317,40.90506,-73.33089,631 516,near
3941,St. James,North Carolina,NC,7315,,,,
3942,Devils Lake,North Dakota,ND,7314,48.11316,-98.86159,,
3943,Heber Springs,Arkansas,AR,7313,35.51028,-92.03921,501,near
3944,Alvarado,Texas,TX,7312,32.43950,-97.21297,682 817,near
3945,Ridley Park,Pennsylvania,PA,7310,39.87841,-75.32152,484 610 215 267,near
3946,Church Hill,Tennessee,TN,7310,36.53993,-82.72518,423,near
3947,Perry,Florida,FL,7306,30.09749,-83.58502,850,near
3948,Obetz,Ohio,OH,7306,,,,
3949,DuBois,Pennsylvania,PA,7302,,,,
3950,Sandwich,Illinois,IL,7299,41.63529,-88.63930,331,near
3951,Riverdale Park,Maryland,MD,7296,,,,
3952,East Hills,New York,NY,7295,,,,
3953,Strasburg,Virginia,VA,7290,39.05624,-78.35951,540,near
3954,Washington,Iowa,IA,7281,41.30145,-91.69867,319,near
3955,Delafield,Wisconsin,WI,7275,43.05002,-88.39725,262,near
3956,Rib Mountain,Wisconsin,WI,7275,,,,
3957,Souderton,Pennsylvania,PA,7274,40.31280,-75.32134,484 610,near
3958,Crookston,Minnesota,MN,7269,47.77969,-96.59308,218,near
3959,Glenolden,Pennsylvania,PA,7266,39.90485,-75.29456,484 610 215 267,near
3960,Seminole,Oklahoma,OK,7264,35.22444,-96.67028,405,near
3961,Lacy-Lakeview,Texas,TX,7262,,,,
3962,Unionville,North Carolina,NC,7258,,,,
3963,Junction City,Oregon,OR,7256,44.19879,-123.23001,458 541,near
3964,Herkimer,New York,NY,7254,43.03070,-74.98757,315,near
3965,Laurel,Montana,MT,7251,45.67451,-108.76901,406,near
3966,Flatwoods,Kentucky,KY,7250,38.51878,-82.72122,606,near
3967,West Miami,Florida,FL,7247,,,305 786,exact
3968,Gonzales,Texas,TX,7238,29.50857,-97.44946,830,near
3969,Freeport,Florida,FL,7234,30.48960,-86.16844,850,near
3970,Page,Arizona,AZ,7230,36.89663,-111.43847,,
3971,Mountainside,New Jersey,NJ,7228,40.67846,-74.35878,908 732 848 862 973 201 551,near
3972,Monticello,New York,NY,7228,41.65158,-74.70075,845,near
3973,Selma,North Carolina,NC,7228,35.55653,-78.26403,919,near
3974,Lindale,Texas,TX,7227,32.51715,-95.42993,903,near
3975,Willis,Texas,TX,7222,30.42472,-95.47972,936,near
3976,Van Alstyne,Texas,TX,7220,33.42917,-96.54863,903,near
3977,McCook,Nebraska,NE,7212,,,,
3978,Cumberland,Indiana,IN,7211,,,,
3979,Medina,Minnesota,MN,7209,,,,
3980,Kasson,Minnesota,MN,7207,44.02403,-92.74642,507,near
3981,Live Oak,Florida,FL,7200,30.28662,-83.02499,352,near
3982,Bulverde,Texas,TX,7198,29.78017,-98.43785,830,near
3983,La Follette,Tennessee,TN,7194,36.36897,-84.11157,865,near
3984,Rumson,New Jersey,NJ,7191,40.37183,-74.00062,732 848,near
3985,Trinity,North Carolina,NC,7190,35.84295,-79.99021,336 743,near
3986,Morrilton,Arkansas,AR,7185,35.16923,-92.73544,501,near
3987,Stratford,New Jersey,NJ,7185,39.82880,-75.01471,856,near
3988,Keyport,New Jersey,NJ,7182,40.43986,-74.19956,732 848 908,near
3989,Globe,Arizona,AZ,7176,33.40243,-110.78925,480,near
3990,Milltown,New Jersey,NJ,7170,40.44935,-74.43905,732 848 908,near
3991,North Riverside,Illinois,IL,7161,,,,
3992,Logan,Ohio,OH,7142,39.53717,-82.41259,220,near
3993,Fayetteville,Tennessee,TN,7142,35.15268,-86.56645,931,near
3994,Barrington,New Jersey,NJ,7140,39.86506,-75.05636,856 609,near
3995,Clarkston,Washington,WA,7138,46.39462,-117.06446,509,near
3996,West Frankfort,Illinois,IL,7131,37.89791,-88.93072,618,near
3997,Greenville,Illinois,IL,7126,38.89334,-89.40519,618,near
3998,Mammoth Lakes,California,CA,7124,37.64236,-118.97638,559,near
3999,Fort Bragg,California,CA,7117,39.43745,-123.78835,,
4000,Taylor Mill,Kentucky,KY,7116,,,,
4001,Dunbar,West Virginia,WV,7111,38.36827,-81.74247,304 681,near
4002,Seaside,Oregon,OR,7110,45.96951,-123.87884,503,near
4003,Mentor-on-the-Lake,Ohio,OH,7106,,,,
4004,Midland Park,New Jersey,NJ,7104,40.99567,-74.14090,201 551 862 973,near
4005,Pacific,Washington,WA,7085,47.26660,-122.24348,253 206 425,near
4006,Spring Lake Park,Minnesota,MN,7083,,,,
4007,Nevada,Iowa,IA,7082,42.01898,-93.44622,515,near
4008,Charles City,Iowa,IA,7081,43.06833,-92.67606,641,near
4009,Fruitland,Idaho,ID,7078,44.00266,-116.91426,208,near
4010,Union,Ohio,OH,7076,,,,
4011,Sausalito,California,CA,7075,37.86015,-122.49456,415 628 510 650,near
4012,Delphos,Ohio,OH,7074,40.83362,-84.32468,419 567,near
4013,Linwood,New Jersey,NJ,7072,39.34688,-74.58074,609,near
4014,Cortland,Ohio,OH,7069,41.32512,-80.73274,234 330,near
4015,Youngtown,Arizona,AZ,7062,33.59075,-112.30130,623,near
4016,Rockland,Maine,ME,7060,44.11233,-69.11394,207,near
4017,Maize,Kansas,KS,7059,37.77473,-97.46887,316,near
4018,Robinson,Illinois,IL,7053,39.00703,-87.74835,217,near
4019,DeFuniak Springs,Florida,FL,7048,30.75178,-86.13801,850,near
4020,Murphysboro,Illinois,IL,7044,37.76546,-89.33175,618,near
4021,University Park,Illinois,IL,7043,,,,
4022,Waveland,Mississippi,MS,7043,30.29138,-89.38368,228,near
4023,Oneonta,Alabama,AL,7039,33.92586,-86.47412,205,near
4024,Greenbrier,Tennessee,TN,7039,36.42291,-86.79136,615 629,near
4025,La Feria,Texas,TX,7036,26.16656,-97.82612,956,near
4026,Neptune Beach,Florida,FL,7032,30.31548,-81.40512,904,near
4027,St. Albans,Vermont,VT,7031,,,,
4028,LaFayette,Georgia,GA,7028,,,,
4029,Ward,Arkansas,AR,7022,34.95316,-91.90038,501,near
4030,Atherton,California,CA,7022,37.45625,-122.20020,650 916 510 408 669,near
4031,Mabank,Texas,TX,7021,32.36639,-96.10056,903,near
4032,Salem,Illinois,IL,7016,38.62642,-88.94808,618,near
4033,Mulvane,Kansas,KS,7016,37.47643,-97.23195,316,near
4034,Sturgis,South Dakota,SD,7014,44.41308,-103.47716,605,near
4035,"Islamorada, Village of Islands",Florida,FL,7013,,,,
4036,Milton-Freewater,Oregon,OR,7011,,,,
4037,Sultan,Washington,WA,7002,47.85894,-121.73687,425,near
4038,Gun Barrel City,Texas,TX,6999,,,,
4039,Manorhaven,New York,NY,6997,,,,
4040,Belfast,Maine,ME,6993,44.43544,-69.01475,207,near
4041,St. Joseph,Minnesota,MN,6992,,,,
4042,Taft,California,CA,6988,35.14816,-119.45567,661,near
4043,Fircrest,Washington,WA,6988,,,,
4044,La Junta,Colorado,CO,6986,37.99155,-103.54907,719,near
4045,Marvin,North Carolina,NC,6985,,,,
4046,Tuckahoe,New York,NY,6984,40.95691,-73.81977,914 347 718 917 929 516,near
4047,Greenville,Alabama,AL,6983,31.81004,-86.62292,334,near
4048,Rayne,Louisiana,LA,6983,30.20451,-92.24859,337,near
4049,Idabel,Oklahoma,OK,6983,33.88512,-94.80201,,
4050,Frostburg,Maryland,MD,6972,39.64936,-78.93056,240 301,near
4051,Eldridge,Iowa,IA,6967,41.66353,-90.56338,563,near
4052,Canton,New York,NY,6957,44.59244,-75.16279,315,near
4053,Gulf Breeze,Florida,FL,6955,30.38470,-87.04387,850,near
4054,Newport,Tennessee,TN,6954,35.95443,-83.20275,423,near
4055,Harrisville,Utah,UT,6947,,,,
4056,Donaldsonville,Louisiana,LA,6945,30.10180,-90.99702,225,near
4057,Hamilton,Alabama,AL,6944,34.15341,-88.00852,256,near
4058,Tamaqua,Pennsylvania,PA,6944,40.79832,-75.97353,272 570,near
4059,Loudon,Tennessee,TN,6942,35.72921,-84.34362,865,near
4060,Loomis,California,CA,6939,38.80711,-121.16983,916,near
4061,Lyman,South Carolina,SC,6939,34.96844,-82.14348,864,near
4062,Philadelphia,Mississippi,MS,6938,32.75722,-89.11537,601,near
4063,Purcell,Oklahoma,OK,6938,35.01029,-97.42549,405,near
4064,Vine Grove,Kentucky,KY,6933,37.85894,-86.00689,270 364,near
4065,Keene,Texas,TX,6930,32.39366,-97.32868,682 817,near
4066,Allendale,New Jersey,NJ,6928,41.03265,-74.13419,201 551 862 973,near
4067,Sullivan,Missouri,MO,6925,38.23071,-91.15666,636,near
4068,South Lebanon,Ohio,OH,6923,39.37145,-84.21078,513,near
4069,Mendota,Illinois,IL,6922,41.54431,-89.10828,779,near
4070,Stewartville,Minnesota,MN,6919,43.86735,-92.45465,507,near
4071,Mount Healthy,Ohio,OH,6916,,,,
4072,Mexia,Texas,TX,6916,31.67839,-96.49519,903,near
4073,Kirtland,Ohio,OH,6914,,,,
4074,Walden,New York,NY,6909,41.55963,-74.17639,845,near
4075,Stickney,Illinois,IL,6902,,,,
4076,Nappanee,Indiana,IN,6902,41.44930,-85.99453,574,near
4077,Hickory Creek,Texas,TX,6901,,,,
4078,Ambler,Pennsylvania,PA,6900,40.16632,-75.20723,484 610 215 267,near
4079,Munford,Tennessee,TN,6896,35.44917,-89.81500,901,near
4080,Leitchfield,Kentucky,KY,6895,37.49310,-86.30371,270,near
4081,Plattsmouth,Nebraska,NE,6887,40.99919,-95.91393,402 531,near
4082,Ambridge,Pennsylvania,PA,6886,40.59537,-80.21978,412,near
4083,Ocean City,Maryland,MD,6884,38.37925,-75.08101,410,near
4084,Clinton,Illinois,IL,6881,40.14871,-88.96266,217,near
4085,Pepper Pike,Ohio,OH,6881,,,,
4086,Clifton Heights,Pennsylvania,PA,6880,39.92358,-75.29959,484 610 215 267,near
4087,River Rouge,Michigan,MI,6877,42.26923,-83.13643,313 734 248 947 586,near
4088,Satsuma,Alabama,AL,6874,30.85163,-88.05331,251,near
4089,Burnet,Texas,TX,6869,30.77660,-98.26424,254,near
4090,Carolina Beach,North Carolina,NC,6864,34.03660,-77.89629,910,near
4091,Litchfield Park,Arizona,AZ,6863,33.49413,-112.38050,623,near
4092,St. Gabriel,Louisiana,LA,6857,,,,
4093,Huntingdon,Pennsylvania,PA,6857,40.50227,-78.00503,814,near
4094,Sturtevant,Wisconsin,WI,6855,42.69673,-87.90308,262 414,near
4095,Harrah,Oklahoma,OK,6853,35.48326,-97.17343,405,near
4096,Willow Park,Texas,TX,6851,,,,
4097,Jordan,Minnesota,MN,6831,44.67132,-93.61946,952,near
4098,Ellettsville,Indiana,IN,6829,39.25448,-86.61964,812 930,near
4099,Folcroft,Pennsylvania,PA,6827,39.89051,-75.28212,484 610 215 267,near
4100,Elburn,Illinois,IL,6826,41.88240,-88.46111,331 630 224 847 312 773 779 815,near
4101,Oak Point,Texas,TX,6826,,,,
4102,Bridgewater,Virginia,VA,6826,38.38587,-78.99368,540,near
4103,Gunnison,Colorado,CO,6821,38.55106,-106.93101,,
4104,Hurricane,West Virginia,WV,6813,38.42574,-81.99433,304,near
4105,Indiantown,Florida,FL,6810,27.06146,-80.48028,772,near
4106,Carver,Minnesota,MN,6810,44.71690,-93.68795,952,near
4107,Byron,Minnesota,MN,6809,44.03733,-92.63075,507,near
4108,St. Augustine Beach,Florida,FL,6808,,,,
4109,Lawrence,New York,NY,6807,40.61396,-73.73297,516 347 718 917 929,near
4110,High Springs,Florida,FL,6806,29.84102,-82.61563,352,near
4111,Marshall,Michigan,MI,6802,42.27205,-84.95828,269,near
4112,Krum,Texas,TX,6799,33.27337,-97.26745,940,near
4113,Thomson,Georgia,GA,6792,33.47736,-82.49420,706,near
4114,Morehead,Kentucky,KY,6789,38.19905,-83.44365,606,near
4115,Shamokin,Pennsylvania,PA,6787,40.79034,-76.56112,717,near
4116,Black Diamond,Washington,WA,6787,47.31137,-122.00526,253 425,near
4117,Calumet Park,Illinois,IL,6777,,,,
4118,Kosciusko,Mississippi,MS,6774,33.04460,-89.57235,662,near
4119,Wilmer,Texas,TX,6774,32.59813,-96.68376,214 469 972,near
4120,Columbiana,Ohio,OH,6773,40.88528,-80.69747,234 330,near
4121,"Lynchburg, Moore County",Tennessee,TN,6773,,,,
4122,Zimmerman,Minnesota,MN,6772,45.45532,-93.58786,763,near
4123,Mount Carmel,Illinois,IL,6771,38.41473,-87.79111,,
4124,Pilot Point,Texas,TX,6771,33.37098,-96.94455,940,near
4125,North Caldwell,New Jersey,NJ,6769,,,,
4126,Adel,Iowa,IA,6763,41.62214,-94.03796,515,near
4127,Bridgeport,Texas,TX,6763,33.18703,-97.78098,682,near
4128,North Syracuse,New York,NY,6761,,,,
4129,Oakwood,Georgia,GA,6759,34.23720,-83.89401,678 770,near
4130,Chester,Illinois,IL,6759,37.91882,-89.82181,618,near
4131,Carbondale,Colorado,CO,6758,39.38543,-107.17101,,
4132,Dacono,Colorado,CO,6748,40.08361,-104.92970,303 720,near
4133,Valley Park,Missouri,MO,6747,38.55762,-90.49242,636 314,near
4134,Jonesborough,Tennessee,TN,6746,36.29543,-82.49022,423,near
4135,Bayville,New York,NY,6739,40.90738,-73.56014,516 914 631,near
4136,Galax,Virginia,VA,6739,36.65650,-80.91174,540,near
4137,Boiling Spring Lakes,North Carolina,NC,6738,,,,
4138,Huron,California,CA,6737,36.23714,-120.10196,559,near
4139,Snowflake,Arizona,AZ,6736,34.49586,-110.08074,,
4140,Mead,Colorado,CO,6735,40.23333,-104.99806,303 720 970,near
4141,Blythewood,South Carolina,SC,6733,34.19111,-80.97576,803,near
4142,Demopolis,Alabama,AL,6724,32.49079,-87.83967,334,near
4143,Hoschton,Georgia,GA,6723,34.08658,-83.78025,678 770,near
4144,Atlantic,Iowa,IA,6717,41.40028,-95.01012,712,near
4145,Kennett Square,Pennsylvania,PA,6713,39.85503,-75.70002,484 610,near
4146,Hapeville,Georgia,GA,6712,,,,
4147,New Haven,Michigan,MI,6711,42.73296,-82.82025,517 586 231,near
4148,Silsbee,Texas,TX,6711,30.32439,-94.19073,409,near
4149,Schuyler,Nebraska,NE,6708,41.45913,-97.06283,402,near
4150,Opp,Alabama,AL,6706,31.27986,-86.25710,334,near
4151,Lanett,Alabama,AL,6704,32.86161,-85.21608,334,near
4152,Monessen,Pennsylvania,PA,6704,40.15238,-79.88353,412 878,near
4153,Elkins,West Virginia,WV,6698,38.92530,-79.84712,304,near
4154,Tiffin,Iowa,IA,6695,41.70583,-91.66278,319,near
4155,Roeland Park,Kansas,KS,6689,,,,
4156,Boonville,Indiana,IN,6687,38.04744,-87.26199,812,near
4157,Connellsville,Pennsylvania,PA,6682,40.02504,-79.58784,412,near
4158,Orland Hills,Illinois,IL,6676,,,,
4159,Sweetwater,Tennessee,TN,6676,35.59570,-84.43042,865,near
4160,Garrett,Indiana,IN,6663,41.34822,-85.13467,260,near
4161,Normandy Park,Washington,WA,6661,,,,
4162,Blakely,Pennsylvania,PA,6659,,,,
4163,Hempstead,Texas,TX,6658,30.09197,-96.07165,281,near
4164,Aledo,Texas,TX,6655,32.70035,-97.60389,682 817,near
4165,Margaret,Alabama,AL,6654,33.68611,-86.47500,205,near
4166,Carthage,Texas,TX,6653,32.15438,-94.35272,903,near
4167,Rockaway,New Jersey,NJ,6651,40.92292,-74.50937,862 973 908,near
4168,Steilacoom,Washington,WA,6649,47.17037,-122.58884,253 360,near
4169,Ontario,Ohio,OH,6648,40.75944,-82.59028,419 567,near
4170,Eatonton,Georgia,GA,6641,33.31272,-83.36277,478,near
4171,Larchmont,New York,NY,6640,40.93505,-73.75715,914 516 347 718 917 929,near
4172,Willard,Missouri,MO,6632,37.29615,-93.42586,417,near
4173,Huron,Ohio,OH,6630,41.39066,-82.55549,419 567,near
4174,Oakmont,Pennsylvania,PA,6628,40.51965,-79.83687,412 878 724,near
4175,Upper Sandusky,Ohio,OH,6627,40.82488,-83.29771,220,near
4176,Palmer,Alaska,AK,6626,61.61381,-149.06532,907,near
4177,Catasauqua,Pennsylvania,PA,6625,40.65570,-75.46927,484 610,near
4178,Lake Mills,Wisconsin,WI,6617,43.08158,-88.91334,920,near
4179,Norwich,New York,NY,6608,42.54145,-75.52743,607,near
4180,Watchung,New Jersey,NJ,6606,40.63778,-74.45139,732 848 908 862 973,near
4181,Moraine,Ohio,OH,6603,,,,
4182,Brier,Washington,WA,6603,,,,
4183,Hillsboro,Ohio,OH,6599,39.16788,-83.60641,220,near
4184,Swarthmore,Pennsylvania,PA,6596,39.89672,-75.34743,484 610 215 267,near
4185,Fox Point,Wisconsin,WI,6591,,,,
4186,Morris Plains,New Jersey,NJ,6590,,,,
4187,Colusa,California,CA,6589,39.21311,-122.01156,530,near
4188,Belpre,Ohio,OH,6588,39.28677,-81.59680,220,near
4189,Litchfield,Illinois,IL,6587,39.17934,-89.64991,618,near
4190,Pratt,Kansas,KS,6587,37.65022,-98.73003,620,near
4191,Iowa Park,Texas,TX,6583,33.94235,-98.67450,940,near
4192,Union Gap,Washington,WA,6582,,,,
4193,Buena Vista,Virginia,VA,6581,37.73958,-79.35231,434,near
4194,Valley City,North Dakota,ND,6580,46.92681,-98.00332,701,near
4195,De Soto,Kansas,KS,6579,38.95656,-94.96471,913 785,near
4196,Benton,Illinois,IL,6578,37.99998,-88.92266,618,near
4197,Black Jack,Missouri,MO,6575,,,,
4198,Penitas,Texas,TX,6568,26.23028,-98.44444,956,near
4199,Winthrop Harbor,Illinois,IL,6565,42.47927,-87.83179,224 847,near
4200,North Vernon,Indiana,IN,6565,39.00176,-85.62722,812,near
4201,Eudora,Kansas,KS,6564,38.93304,-95.10221,785,near
4202,Lebanon,Kentucky,KY,6558,37.56583,-85.26681,270,near
4203,Cynthiana,Kentucky,KY,6557,38.39640,-84.29492,859,near
4204,Aspen,Colorado,CO,6556,39.19514,-106.82359,,
4205,Milford,Michigan,MI,6554,42.60195,-83.65080,248 947,near
4206,Stone Mountain,Georgia,GA,6552,33.79423,-84.20175,404 678 770,near
4207,Red Lion,Pennsylvania,PA,6552,39.90257,-76.60807,717,near
4208,Powell,Wyoming,WY,6551,44.75608,-108.77732,,
4209,Orange City,Iowa,IA,6547,43.01849,-96.05646,712,near
4210,Warwick,New York,NY,6546,41.26556,-74.36037,845,near
4211,Pembroke Park,Florida,FL,6544,,,,
4212,Prosser,Washington,WA,6540,46.22318,-119.77101,509,near
4213,Walkersville,Maryland,MD,6535,39.47875,-77.34839,240 301,near
4214,Columbia,Mississippi,MS,6534,31.25588,-89.79978,601,near
4215,Treasure Island,Florida,FL,6524,,,,
4216,Calipatria,California,CA,6522,33.16696,-115.51140,442 760,near
4217,Henderson,Tennessee,TN,6519,35.42693,-88.63977,731,near
4218,Litchfield,Minnesota,MN,6515,45.12627,-94.52680,320,near
4219,Huntingburg,Indiana,IN,6512,38.29790,-86.95330,812,near
4220,Magnolia,Texas,TX,6506,30.18570,-95.67720,281 346 713 832,near
4221,Chesapeake Beach,Maryland,MD,6504,38.66980,-76.53763,240,near
4222,Geneseo,Illinois,IL,6503,41.46881,-90.17113,309,near
4223,De Soto,Missouri,MO,6503,38.12042,-90.55462,314,near
4224,Irvington,New York,NY,6502,41.03811,-73.85967,914 845 347 718 917 929,near
4225,Abilene,Kansas,KS,6501,38.93714,-97.20632,785,near
4226,Cold Spring,Kentucky,KY,6499,,,,
4227,Osceola,Arkansas,AR,6496,35.70186,-89.97976,870,near
4228,Woodland,Washington,WA,6496,45.92186,-122.71256,360,near
4229,Solvay,New York,NY,6495,,,,
4230,Crestwood,Kentucky,KY,6493,38.33264,-85.46104,502,near
4231,Brookings,Oregon,OR,6493,42.06400,-124.26781,458,near
4232,Oakdale,Louisiana,LA,6490,30.81717,-92.66396,318,near
4233,Bonne Terre,Missouri,MO,6487,37.93142,-90.52505,314,near
4234,Sidney,Nebraska,NE,6483,41.14278,-102.97750,,
4235,Milton,Pennsylvania,PA,6483,41.01681,-76.83982,272,near
4236,Bronxville,New York,NY,6479,40.93913,-73.83533,914 347 718 917 929 516,near
4237,Holly Springs,Mississippi,MS,6472,34.76870,-89.44830,662,near
4238,St. John,Missouri,MO,6472,,,,
4239,Salem,Indiana,IN,6463,38.60714,-86.07874,812,near
4240,Carlstadt,New Jersey,NJ,6454,40.84030,-74.09250,862 973 201 551 908,near
4241,Taos,New Mexico,NM,6453,36.39529,-105.58473,505,near
4242,Prospect Park,Pennsylvania,PA,6452,39.88574,-75.30817,484 610 215 267,near
4243,Lakemoor,Illinois,IL,6451,,,,
4244,Pigeon Forge,Tennessee,TN,6446,35.79222,-83.56382,865,near
4245,Ralston,Nebraska,NE,6443,,,,
4246,Slinger,Wisconsin,WI,6443,43.33221,-88.28238,262,near
4247,Douglas,Wyoming,WY,6442,42.76256,-105.38548,307,near
4248,Milford,Ohio,OH,6433,39.17999,-84.24381,513,near
4249,Polk City,Iowa,IA,6430,41.75491,-93.68935,515,near
4250,Pass Christian,Mississippi,MS,6429,30.39892,-89.28427,228,near
4251,Johnsburg,Illinois,IL,6428,,,,
4252,Millersville,Tennessee,TN,6427,,,,
4253,West View,Pennsylvania,PA,6426,,,,
4254,Elm Grove,Wisconsin,WI,6416,43.04794,-88.08537,262 414,near
4255,Amory,Mississippi,MS,6412,33.98440,-88.47092,662,near
4256,Temple,Georgia,GA,6406,33.76769,-85.01332,678 770,near
4257,Walker,Louisiana,LA,6402,30.52475,-90.85571,225,near
4258,Glenarden,Maryland,MD,6394,,,,
4259,Crockett,Texas,TX,6387,31.31507,-95.46833,936,near
4260,Cherryville,North Carolina,NC,6385,35.37474,-81.35089,704 980,near
4261,Oceanport,New Jersey,NJ,6383,40.31573,-74.01637,732 848,near
4262,Prospect Park,New Jersey,NJ,6382,,,,
4263,Cottleville,Missouri,MO,6378,38.74611,-90.65389,636 314,near
4264,Sheridan,Oregon,OR,6375,45.08970,-123.40033,503 971,near
4265,Blaine,Washington,WA,6371,48.96357,-122.73233,360,near
4266,Roseland,New Jersey,NJ,6370,40.82034,-74.30469,862 973 908 201 551 732 848,near
4267,Tecumseh,Oklahoma,OK,6370,35.25023,-96.96671,405,near
4268,Nitro,West Virginia,WV,6366,38.41932,-81.82931,304 681,near
4269,Lauderdale-by-the-Sea,Florida,FL,6365,,,,
4270,Clyde,Ohio,OH,6360,41.30240,-82.99185,419,near
4271,Sanibel,Florida,FL,6358,26.45140,-82.08683,239,near
4272,Steelton,Pennsylvania,PA,6358,,,,
4273,Rossford,Ohio,OH,6353,41.60491,-83.56379,419 567,near
4274,Cherry Hills Village,Colorado,CO,6349,,,,
4275,Everman,Texas,TX,6347,,,,
4276,Huntington Woods,Michigan,MI,6345,42.48254,-83.17491,248 947 586 313 734 517 231,near
4277,Barnesville,Georgia,GA,6343,33.04571,-84.15147,678 770,near
4278,Rupert,Idaho,ID,6343,42.62147,-113.66699,208,near
4279,Horseheads,New York,NY,6343,42.18049,-76.83454,607,near
4280,Old Tappan,New Jersey,NJ,6342,,,,
4281,Mount Vernon,Indiana,IN,6341,37.95057,-87.85689,812,near
4282,Kingston,Tennessee,TN,6340,35.85281,-84.49705,865,near
4283,Bethel,Alaska,AK,6335,60.83239,-161.82405,,
4284,Parker,Texas,TX,6332,,,,
4285,Greenbrier,Arkansas,AR,6330,35.22955,-92.35779,501,near
4286,Twin Lakes,Wisconsin,WI,6328,42.52317,-88.25732,262,near
4287,Warrenton,Oregon,OR,6324,46.14502,-123.92537,503,near
4288,Paulsboro,New Jersey,NJ,6316,39.83116,-75.22423,856,near
4289,Wesley Hills,New York,NY,6310,,,,
4290,Thurmont,Maryland,MD,6308,39.60658,-77.40511,240 301,near
4291,Granville,Ohio,OH,6308,40.07879,-82.51940,220 740,near
4292,Gladewater,Texas,TX,6307,32.55586,-94.93200,903,near
4293,Talent,Oregon,OR,6306,42.23625,-122.78605,458 541,near
4294,Byron,Georgia,GA,6305,32.64738,-83.76224,478,near
4295,Cave Springs,Arkansas,AR,6304,36.26677,-94.20784,479,near
4296,Argyle,Texas,TX,6294,33.10624,-97.15998,214 469 972 940 682 817,near
4297,Highland Heights,Kentucky,KY,6292,,,,
4298,Rockford,Michigan,MI,6291,43.11522,-85.51361,616,near
4299,Hampstead,Maryland,MD,6288,39.61352,-76.84940,410 443 667,near
4300,Horace,North Dakota,ND,6286,46.73927,-96.86094,701,near
4301,Tequesta,Florida,FL,6285,,,,
4302,Franklin,Louisiana,LA,6284,29.78566,-91.50264,337,near
4303,Dundee,Florida,FL,6275,28.01941,-81.62121,863,near
4304,Dallas,North Carolina,NC,6270,35.33485,-81.18620,704 980,near
4305,Wilmore,Kentucky,KY,6268,37.86214,-84.66208,859,near
4306,Independence,Iowa,IA,6266,42.46744,-91.88034,319,near
4307,Shrewsbury,Missouri,MO,6263,,,,
4308,Morrow,Georgia,GA,6262,33.58493,-84.32470,404 678 770,near
4309,Taylor,Pennsylvania,PA,6252,41.39044,-75.71585,272 570,near
4310,Countryside,Illinois,IL,6246,,,,
4311,Braidwood,Illinois,IL,6245,41.26574,-88.22312,779,near
4312,Dillon,South Carolina,SC,6244,34.41455,-79.37702,843,near
4313,Chickasaw,Alabama,AL,6241,,,,
4314,Manistee,Michigan,MI,6241,44.22832,-86.28503,231,near
4315,White Oak,Texas,TX,6241,32.53723,-94.86212,903,near
4316,Battlefield,Missouri,MO,6236,,,,
4317,Greenwood,Missouri,MO,6235,38.84281,-94.33477,816,near
4318,Elsmere,Delaware,DE,6234,,,,
4319,Woodcliff Lake,New Jersey,NJ,6234,40.99111,-74.03306,201 551 862 973 908,near
4320,Portland,Indiana,IN,6233,40.43056,-84.99282,765,near
4321,Waupaca,Wisconsin,WI,6231,44.34810,-89.11014,715,near
4322,Wayne,Nebraska,NE,6229,42.23044,-97.01858,402,near
4323,Peculiar,Missouri,MO,6226,38.71645,-94.44053,816,near
4324,Jackson,Ohio,OH,6226,39.04282,-82.64721,220,near
4325,Mocksville,North Carolina,NC,6224,35.92201,-80.53696,704,near
4326,Princeton,Kentucky,KY,6223,37.11510,-87.86323,270,near
4327,Ephraim,Utah,UT,6220,39.35998,-111.58230,385,near
4328,Harriman,Tennessee,TN,6216,35.93478,-84.51553,865,near
4329,Torrington,Wyoming,WY,6211,42.06238,-104.19166,307,near
4330,Crescent City,California,CA,6209,41.78540,-124.17845,707,near
4331,Rushville,Indiana,IN,6208,39.61923,-85.43212,765,near
4332,Ishpeming,Michigan,MI,6207,46.49016,-87.68264,,
4333,Watford City,North Dakota,ND,6207,47.80426,-103.25821,,
4334,Lewistown,Montana,MT,6204,47.05632,-109.42030,,
4335,Justin,Texas,TX,6197,33.07337,-97.30925,682 817 214 469 972 940,near
4336,Tonganoxie,Kansas,KS,6195,39.10261,-95.10505,785,near
4337,Semmes,Alabama,AL,6193,30.75441,-88.26671,251,near
4338,Forest Hills,Pennsylvania,PA,6186,,,,
4339,South Williamsport,Pennsylvania,PA,6176,,,,
4340,Edgewood,New Mexico,NM,6170,35.07760,-106.18721,505,near
4341,McGregor,Texas,TX,6161,,,,
4342,Preston,Idaho,ID,6160,42.11092,-111.85652,208,near
4343,Gardiner,Maine,ME,6160,44.20703,-69.78577,207,near
4344,Belleview,Florida,FL,6156,29.05200,-82.04200,352,near
4345,Ville Platte,Louisiana,LA,6148,30.69238,-92.27371,337,near
4346,Hellertown,Pennsylvania,PA,6145,40.58172,-75.32551,484 610,near
4347,East Rochester,New York,NY,6139,43.11281,-77.49060,585,near
4348,Gustine,California,CA,6138,37.24246,-121.00396,209,near
4349,Edgerton,Wisconsin,WI,6138,42.83861,-89.06416,608,near
4350,Homer,Alaska,AK,6136,59.66549,-151.46264,,
4351,Aztec,New Mexico,NM,6129,36.82050,-108.01098,505,near
4352,Cheverly,Maryland,MD,6125,,,,
4353,Rittman,Ohio,OH,6119,40.96838,-81.78260,234 330,near
4354,Fair Haven,New Jersey,NJ,6114,40.35987,-74.03889,732 848,near
4355,Weiser,Idaho,ID,6112,44.25222,-116.96507,208,near
4356,Pauls Valley,Oklahoma,OK,6112,34.73851,-97.21950,405,near
4357,Stokesdale,North Carolina,NC,6111,36.25522,-79.97053,336,near
4358,Perry,Utah,UT,6111,,,,
4359,Rochester,Indiana,IN,6110,41.06549,-86.23101,765,near
4360,Willard,Ohio,OH,6106,41.05306,-82.72639,419,near
4361,Pevely,Missouri,MO,6103,38.27991,-90.41107,314,near
4362,Senoia,Georgia,GA,6101,33.28446,-84.59178,678 770,near
4363,Little Silver,New Jersey,NJ,6101,40.33539,-74.04132,732 848,near
4364,Fort Wright,Kentucky,KY,6096,,,,
4365,Gas City,Indiana,IN,6091,40.48790,-85.60553,765,near
4366,The Village of Indian Hill,Ohio,OH,6090,,,,
4367,Nazareth,Pennsylvania,PA,6088,40.74496,-75.31993,484 610,near
4368,Madison,South Dakota,SD,6086,44.00543,-97.11486,605,near
4369,Jonesboro,Georgia,GA,6084,33.52424,-84.35897,404 678 770,near
4370,Glendale,Missouri,MO,6082,,,,
4371,Willows,California,CA,6079,39.52375,-122.19920,530,near
4372,Wappingers Falls,New York,NY,6070,41.59220,-73.89059,845,near
4373,De Queen,Arkansas,AR,6069,34.04421,-94.33856,870,near
4374,Marion,South Carolina,SC,6068,34.15619,-79.38982,843,near
4375,Corry,Pennsylvania,PA,6065,41.92259,-79.65674,814,near
4376,Maquoketa,Iowa,IA,6064,42.07782,-90.67708,563,near
4377,Midway,Utah,UT,6064,40.50934,-111.47758,385,near
4378,Bowie,Texas,TX,6054,33.55680,-97.83734,940,near
4379,Chillicothe,Illinois,IL,6052,40.90135,-89.50679,309,near
4380,Asbury,Iowa,IA,6051,,,,
4381,Martins Ferry,Ohio,OH,6050,40.10360,-80.73613,234,near
4382,Milan,Michigan,MI,6048,42.09137,-83.67764,734,near
4383,Northville,Michigan,MI,6047,42.42625,-83.47935,248 947 734 313,near
4384,Pontotoc,Mississippi,MS,6046,34.21700,-88.98683,662,near
4385,Darlington,South Carolina,SC,6045,34.30029,-79.87322,843 854,near
4386,Sharon Hill,Pennsylvania,PA,6039,39.90351,-75.26952,484 610 215 267,near
4387,Alpine,Texas,TX,6039,30.26311,-103.65409,,
4388,Edna,Texas,TX,6039,28.95271,-96.64877,361,near
4389,Ranson corporation,West Virginia,WV,6035,,,,
4390,Sidney,Montana,MT,6031,47.71302,-104.16344,,
4391,Walkertown,North Carolina,NC,6027,36.18000,-80.16286,336 743,near
4392,Waterville,Ohio,OH,6022,41.50225,-83.73314,419 567,near
4393,Erwin,Tennessee,TN,6020,36.13419,-82.41631,423,near
4394,Moosic,Pennsylvania,PA,6018,41.36149,-75.71709,272 570,near
4395,Alma,Arkansas,AR,6017,35.50004,-94.20734,479,near
4396,Blackwell,Oklahoma,OK,6016,36.80057,-97.28669,580,near
4397,Monticello,Illinois,IL,6010,40.02632,-88.56856,217,near
4398,Dickson City,Pennsylvania,PA,6010,41.46231,-75.62434,272 570,near
4399,Goddard,Kansas,KS,6009,37.65748,-97.53641,316,near
4400,Crystal City,Texas,TX,6009,28.68695,-99.82641,830,near
4401,Salida,Colorado,CO,6007,38.52591,-105.99782,719,near
4402,Dundee,Michigan,MI,6006,41.95143,-83.65216,734,near
4403,Raton,New Mexico,NM,6005,36.89519,-104.43488,,
4404,Locust,North Carolina,NC,5992,35.27042,-80.42106,704 980,near
4405,Solvang,California,CA,5988,34.60993,-120.12929,805,near
4406,East Aurora,New York,NY,5986,42.77014,-78.60199,716,near
4407,Bellefonte,Pennsylvania,PA,5986,40.90938,-77.76420,814,near
4408,Plaquemine,Louisiana,LA,5985,30.26841,-91.25236,225,near
4409,Holly,Michigan,MI,5980,42.79049,-83.61274,248 947 810,near
4410,Mount Arlington,New Jersey,NJ,5979,40.92827,-74.63633,862 973,near
4411,Hightstown,New Jersey,NJ,5978,40.26689,-74.52499,609 732 848,near
4412,Dumfries,Virginia,VA,5978,38.91129,-77.93018,540,near
4413,Hilton,New York,NY,5975,43.29234,-77.79051,585,near
4414,Fruitland,Maryland,MD,5973,38.32252,-75.62278,410 443 667,near
4415,Kaser,New York,NY,5970,,,,
4416,Norwood,Pennsylvania,PA,5969,39.88703,-75.29725,484 610 215 267,near
4417,Fruit Heights,Utah,UT,5969,,,,
4418,Belding,Michigan,MI,5967,43.08855,-85.23127,616,near
4419,Starke,Florida,FL,5966,29.95830,-82.11852,904,near
4420,Dunlap,Tennessee,TN,5960,35.38417,-85.39251,423,near
4421,Woodstock,Virginia,VA,5954,38.88702,-78.52170,540,near
4422,Chisago City,Minnesota,MN,5953,45.36114,-92.89213,651,near
4423,Crandall,Texas,TX,5950,32.59746,-96.46369,214 469 972,near
4424,Brookville,Ohio,OH,5946,39.84139,-84.41646,937,near
4425,Clairton,Pennsylvania,PA,5945,40.29892,-79.91010,412 878 724,near
4426,Truth or Consequences,New Mexico,NM,5942,33.13948,-107.24879,575,near
4427,Richmond,Missouri,MO,5939,39.27930,-93.97916,816,near
4428,Media,Pennsylvania,PA,5938,39.91556,-75.40723,484 610 215 267,near
4429,Bay Harbor Islands,Florida,FL,5937,,,,
4430,Franklin,Pennsylvania,PA,5933,41.40478,-79.83089,724,near
4431,Sheridan,Colorado,CO,5932,,,,
4432,Rainsville,Alabama,AL,5931,34.49888,-85.84461,256,near
4433,Hartford City,Indiana,IN,5927,40.45411,-85.37577,765,near
4434,Manasquan,New Jersey,NJ,5925,40.12169,-74.06105,732 848,near
4435,Lafayette,Tennessee,TN,5919,36.53896,-86.02422,615,near
4436,White City metro,Utah,UT,5918,,,,
4437,District Heights,Maryland,MD,5916,38.85389,-76.88913,240 301 410 443 667,near
4438,Lake City,South Carolina,SC,5916,33.86547,-79.74179,843,near
4439,Port Clinton,Ohio,OH,5915,41.52154,-82.90937,419 567,near
4440,Medina,New York,NY,5912,43.21843,-78.38742,716,near
4441,Oxford,Pennsylvania,PA,5909,39.78270,-75.98152,484,near
4442,Kermit,Texas,TX,5909,31.85496,-103.09127,432,near
4443,Richmond,Michigan,MI,5905,42.81274,-82.73005,231,near
4444,Louisville,Mississippi,MS,5899,33.10582,-89.02865,662,near
4445,Avon,Colorado,CO,5898,39.63139,-106.52167,303,near
4446,Mount Zion,Illinois,IL,5897,,,,
4447,Holdenville,Oklahoma,OK,5893,35.08393,-96.37697,405,near
4448,Hamlet,North Carolina,NC,5888,34.88938,-79.70222,910,near
4449,Waterford,Wisconsin,WI,5885,42.79688,-88.19335,262 414,near
4450,West Bountiful,Utah,UT,5884,,,385 801,exact
4451,Yoakum,Texas,TX,5875,29.28395,-97.13063,361,near
4452,Geneva,Ohio,OH,5871,41.80286,-80.94736,440,near
4453,Somerset,Pennsylvania,PA,5870,40.02481,-79.08081,814,near
4454,Jamesburg,New Jersey,NJ,5869,,,,
4455,Jackson,Georgia,GA,5867,33.28201,-83.97839,678,near
4456,Groveport,Ohio,OH,5867,39.85814,-82.88722,614,near
4457,Germantown,Ohio,OH,5863,39.62440,-84.37638,513 937,near
4458,Crafton,Pennsylvania,PA,5863,,,,
4459,Poolesville,Maryland,MD,5856,39.13860,-77.40672,240 301,near
4460,Carlisle,Ohio,OH,5855,,,,
4461,Belle Fourche,South Dakota,SD,5855,44.67228,-103.83960,605,near
4462,Dayton,Kentucky,KY,5854,39.11143,-84.47115,859,near
4463,Norwood,New Jersey,NJ,5854,40.99523,-73.95817,201 551 862 973 908,near
4464,Nashville,North Carolina,NC,5850,35.98428,-77.95949,252,near
4465,Swartz Creek,Michigan,MI,5848,42.94678,-83.81700,810,near
4466,Belmar,New Jersey,NJ,5846,40.17833,-74.02222,732 848,near
4467,Pontoon Beach,Illinois,IL,5845,,,,
4468,Anamosa,Iowa,IA,5845,42.10776,-91.28512,319,near
4469,New Whiteland,Indiana,IN,5842,,,,
4470,Eaton,Colorado,CO,5839,40.52727,-104.71456,970,near
4471,Bartonville,Illinois,IL,5836,,,,
4472,Paola,Kansas,KS,5835,38.57200,-94.89369,913,near
4473,Los Ranchos de Albuquerque,New Mexico,NM,5833,,,,
4474,Pahokee,Florida,FL,5829,26.81420,-80.66290,561,near
4475,St. Clair,Michigan,MI,5824,,,,
4476,Carterville,Illinois,IL,5821,37.77479,-89.09779,618,near
4477,Stroudsburg,Pennsylvania,PA,5819,40.98770,-75.24852,484,near
4478,Evansville,Wisconsin,WI,5819,42.77322,-89.28771,608,near
4479,Edinboro,Pennsylvania,PA,5814,41.87563,-80.13560,814,near
4480,Wake Village,Texas,TX,5813,,,,
4481,Coal City,Illinois,IL,5810,41.29077,-88.28235,779,near
4482,Petoskey,Michigan,MI,5810,45.36127,-84.94026,,
4483,Plymouth,Pennsylvania,PA,5810,41.24580,-75.94806,272 570,near
4484,Tarrant,Alabama,AL,5806,,,,
4485,Grafton,Ohio,OH,5804,41.28537,-82.04310,440 234 330 216,near
4486,Beardstown,Illinois,IL,5803,40.00436,-90.42285,217,near
4487,Walton,Kentucky,KY,5803,38.88749,-84.63277,859,near
4488,Peoria Heights,Illinois,IL,5802,40.74370,-89.57570,309,near
4489,New Holland,Pennsylvania,PA,5800,40.10051,-76.08014,717,near
4490,Estherville,Iowa,IA,5796,43.40171,-94.81800,515,near
4491,Estes Park,Colorado,CO,5795,40.39361,-105.49417,303,near
4492,Philomath,Oregon,OR,5795,44.54882,-123.39227,458 541,near
4493,Clearfield,Pennsylvania,PA,5794,41.02103,-78.44349,814,near
4494,Willow Springs,Illinois,IL,5793,41.73642,-87.87859,331 630 708 779 815,near
4495,Oelwein,Iowa,IA,5788,42.68109,-91.91308,319,near
4496,Webster,New York,NY,5787,43.21956,-77.46159,585,near
4497,Brookshire,Texas,TX,5782,29.80717,-95.97554,281,near
4498,Windcrest,Texas,TX,5782,,,,
4499,Milton,Wisconsin,WI,5778,42.77909,-88.95309,608,near
4500,Metropolis,Illinois,IL,5776,37.17535,-88.72518,618,near
4501,Verdigris,Oklahoma,OK,5775,,,,
4502,Holly Ridge,North Carolina,NC,5766,34.46440,-77.51005,910,near
4503,Hyde Park,Utah,UT,5766,41.79889,-111.81833,435,near
4504,Berryville,Arkansas,AR,5763,36.35191,-93.55872,479,near
4505,Hillsboro,Illinois,IL,5761,39.14941,-89.48815,618,near
4506,Goshen,New York,NY,5760,41.39459,-74.33016,845,near
4507,Dos Palos,California,CA,5759,37.00253,-120.63335,209,near
4508,Pendleton,Indiana,IN,5758,39.97924,-85.79461,765 317,near
4509,Salamanca,New York,NY,5757,42.16035,-78.73042,716,near
4510,Adel,Georgia,GA,5752,31.12514,-83.42135,229,near
4511,Luling,Texas,TX,5752,29.68262,-97.64995,830,near
4512,Elsa,Texas,TX,5750,26.29306,-97.99278,956,near
4513,Attalla,Alabama,AL,5746,34.02960,-86.09672,256,near
4514,Central City,Kentucky,KY,5744,37.30070,-87.12024,270,near
4515,Dowagiac,Michigan,MI,5742,41.99097,-86.11677,269,near
4516,Littlefield,Texas,TX,5740,33.92119,-102.32070,806,near
4517,Bellevue,Kentucky,KY,5738,39.10243,-84.47875,859,near
4518,Hudson,New York,NY,5735,42.24698,-73.75525,845,near
4519,Okeechobee,Florida,FL,5731,27.31153,-80.84785,772,near
4520,Grant-Valkaria,Florida,FL,5730,,,,
4521,Bessemer City,North Carolina,NC,5730,35.28490,-81.28635,704 980,near
4522,Monticello,Kentucky,KY,5726,36.84272,-84.83925,859,near
4523,Wright City,Missouri,MO,5723,38.80968,-91.03293,636,near
4524,Monroeville,Alabama,AL,5720,31.51533,-87.34099,334,near
4525,Surfside,Florida,FL,5719,,,,
4526,New Castle,Delaware,DE,5715,39.67703,-75.58994,302,near
4527,Columbia Falls,Montana,MT,5713,48.35339,-114.17839,,
4528,Somerdale,New Jersey,NJ,5712,39.83999,-75.03091,856,near
4529,Odenville,Alabama,AL,5711,33.67561,-86.40895,205,near
4530,Albion,New York,NY,5704,43.23983,-78.20685,716,near
4531,Chestertown,Maryland,MD,5702,39.21252,-76.08021,410,near
4532,Villa Park,California,CA,5698,33.81650,-117.81120,657 714 949 562 626 909 951,near
4533,Sandy Oaks,Texas,TX,5698,,,,
4534,Slaton,Texas,TX,5698,33.43679,-101.65192,806,near
4535,McKees Rocks,Pennsylvania,PA,5694,,,,
4536,Union Beach,New Jersey,NJ,5691,,,,
4537,Winston,Oregon,OR,5691,43.10486,-123.43248,458 541,near
4538,Odessa,Missouri,MO,5689,38.98294,-93.97573,816,near
4539,Ashland City,Tennessee,TN,5689,36.27313,-87.04472,615,near
4540,Rockwood,Tennessee,TN,5684,35.85868,-84.68419,865,near
4541,Rigby,Idaho,ID,5683,43.67146,-111.90048,208,near
4542,Childress,Texas,TX,5683,34.42812,-100.21017,,
4543,Medina,Tennessee,TN,5681,35.80809,-88.76265,731,near
4544,Kings Point,New York,NY,5680,,,,
4545,Tallulah,Louisiana,LA,5677,32.40213,-91.19007,318,near
4546,Covington,Virginia,VA,5663,37.78420,-80.00318,540,near
4547,Glencoe,Minnesota,MN,5659,44.77800,-94.16155,952,near
4548,Washingtonville,New York,NY,5650,41.42370,-74.16010,845 914,near
4549,Sinton,Texas,TX,5648,28.03390,-97.51958,361,near
4550,Buckley,Washington,WA,5641,47.15245,-122.06210,253,near
4551,Shippensburg,Pennsylvania,PA,5638,40.05136,-77.51948,717,near
4552,Zeeland,Michigan,MI,5637,42.82559,-86.01041,616,near
4553,Rockdale,Texas,TX,5637,30.65828,-97.00790,254,near
4554,Palmerton,Pennsylvania,PA,5634,40.81698,-75.60112,484,near
4555,Rensselaer,Indiana,IN,5632,40.94773,-87.13373,219,near
4556,Polson,Montana,MT,5631,47.68757,-114.14044,406,near
4557,North Kansas City,Missouri,MO,5630,,,,
4558,Wilmington,Illinois,IL,5629,41.29806,-88.13008,779,near
4559,Pleasant View,Tennessee,TN,5629,36.37828,-87.03948,615,near
4560,Rothschild,Wisconsin,WI,5629,44.88429,-89.61926,715,near
4561,Thatcher,Arizona,AZ,5627,32.81990,-109.73024,,
4562,Mount Carmel,Pennsylvania,PA,5626,40.79554,-76.41947,272,near
4563,Northfield,Illinois,IL,5625,,,,
4564,East Alton,Illinois,IL,5621,38.88031,-90.08304,618,exact
4565,DeWitt,Iowa,IA,5620,,,,
4566,Creswell,Oregon,OR,5615,43.90583,-123.02838,458 541,near
4567,Patterson,Louisiana,LA,5614,29.69671,-91.28123,985,near
4568,Pelham Manor,New York,NY,5613,,,,
4569,Holtville,California,CA,5612,32.81039,-115.37746,442 760,near
4570,Du Quoin,Illinois,IL,5611,38.01369,-89.23327,618,near
4571,Cicero,Indiana,IN,5607,40.12678,-86.02484,317,near
4572,Berlin,Wisconsin,WI,5607,43.97694,-88.94901,920,near
4573,Henryetta,Oklahoma,OK,5606,35.45448,-95.97619,539,near
4574,Cramerton,North Carolina,NC,5604,35.23965,-81.08306,704 980,near
4575,McKenzie,Tennessee,TN,5603,,,,
4576,Marion,Virginia,VA,5602,36.82732,-81.53491,540,near
4577,Lake Bluff,Illinois,IL,5600,42.28196,-87.85595,224 847,near
4578,Clementon,New Jersey,NJ,5600,39.80703,-75.00400,856,near
4579,Williams,California,CA,5598,39.14885,-122.16237,530,near
4580,Princeton,West Virginia,WV,5595,37.36682,-81.08639,,
4581,Mena,Arkansas,AR,5594,34.58143,-94.22098,479,near
4582,Kimberly,Idaho,ID,5592,42.52866,-114.36572,208,near
4583,Estacada,Oregon,OR,5591,45.28718,-122.32586,503 971 458 541,near
4584,Exeter,Pennsylvania,PA,5590,,,,
4585,Credit River,Minnesota,MN,5589,,,,
4586,Trenton,Missouri,MO,5588,40.08234,-93.60863,816,near
4587,Punxsutawney,Pennsylvania,PA,5587,40.94794,-78.96806,814,near
4588,Osceola,Iowa,IA,5585,41.02950,-93.77124,515,near
4589,Sheldon,Iowa,IA,5584,43.18080,-95.84014,712,near
4590,Smiths Station,Alabama,AL,5583,32.52007,-85.10003,334,near
4591,Carlinville,Illinois,IL,5582,39.27982,-89.88894,618,near
4592,Ulysses,Kansas,KS,5582,37.57917,-101.34885,620,near
4593,Eagle Lake,Florida,FL,5576,27.97866,-81.75636,863,near
4594,Marlin,Texas,TX,5572,31.30359,-96.88894,254,near
4595,Flagler Beach,Florida,FL,5568,29.47498,-81.13029,386,near
4596,Livingston,Texas,TX,5562,30.71802,-94.93528,936,near
4597,Douglass Hills,Kentucky,KY,5558,,,,
4598,Holdrege,Nebraska,NE,5556,40.44753,-99.36723,308,near
4599,Waynesboro,Georgia,GA,5555,33.10125,-81.99080,706,near
4600,Spring Grove,Illinois,IL,5554,42.44127,-88.22373,779 815 224 847,near
4601,Rusk,Texas,TX,5553,31.80976,-95.17316,936,near
4602,Mount Carmel,Tennessee,TN,5549,36.56291,-82.65322,423,near
4603,Spirit Lake,Iowa,IA,5548,43.42621,-95.11234,,
4604,Smithville,Tennessee,TN,5546,35.92991,-85.80456,931,near
4605,Colby,Kansas,KS,5539,39.38304,-101.04417,,
4606,Hollidaysburg,Pennsylvania,PA,5537,40.43873,-78.36863,814,near
4607,Shillington,Pennsylvania,PA,5533,,,,
4608,Anadarko,Oklahoma,OK,5530,35.07281,-98.24291,580,near
4609,Cameron,Texas,TX,5527,30.85271,-96.97656,254,near
4610,Grosse Pointe,Michigan,MI,5526,42.38469,-82.92439,586 313 248 947 517,near
4611,Archer Lodge,North Carolina,NC,5522,,,,
4612,Hiram,Georgia,GA,5520,33.86729,-84.76987,678 770,near
4613,Monticello,Indiana,IN,5519,40.76256,-86.75500,765,near
4614,New Brighton,Pennsylvania,PA,5517,40.73933,-80.29722,724,near
4615,New Hempstead,New York,NY,5515,,,,
4616,Genoa,Illinois,IL,5514,42.09811,-88.69080,779 815,near
4617,Eastman,Georgia,GA,5513,32.20842,-83.18596,478,near
4618,Bath,New York,NY,5512,42.34545,-77.32326,607,near
4619,Whiteland,Indiana,IN,5511,39.55531,-86.09348,317,near
4620,St. Robert,Missouri,MO,5511,,,,
4621,New Carlisle,Ohio,OH,5511,39.93003,-84.02170,937,near
4622,Macon,Missouri,MO,5509,39.74809,-92.46216,573,near
4623,Walnut Ridge,Arkansas,AR,5508,36.07781,-90.95281,870,near
4624,Hollywood,South Carolina,SC,5503,32.72231,-80.25957,843,near
4625,Selinsgrove,Pennsylvania,PA,5501,40.82237,-76.86825,272,near
4626,Sandersville,Georgia,GA,5500,32.98697,-82.81693,478,near
4627,Benson,Arizona,AZ,5499,31.98826,-110.29411,520,near
4628,White Hall,Arkansas,AR,5499,34.25700,-92.08972,870,near
4629,International Falls,Minnesota,MN,5498,48.58340,-93.40609,,
4630,Waynesville,Missouri,MO,5493,37.81752,-92.19894,573,near
4631,Wellston,Ohio,OH,5493,39.11890,-82.54847,220,near
4632,Williamsville,New York,NY,5489,,,,
4633,Walterboro,South Carolina,SC,5488,32.89737,-80.67923,843,near
4634,LaBelle,Florida,FL,5472,26.73209,-81.43403,239,near
4635,Prairie du Chien,Wisconsin,WI,5472,43.04265,-91.11930,608,near
4636,Alfred,New York,NY,5471,42.25516,-77.79295,607,near
4637,Monaca,Pennsylvania,PA,5466,40.67185,-80.29174,412,near
4638,Carolina Shores,North Carolina,NC,5463,,,,
4639,Greenville,Pennsylvania,PA,5459,41.39940,-80.38034,724,near
4640,Primera,Texas,TX,5449,,,,
4641,Atlanta,Texas,TX,5448,33.10898,-94.16462,903,near
4642,Englewood Cliffs,New Jersey,NJ,5443,40.88204,-73.95445,201 551 862 973 908,near
4643,Manchester,Maryland,MD,5440,39.67475,-76.89407,410 443 667,near
4644,Deer Park,Ohio,OH,5437,,,,
4645,Headland,Alabama,AL,5429,31.35341,-85.33228,334,near
4646,Columbus,Wisconsin,WI,5429,43.33149,-89.02709,608,near
4647,North Hills,New York,NY,5427,,,,
4648,Roanoke,Alabama,AL,5424,33.15644,-85.35785,334,near
4649,Winterset,Iowa,IA,5421,41.33908,-94.00876,515,near
4650,Red Oak,Iowa,IA,5420,41.00795,-95.22692,712,near
4651,North Fond du Lac,Wisconsin,WI,5419,,,920,exact
4652,Granite Shoals,Texas,TX,5417,,,,
4653,Whispering Pines,North Carolina,NC,5416,,,,
4654,Social Circle,Georgia,GA,5415,33.65611,-83.71833,678,near
4655,Newport,Minnesota,MN,5415,44.87252,-92.99860,651 612 952,near
4656,Sylvester,Georgia,GA,5413,31.53927,-83.86073,229,near
4657,Posen,Illinois,IL,5413,41.62766,-87.68721,708,near
4658,Spring Valley,Illinois,IL,5404,41.32792,-89.20417,779,near
4659,Sansom Park,Texas,TX,5402,,,,
4660,Emporia,Virginia,VA,5402,36.68569,-77.56295,804,near
4661,Bridgeport,Pennsylvania,PA,5401,40.10304,-75.34023,484 610 215 267,near
4662,Kodiak,Alaska,AK,5399,57.78197,-152.50017,,
4663,Olyphant,Pennsylvania,PA,5397,41.46771,-75.60150,272 570,near
4664,Glencoe,Alabama,AL,5396,,,,
4665,Vinita,Oklahoma,OK,5395,36.63335,-95.13816,539,near
4666,Madisonville,Tennessee,TN,5395,35.50092,-84.35190,865,near
4667,Sayre,Pennsylvania,PA,5394,41.98422,-76.52176,272,near
4668,Chelsea,Michigan,MI,5393,42.32069,-84.03339,734,near
4669,Springville,Alabama,AL,5392,33.73865,-86.43941,205,near
4670,Hamilton,Montana,MT,5383,46.23953,-114.16787,406,near
4671,La Habra Heights,California,CA,5382,,,,
4672,Canal Fulton,Ohio,OH,5382,40.88871,-81.57727,234 330,near
4673,St. Paul Park,Minnesota,MN,5381,,,,
4674,Mineola,Texas,TX,5380,32.66606,-95.48703,903,near
4675,Malone,New York,NY,5373,44.84816,-74.29281,,
4676,Sunset,Utah,UT,5372,,,,
4677,Cornelia,Georgia,GA,5371,34.52088,-83.54527,678,near
4678,Brush,Colorado,CO,5370,40.26026,-103.62788,970,near
4679,Salem,New Jersey,NJ,5369,39.55912,-75.45210,856,near
4680,Forest,Mississippi,MS,5364,32.34700,-89.46720,601,near
4681,Ripley,Mississippi,MS,5359,34.75091,-88.92397,662,near
4682,Highwood,Illinois,IL,5358,42.20355,-87.81407,224 847,near
4683,Johnstown,Ohio,OH,5356,40.14452,-82.69728,614,near
4684,Berlin,Maryland,MD,5349,38.34751,-75.18656,410,near
4685,Garwood,New Jersey,NJ,5346,40.65121,-74.32386,908 732 848 862 973 201 551,near
4686,Summit,Wisconsin,WI,5346,,,,
4687,Centerville,Iowa,IA,5345,40.73259,-92.87283,641,near
4688,Reminderville,Ohio,OH,5345,,,,
4689,Rogersville,Missouri,MO,5344,37.13105,-93.09645,417,near
4690,Fort Meade,Florida,FL,5341,27.74636,-81.78235,863,near
4691,Algona,Iowa,IA,5341,43.06598,-94.23064,515,near
4692,Fairport,New York,NY,5341,43.08920,-77.43596,585,near
4693,Coraopolis,Pennsylvania,PA,5340,40.51324,-80.18969,412 878 724,near
4694,Leesville,Louisiana,LA,5339,31.14429,-93.22396,318,near
4695,Central,South Carolina,SC,5339,34.74007,-82.79473,864,near
4696,Sergeant Bluff,Iowa,IA,5335,42.40190,-96.35339,712,near
4697,Clarinda,Iowa,IA,5334,40.74908,-95.03798,712,near
4698,Williamsburg,Kentucky,KY,5332,36.73553,-84.14359,859,near
4699,Princeton,Minnesota,MN,5329,45.58512,-93.59614,320,near
4700,Giddings,Texas,TX,5324,30.17772,-96.93322,979,near
4701,Herculaneum,Missouri,MO,5321,38.26009,-90.38710,314,near
4702,Batesburg-Leesville,South Carolina,SC,5321,,,,
4703,Sheridan,Arkansas,AR,5315,34.31653,-92.36571,501,near
4704,Tyrone,Pennsylvania,PA,5312,40.66190,-78.24191,814,near
4705,Iola,Kansas,KS,5309,37.92824,-95.40215,620,near
4706,Fort Myers Beach,Florida,FL,5308,26.45195,-81.92454,239,near
4707,Collegeville,Pennsylvania,PA,5308,40.18928,-75.44876,484 610,near
4708,Lake City,Minnesota,MN,5306,44.43049,-92.28378,507,near
4709,West Salem,Wisconsin,WI,5306,43.90625,-91.08931,608,near
4710,Weldon Spring,Missouri,MO,5304,,,,
4711,Montevideo,Minnesota,MN,5300,44.96883,-95.67647,,
4712,Wonder Lake,Illinois,IL,5296,42.38491,-88.35336,779 815 224 847,near
4713,Ada,Ohio,OH,5293,40.77093,-83.81540,419 567,near
4714,McLendon-Chisholm,Texas,TX,5291,,,,
4715,Kanab,Utah,UT,5291,37.07209,-112.34537,435,near
4716,Jasper,Georgia,GA,5289,34.46196,-84.47588,678,near
4717,Long View,North Carolina,NC,5289,,,,
4718,Hudson,Texas,TX,5288,,,,
4719,Tipton,Indiana,IN,5285,40.28173,-86.04329,765,near
4720,Barling,Arkansas,AR,5284,35.33296,-94.30823,479,near
4721,Rockmart,Georgia,GA,5284,33.99791,-85.05937,706,near
4722,Manchester,Iowa,IA,5283,42.48342,-91.44900,319,near
4723,Linton,Indiana,IN,5281,39.04614,-87.17229,812,near
4724,South Pasadena,Florida,FL,5280,,,,
4725,Grambling,Louisiana,LA,5278,32.52440,-92.71578,318,near
4726,Lone Grove,Oklahoma,OK,5276,34.17737,-97.26852,580,near
4727,Schuylkill Haven,Pennsylvania,PA,5273,40.63057,-76.16997,717,near
4728,Springfield,Michigan,MI,5267,,,,
4729,Louisburg,Kansas,KS,5266,38.60734,-94.68291,913,near
4730,Shelley,Idaho,ID,5262,43.37690,-112.10755,208,near
4731,Lehighton,Pennsylvania,PA,5262,40.83002,-75.70609,272,near
4732,Westville,Indiana,IN,5260,41.53652,-86.90132,219,near
4733,St. Helena,California,CA,5257,,,,
4734,La Crescent,Minnesota,MN,5257,43.83069,-91.32632,507,near
4735,Caddo Mills,Texas,TX,5257,33.06827,-96.23909,903,near
4736,Lewisburg,Pennsylvania,PA,5253,40.97020,-76.90988,272,near
4737,Grayson,Georgia,GA,5252,33.89417,-83.95583,678 770 404,near
4738,Becker,Minnesota,MN,5252,45.43654,-93.84097,320,near
4739,Glenwood,Iowa,IA,5250,41.04701,-95.73892,712,near
4740,Moab,Utah,UT,5242,38.56767,-109.52709,,
4741,Union Grove,Wisconsin,WI,5241,42.68964,-88.03900,262 414,near
4742,Margate City,New Jersey,NJ,5239,39.32862,-74.50904,609,near
4743,Bristol,Wisconsin,WI,5239,42.53252,-88.04778,262,near
4744,North Manchester,Indiana,IN,5237,40.99860,-85.78418,765,near
4745,Chardon,Ohio,OH,5233,41.57186,-81.20563,440,near
4746,North Oaks,Minnesota,MN,5232,,,,
4747,West Hazleton,Pennsylvania,PA,5231,,,,
4748,Center,Texas,TX,5231,31.78647,-94.18695,936,near
4749,Chester,South Carolina,SC,5230,34.71490,-81.21856,803,near
4750,St. Martinville,Louisiana,LA,5229,,,,
4751,Nassau Bay,Texas,TX,5229,,,,
4752,Gladstone,Michigan,MI,5226,45.85640,-87.02728,,
4753,Daytona Beach Shores,Florida,FL,5223,,,,
4754,Northwood,Ohio,OH,5222,41.60799,-83.48056,419 567,near
4755,Silverthorne,Colorado,CO,5220,39.63750,-106.06139,303,near
4756,Horseshoe Bay,Texas,TX,5218,30.57806,-98.27250,512,near
4757,Muleshoe,Texas,TX,5218,34.21931,-102.74963,806,near
4758,Lawrenceburg,Indiana,IN,5216,39.14012,-84.86582,765,near
4759,Palmetto,Georgia,GA,5213,33.52419,-84.67900,678 770,near
4760,Alexandria,Indiana,IN,5211,40.25608,-85.66815,765,near
4761,Port Isabel,Texas,TX,5210,26.08764,-97.25439,956,near
4762,Orange,Virginia,VA,5210,38.23394,-78.09122,434,near
4763,Gilmer,Texas,TX,5207,32.72456,-94.97143,903,near
4764,Mayville,Wisconsin,WI,5205,43.50450,-88.54508,262,near
4765,Guadalupe,Arizona,AZ,5197,,,,
4766,Warren,Arkansas,AR,5196,33.61398,-92.07782,870,near
4767,Veneta,Oregon,OR,5194,44.03824,-123.35159,458,near
4768,Elko New Market,Minnesota,MN,5193,,,,
4769,Morris,Minnesota,MN,5192,45.59210,-95.91723,,
4770,Kingfisher,Oklahoma,OK,5192,35.86361,-97.94729,405,near
4771,Deer Park,Washington,WA,5191,47.94861,-117.44356,425,near
4772,Porter,Indiana,IN,5190,,,,
4773,Ayden,North Carolina,NC,5190,35.45647,-77.40513,252,near
4774,Breckenridge,Texas,TX,5190,32.75317,-98.90988,325,near
4775,Eureka,Illinois,IL,5189,40.71525,-89.27056,309,near
4776,Toronto,Ohio,OH,5187,40.47330,-80.63250,234,near
4777,McRae-Helena,Georgia,GA,5186,,,,
4778,Cherokee,Iowa,IA,5186,42.74819,-95.55684,712,near
4779,Frankenmuth,Michigan,MI,5185,43.34096,-83.74748,989,near
4780,Fox Chapel,Pennsylvania,PA,5185,,,,
4781,Eaton Rapids,Michigan,MI,5184,42.51662,-84.65654,517,near
4782,Progreso,Texas,TX,5182,26.09194,-97.95694,956,near
4783,Cave Creek,Arizona,AZ,5177,33.83333,-111.95000,480,near
4784,Loxley,Alabama,AL,5176,30.61796,-87.75624,251,near
4785,Bangor,Pennsylvania,PA,5171,40.85491,-75.19564,484 610,near
4786,Caruthersville,Missouri,MO,5170,36.18024,-89.66831,,
4787,Elmsford,New York,NY,5168,41.05717,-73.81360,914 845 347 718 917 929,near
4788,Omak,Washington,WA,5167,48.41435,-119.52716,,
4789,Poplar Grove,Illinois,IL,5165,42.35936,-88.84277,779 815,near
4790,Ashland,Missouri,MO,5164,38.78777,-92.25366,573,near
4791,Birdsboro,Pennsylvania,PA,5163,40.25630,-75.83437,484 610,near
4792,Shallotte,North Carolina,NC,5161,33.94301,-78.41068,910,near
4793,South Bay,Florida,FL,5160,26.67013,-80.73121,561,near
4794,Lake Barrington,Illinois,IL,5160,,,,
4795,Tillamook,Oregon,OR,5157,45.44918,-123.81885,503,near
4796,Berkeley,Illinois,IL,5155,41.88654,-87.91068,708 331 630 224 847 312 773,near
4797,Titusville,Pennsylvania,PA,5155,41.63816,-79.68549,814,near
4798,Allegan,Michigan,MI,5152,42.52561,-85.86608,269,near
4799,Pleasant Garden,North Carolina,NC,5151,35.95224,-79.75494,336 743,near
4800,Jarrell,Texas,TX,5151,30.74841,-97.60083,512 737,near
4801,Blakely,Georgia,GA,5142,31.37750,-84.93417,229,near
4802,Hugo,Oklahoma,OK,5142,34.01134,-95.51388,,
4803,Duryea,Pennsylvania,PA,5142,41.34856,-75.76110,272 570,near
4804,Terrell Hills,Texas,TX,5142,,,,
4805,Monee,Illinois,IL,5139,41.41913,-87.77484,708,near
4806,Utica,Michigan,MI,5139,42.66369,-82.99655,231 586 517 248 947,near
4807,Liberty,New York,NY,5136,41.79618,-74.74840,845,near
4808,Madison,Georgia,GA,5131,33.59468,-83.46178,706,near
4809,New Freedom,Pennsylvania,PA,5131,39.74227,-76.68406,717,near
4810,Brewton,Alabama,AL,5129,31.11893,-87.06732,251,near
4811,La Joya,Texas,TX,5129,26.24667,-98.48111,956,near
4812,West York,Pennsylvania,PA,5127,,,,
4813,Kingsford,Michigan,MI,5125,45.79500,-88.07194,,
4814,Woodside,California,CA,5123,,,,
4815,Osage Beach,Missouri,MO,5123,38.13805,-92.66643,573,near
4816,Uhrichsville,Ohio,OH,5122,40.39050,-81.33737,234,near
4817,Diboll,Texas,TX,5108,31.19503,-94.77291,936,near
4818,Winona Lake,Indiana,IN,5107,41.21101,-85.83053,574,near
4819,Windsor Heights,Iowa,IA,5106,,,,
4820,Lakeport,California,CA,5104,39.05515,-122.91508,707,near
4821,Glennville,Georgia,GA,5104,31.94671,-81.94831,912,near
4822,Wildwood,New Jersey,NJ,5098,38.98990,-74.81910,856,near
4823,Chadron,Nebraska,NE,5094,42.81927,-102.99533,,
4824,Swoyersville,Pennsylvania,PA,5092,,,,
4825,Clarks Summit,Pennsylvania,PA,5089,41.48779,-75.70571,272 570,near
4826,Harrington Park,New Jersey,NJ,5088,40.99179,-73.98002,201 551 862 973 908,near
4827,Big Stone Gap,Virginia,VA,5087,36.85807,-82.76273,,
4828,Bolivar,Tennessee,TN,5084,35.24608,-89.00072,731,near
4829,Mechanicville,New York,NY,5083,42.96761,-73.67317,518,near
4830,Whitehouse,Ohio,OH,5083,41.51943,-83.81151,419 567,near
4831,Jackson,California,CA,5079,38.35751,-120.75488,916,near
4832,Dodgeville,Wisconsin,WI,5077,42.96978,-90.14043,608,near
4833,Savannah,Missouri,MO,5076,39.91677,-94.82673,816,near
4834,Duquesne,Pennsylvania,PA,5074,40.37045,-79.85224,412 878 724,near
4835,Richlands,Virginia,VA,5074,37.09405,-81.81229,,
4836,Woodruff,South Carolina,SC,5072,34.75786,-82.04466,864,near
4837,Connell,Washington,WA,5071,46.66426,-118.85454,509,near
4838,Bullard,Texas,TX,5070,32.13575,-95.37505,903,near
4839,Lonsdale,Minnesota,MN,5066,44.46289,-93.42359,507,near
4840,Williamston,North Carolina,NC,5066,35.66015,-77.04834,252,near
4841,South Barrington,Illinois,IL,5061,,,,
4842,Davison,Michigan,MI,5059,43.03478,-83.52677,810,near
4843,Franklin,New Jersey,NJ,5059,41.11635,-74.58649,862 973,near
4844,Sawmills,North Carolina,NC,5059,,,,
4845,Tucumcari,New Mexico,NM,5058,35.16800,-103.71793,575,near
4846,Middletown,Maryland,MD,5055,39.44159,-77.55024,240 301,near
4847,Midway,North Carolina,NC,5053,,,,
4848,Richland Center,Wisconsin,WI,5052,43.36271,-90.39138,608,near
4849,Denton,Maryland,MD,5049,38.87793,-75.83607,410,near
4850,Creedmoor,North Carolina,NC,5049,36.11243,-78.64759,919,near
4851,Buckhannon,West Virginia,WV,5049,38.98407,-80.21782,304,near
4852,Big Bear Lake,California,CA,5044,34.24389,-116.91056,909,near
4853,Leonardtown,Maryland,MD,5041,38.27743,-76.63804,240,near
4854,Redwood Falls,Minnesota,MN,5038,44.53175,-95.10713,507,near
4855,New Martinsville,West Virginia,WV,5038,39.65880,-80.85654,304,near
4856,Pana,Illinois,IL,5034,39.38812,-89.07816,217,near
4857,Milan,Illinois,IL,5033,41.42620,-90.57394,309,near
4858,Adairsville,Georgia,GA,5029,34.35953,-84.91763,706,near
4859,Camilla,Georgia,GA,5029,31.21992,-84.22968,229,near
4860,Fellsmere,Florida,FL,5028,27.76427,-80.60195,772,near
4861,Midland,North Carolina,NC,5027,35.24772,-80.53185,704 980,near
4862,Lindstrom,Minnesota,MN,5026,45.38726,-92.84208,651,near
4863,Ste. Genevieve,Missouri,MO,5025,,,,
4864,Penn Yan,New York,NY,5024,42.66455,-77.05687,315,near
4865,Sea Cliff,New York,NY,5024,40.84598,-73.64360,516 914 347 718 917 929 631,near
4866,Buellton,California,CA,5023,34.62093,-120.19223,805,near
4867,Calistoga,California,CA,5022,38.58230,-122.58138,707,near
4868,Island Park,New York,NY,5019,40.60404,-73.65541,516 347 718 917 929 631,near
4869,Manheim,Pennsylvania,PA,5011,40.17023,-76.41679,717,near
4870,East Troy,Wisconsin,WI,5011,42.80353,-88.40922,262,near
4871,Colville,Washington,WA,5009,48.57799,-117.86446,425,near
4872,Elk Ridge,Utah,UT,5003,,,,
4873,Medical Lake,Washington,WA,5003,47.58370,-117.67935,509,near
4874,Falcon Heights,Minnesota,MN,5002,,,,
4875,King City,Oregon,OR,5002,,,,
4876,Mendham,New Jersey,NJ,5000,40.77892,-74.60004,862 973 908 732 848,near
4877,Iowa Falls,Iowa,IA,4993,42.51376,-93.27094,641,near
4878,Daleville,Alabama,AL,4992,31.28109,-85.73047,334,near
4879,Port Allen,Louisiana,LA,4991,30.47198,-91.25409,225,near
4880,Indian Wells,California,CA,4989,33.71633,-116.33813,442 760,near
4881,Pittsboro,North Carolina,NC,4989,35.76944,-79.17551,919 984,near
4882,Sparta,Tennessee,TN,4989,35.95466,-85.47858,931,near
4883,Munroe Falls,Ohio,OH,4987,41.14202,-81.43757,234 330,near
4884,Baldwin City,Kansas,KS,4985,38.79531,-95.22762,785,near
4885,Wauchula,Florida,FL,4984,27.55174,-81.80739,863,near
4886,Cherokee Village,Arkansas,AR,4979,36.29778,-91.51583,870,near
4887,Northvale,New Jersey,NJ,4979,41.01120,-73.95238,201 551 862 973,near
4888,Edwardsville,Pennsylvania,PA,4977,,,,
4889,Telford,Pennsylvania,PA,4977,40.32048,-75.35200,484 610,near
4890,Ardsley,New York,NY,4974,41.01133,-73.84131,914 347 718 917 929 845 516,near
4891,Rocky Mount,Virginia,VA,4971,36.98910,-79.88396,540,near
4892,Wahoo,Nebraska,NE,4970,41.21172,-96.62195,402,near
4893,Saltillo,Mississippi,MS,4968,34.38313,-88.66736,662,near
4894,Kenneth City,Florida,FL,4966,,,,
4895,South Bound Brook,New Jersey,NJ,4965,40.55280,-74.52908,732 848 908,near
4896,Wadesboro,North Carolina,NC,4965,34.98094,-80.06959,704,near
4897,Pinckneyville,Illinois,IL,4963,38.09033,-89.38578,618,near
4898,Vinton,Iowa,IA,4962,42.17428,-91.98915,319,near
4899,Alva,Oklahoma,OK,4962,36.80156,-98.67216,580,near
4900,Surf City,North Carolina,NC,4961,,,,
4901,Colona,Illinois,IL,4960,41.47522,-90.34923,309,near
4902,Royersford,Pennsylvania,PA,4958,40.19286,-75.53055,484 610,near
4903,Bisbee,Arizona,AZ,4957,31.40856,-109.91174,520,near
4904,Brady,Texas,TX,4956,31.12830,-99.33720,325,near
4905,Vandergrift,Pennsylvania,PA,4955,40.60588,-79.56553,412 724 878,near
4906,St. Clairsville,Ohio,OH,4954,,,,
4907,Clarkdale,Arizona,AZ,4951,34.74779,-112.03342,928,near
4908,Nashville,Georgia,GA,4950,31.20738,-83.23195,229,near
4909,Old Westbury,New York,NY,4950,40.78821,-73.58751,516 631 914 347 718 917 929,near
4910,Cheraw,South Carolina,SC,4946,34.68628,-79.91741,843,near
4911,Circle Pines,Minnesota,MN,4944,45.15284,-93.14398,763 651 218 612,near
4912,Baxley,Georgia,GA,4943,31.78366,-82.34864,912,near
4913,Chatsworth,Georgia,GA,4943,34.75893,-84.79429,706 762,near
4914,West Jefferson,Ohio,OH,4943,39.94241,-83.28531,614,near
4915,Granite Falls,North Carolina,NC,4942,35.81966,-81.45714,828,near
4916,Luverne,Minnesota,MN,4941,43.66137,-96.22156,,
4917,Demarest,New Jersey,NJ,4941,40.95477,-73.96022,201 551 862 973 908,near
4918,Point Pleasant Beach,New Jersey,NJ,4941,40.08023,-74.06572,732 848,near
4919,Ironwood,Michigan,MI,4938,46.46379,-90.15884,,
4920,Brielle,New Jersey,NJ,4938,40.10773,-74.06351,732 848,near
4921,Triana,Alabama,AL,4936,,,,
4922,Staunton,Illinois,IL,4935,39.01348,-89.78570,618,near
4923,Hinton,Oklahoma,OK,4931,35.46750,-98.33135,405,near
4924,Midfield,Alabama,AL,4930,,,,
4925,Ballston Spa,New York,NY,4930,43.00496,-73.84858,518,near
4926,Fortville,Indiana,IN,4927,39.92283,-85.81855,317 765,near
4927,Rio Communities,New Mexico,NM,4927,,,,
4928,Concordia,Kansas,KS,4926,39.55943,-97.66273,785,near
4929,Turtle Creek,Pennsylvania,PA,4925,40.41135,-79.82205,412 724 878,near
4930,Penns Grove,New Jersey,NJ,4921,39.71794,-75.46562,856,near
4931,South Hill,Virginia,VA,4920,36.71239,-78.15339,804,near
4932,Littlestown,Pennsylvania,PA,4917,39.74955,-77.10033,717,near
4933,Flemington,New Jersey,NJ,4905,40.51798,-74.84532,609,near
4934,Columbiana,Alabama,AL,4904,33.17696,-86.61615,205,near
4935,Harlan,Iowa,IA,4898,41.64375,-95.31110,712,near
4936,Hallsville,Texas,TX,4896,32.50728,-94.53331,903,near
4937,Forsyth,Georgia,GA,4895,33.05076,-83.93621,478,near
4938,Beaufort,North Carolina,NC,4895,34.75804,-76.62283,252,near
4939,New Castle,Colorado,CO,4894,39.57092,-107.54276,970,near
4940,Wellington,Ohio,OH,4894,41.17118,-82.22692,440,near
4941,Breckenridge,Colorado,CO,4892,39.48167,-106.03778,303,near
4942,Wamego,Kansas,KS,4888,39.21000,-96.31534,785,near
4943,Edgewater,Colorado,CO,4880,,,,
4944,Fountain Hill,Pennsylvania,PA,4880,,,,
4945,Shenandoah,Iowa,IA,4878,40.75809,-95.36480,712,near
4946,Dawsonville,Georgia,GA,4875,34.39433,-84.10371,678,near
4947,Mount Pleasant,Tennessee,TN,4871,35.53008,-87.20368,931,near
4948,Bluefield,Virginia,VA,4871,37.24951,-81.32511,540,near
4949,Abbeville,South Carolina,SC,4870,34.18186,-82.37845,864,near
4950,Platte City,Missouri,MO,4867,39.36017,-94.78897,816,near
4951,Erwin,North Carolina,NC,4865,35.32865,-78.68594,910,near
4952,American Falls,Idaho,ID,4863,42.78988,-112.87071,208,near
4953,Winfield,Alabama,AL,4862,33.93026,-87.79716,205,near
4954,Spring Lake Heights,New Jersey,NJ,4859,,,,
4955,Silverton,Ohio,OH,4858,,,,
4956,Coopersville,Michigan,MI,4856,43.06013,-85.95172,616,near
4957,Saranac Lake,New York,NY,4856,44.32433,-74.13295,,
4958,Sonora,California,CA,4855,37.99569,-120.33850,209,near
4959,Carthage,Mississippi,MS,4855,32.78863,-89.53527,601,near
4960,West Milton,Ohio,OH,4855,39.95308,-84.32424,937,near
4961,Hawkinsville,Georgia,GA,4854,32.27783,-83.49476,478,near
4962,Valparaiso,Florida,FL,4852,30.50920,-86.50091,850,near
4963,Lillington,North Carolina,NC,4848,35.33195,-78.92122,910,near
4964,Willits,California,CA,4844,39.41143,-123.35027,707,near
4965,Sulphur,Oklahoma,OK,4844,34.51158,-96.97970,580,near
4966,Springtown,Texas,TX,4843,32.96602,-97.63495,682,near
4967,Sayre,Oklahoma,OK,4841,35.30472,-99.64293,580,near
4968,Canton,Texas,TX,4841,32.51430,-95.90466,903,near
4969,Needles,California,CA,4839,34.78237,-114.58713,,
4970,Holbrook,Arizona,AZ,4837,34.90845,-110.14341,,
4971,Cochran,Georgia,GA,4836,32.39807,-83.32289,478,near
4972,Desloge,Missouri,MO,4836,,,,
4973,Flower Hill,New York,NY,4836,,,,
4974,Richwood,Texas,TX,4835,,,,
4975,Aberdeen,Mississippi,MS,4833,33.82844,-88.53803,662,near
4976,Dellwood,Missouri,MO,4833,,,,
4977,Creve Coeur,Illinois,IL,4832,40.64722,-89.59111,309,near
4978,Lexington,Ohio,OH,4832,,,,
4979,Cheboygan,Michigan,MI,4831,45.60804,-84.48672,,
4980,Lemoyne,Pennsylvania,PA,4824,40.24716,-76.89757,717,near
4981,Caldwell,Texas,TX,4820,30.52982,-96.71429,979,near
4982,Gibraltar,Michigan,MI,4819,,,,
4983,Berryville,Virginia,VA,4819,39.15318,-77.96876,540,near
4984,Lake Worth,Texas,TX,4813,,,,
4985,Luray,Virginia,VA,4813,38.65484,-78.45956,540,near
4986,Dilworth,Minnesota,MN,4811,46.87817,-96.70222,218,near
4987,Palos Park,Illinois,IL,4810,41.66235,-87.85215,708 331 630 779 815,near
4988,Florence,Mississippi,MS,4810,32.15300,-90.12167,601 769,near
4989,Hazard,Kentucky,KY,4808,37.25264,-83.19984,859,near
4990,Centralia,Missouri,MO,4807,39.19609,-92.14724,573,near
4991,Marksville,Louisiana,LA,4805,31.13961,-92.08315,318,near
4992,Clinton,Indiana,IN,4802,39.65914,-87.42080,812 930,near
4993,Keyser,West Virginia,WV,4802,39.43041,-78.98867,304,near
4994,Parker,Florida,FL,4801,,,,
4995,Winchester,Indiana,IN,4800,40.16959,-85.00437,765,near
4996,Ottawa Hills,Ohio,OH,4800,,,,
4997,Weaverville,North Carolina,NC,4799,35.71264,-82.54911,828,near
4998,Windom,Minnesota,MN,4797,43.87902,-95.15153,507,near
4999,Rockford,Minnesota,MN,4796,45.00790,-93.65420,763 952 612,near
5000,Westmont,Pennsylvania,PA,4795,,,,
5001,Moxee,Washington,WA,4791,46.55421,-120.36846,509,near
5002,Fairfield,Illinois,IL,4790,38.37821,-88.35932,618,near
5003,Higginsville,Missouri,MO,4789,39.07050,-93.71327,816,near
5004,Coopertown,Tennessee,TN,4781,,,,
5005,DeWitt,Michigan,MI,4780,42.84278,-84.57965,517,near
5006,Chittenango,New York,NY,4780,43.05524,-75.87684,315,near
5007,Marseilles,Illinois,IL,4779,41.33020,-88.69468,779,near
5008,Hurstbourne,Kentucky,KY,4777,,,,
5009,Le Claire,Iowa,IA,4776,41.60823,-90.36279,563,near
5010,Humboldt,Iowa,IA,4774,42.71957,-94.21318,515,near
5011,Watertown,Minnesota,MN,4774,44.95953,-93.84816,952,near
5012,Centreville,Maryland,MD,4771,39.05642,-76.04497,410,near
5013,Morgan's Point Resort,Texas,TX,4771,,,,
5014,Ovilla,Texas,TX,4771,,,,
5015,Bloomfield,Wisconsin,WI,4766,,,,
5016,Worland,Wyoming,WY,4765,44.01380,-107.95626,,
5017,Buhl,Idaho,ID,4761,42.60076,-114.78254,208,near
5018,Elberton,Georgia,GA,4760,34.10820,-82.84476,706,near
5019,Glendive,Montana,MT,4760,47.10081,-104.72872,,
5020,Boiling Springs,North Carolina,NC,4759,35.25417,-81.66722,704,near
5021,Ashville,Ohio,OH,4758,39.73158,-82.94457,614,near
5022,Ranlo,North Carolina,NC,4756,,,,
5023,Ogallala,Nebraska,NE,4751,41.12750,-101.71074,308,near
5024,Green Tree,Pennsylvania,PA,4751,,,,
5025,St. James,Minnesota,MN,4750,,,,
5026,Edwardsville,Kansas,KS,4748,39.05870,-94.82550,913,near
5027,Delmar,Maryland,MD,4748,38.44451,-75.55828,410 443 667,near
5028,St. Clair,Missouri,MO,4748,,,,
5029,Fox River Grove,Illinois,IL,4747,42.19359,-88.22048,224 847 779 815 331 630,near
5030,Haslet,Texas,TX,4743,32.95573,-97.33719,682 817 214 469 972,near
5031,Shannon Hills,Arkansas,AR,4740,,,,
5032,Jenkintown,Pennsylvania,PA,4740,40.10048,-75.11727,215 267 484 610,near
5033,Huxley,Iowa,IA,4737,41.89943,-93.60238,515,near
5034,Westlake,Louisiana,LA,4735,30.26127,-93.26884,337,near
5035,Coldwater,Ohio,OH,4729,40.48456,-84.65165,937,near
5036,Beecher,Illinois,IL,4727,41.34437,-87.61154,708,near
5037,Benton,Kentucky,KY,4726,36.88065,-88.35477,270,near
5038,Salem,Missouri,MO,4726,37.61695,-91.52581,,
5039,Montebello,New York,NY,4723,,,,
5040,Waterloo,New York,NY,4722,42.90452,-76.87550,315,near
5041,Wood Village,Oregon,OR,4722,,,,
5042,Rogersville,Tennessee,TN,4720,36.41620,-83.01079,423,near
5043,Tallassee,Alabama,AL,4715,32.55100,-85.89781,334,near
5044,Aurora,Nebraska,NE,4715,40.85284,-98.02011,308,near
5045,Eldon,Missouri,MO,4714,38.34013,-92.57362,573,near
5046,Holts Summit,Missouri,MO,4714,38.63278,-92.11634,573,near
5047,Valdese,North Carolina,NC,4713,35.74474,-81.56696,828,near
5048,Sugarcreek,Pennsylvania,PA,4712,,,,
5049,Crescent Springs,Kentucky,KY,4707,,,,
5050,Piedmont,Alabama,AL,4706,33.83895,-85.64600,256,near
5051,Crystal City,Missouri,MO,4703,38.23002,-90.38253,314,near
5052,Mount Vernon,Missouri,MO,4703,37.10447,-93.79763,417,near
5053,Granite Falls,Washington,WA,4702,48.07898,-121.94275,360 425,near
5054,Folkston,Georgia,GA,4701,30.85084,-82.01162,912,near
5055,Hartwell,Georgia,GA,4701,34.35712,-82.92958,706,near
5056,Mount Ephraim,New Jersey,NJ,4700,39.88275,-75.09289,856 609,near
5057,Kimberly,Alabama,AL,4699,33.76835,-86.80842,205,near
5058,West Pittston,Pennsylvania,PA,4699,,,,
5059,Prospect,Kentucky,KY,4696,38.35599,-85.60829,502,near
5060,Southampton,New York,NY,4693,40.90434,-72.41027,631,near
5061,Randleman,North Carolina,NC,4692,35.84880,-79.80179,336 743,near
5062,Hoopeston,Illinois,IL,4691,40.46387,-87.66623,217,near
5063,Mountain Grove,Missouri,MO,4690,37.16264,-92.28389,417,near
5064,Whiteville,North Carolina,NC,4688,34.32414,-78.71605,910,near
5065,Columbia,Kentucky,KY,4685,37.11641,-85.26927,270,near
5066,Sauk Centre,Minnesota,MN,4682,45.72808,-94.96817,320,near
5067,Carmi,Illinois,IL,4679,38.08082,-88.16699,618,near
5068,Montoursville,Pennsylvania,PA,4678,41.26625,-76.90304,272 570,near
5069,Negaunee,Michigan,MI,4676,46.50066,-87.58291,,
5070,Oak Park Heights,Minnesota,MN,4674,,,,
5071,Gentry,Arkansas,AR,4672,36.26516,-94.47513,479,near
5072,Vilonia,Arkansas,AR,4672,35.07189,-92.18323,501,near
5073,Rock Hill,Missouri,MO,4669,,,,
5074,Hokes Bluff,Alabama,AL,4668,,,,
5075,Utqiagvik,Alaska,AK,4668,,,,
5076,Crystal Springs,Mississippi,MS,4668,31.99333,-90.37444,601,near
5077,Brisbane,California,CA,4667,37.68110,-122.40012,415 628 650 510,near
5078,Chisholm,Minnesota,MN,4667,47.50074,-92.86169,218,near
5079,Ahoskie,North Carolina,NC,4665,36.29574,-76.99663,252,near
5080,Cornwall,Pennsylvania,PA,4660,40.27361,-76.40639,717,near
5081,Hollister,Missouri,MO,4659,36.61073,-93.22858,417,near
5082,Tuscola,Illinois,IL,4658,39.79951,-88.28159,217,near
5083,Arnold,Pennsylvania,PA,4657,,,,
5084,Jacksboro,Texas,TX,4656,33.23465,-98.16814,940,near
5085,Buffalo,Wyoming,WY,4655,44.34847,-106.70726,307,near
5086,Ligonier,Indiana,IN,4650,41.46617,-85.59272,574,near
5087,Flora,Illinois,IL,4647,38.67034,-88.49186,217,near
5088,Mountain Lakes,New Jersey,NJ,4644,40.89045,-74.44149,862 973 908,near
5089,East Palestine,Ohio,OH,4643,40.84055,-80.54651,234 330,near
5090,Madisonville,Texas,TX,4642,30.95333,-95.90909,936,near
5091,Hearne,Texas,TX,4641,30.86686,-96.58426,979,near
5092,Fulton,Mississippi,MS,4640,34.27454,-88.37926,662,near
5093,Oconto,Wisconsin,WI,4638,44.89136,-87.89173,920,near
5094,Sherman,Illinois,IL,4634,39.88946,-89.60251,217,near
5095,Meadows Place,Texas,TX,4630,,,,
5096,Breese,Illinois,IL,4629,38.61880,-89.52838,618,near
5097,Lebanon,Illinois,IL,4628,38.60528,-89.79921,618,near
5098,California,Pennsylvania,PA,4628,40.06253,-79.89532,412,near
5099,Lafayette,Oregon,OR,4627,45.24664,-123.11136,503 971,near
5100,East Petersburg,Pennsylvania,PA,4625,40.10078,-76.35117,717,near
5101,Sykesville,Maryland,MD,4622,39.39887,-76.96144,410 443 667,near
5102,Devine,Texas,TX,4622,29.15208,-98.90899,210,near
5103,Hancock,Michigan,MI,4620,47.13673,-88.56539,,
5104,Bridgeville,Pennsylvania,PA,4620,40.34719,-80.11529,412 724 878,near
5105,Fremont,Michigan,MI,4617,43.46520,-85.96255,231,near
5106,Belleair,Florida,FL,4614,,,,
5107,Childersburg,Alabama,AL,4612,33.26693,-86.33762,205,near
5108,Manlius,New York,NY,4611,42.99044,-75.97034,315,near
5109,China Grove,North Carolina,NC,4610,35.56690,-80.59004,704 980,near
5110,Brookland,Arkansas,AR,4607,35.91647,-90.57623,870,near
5111,Manitou Springs,Colorado,CO,4607,38.85499,-104.90584,719,near
5112,Sheffield,Ohio,OH,4605,,,,
5113,Medford,Wisconsin,WI,4604,45.15118,-90.35031,715,near
5114,Bremen,Indiana,IN,4603,41.44670,-86.19323,574,near
5115,Winnsboro,Louisiana,LA,4602,32.15923,-91.71085,318,near
5116,West Reading,Pennsylvania,PA,4600,,,,
5117,Neptune City,New Jersey,NJ,4599,,,,
5118,Lexington,Missouri,MO,4595,39.17425,-93.87144,816,near
5119,Avalon,Pennsylvania,PA,4594,,,,
5120,Duncan,South Carolina,SC,4594,34.91765,-82.12582,864,near
5121,Olympia Fields,Illinois,IL,4593,41.51564,-87.68995,708,near
5122,Cortland,Illinois,IL,4592,41.92000,-88.68861,779 815,near
5123,Selmer,Tennessee,TN,4590,35.16912,-88.59583,731,near
5124,Dewey-Humboldt,Arizona,AZ,4589,,,,
5125,Barnwell,South Carolina,SC,4589,33.23349,-81.35231,803,near
5126,Pocola,Oklahoma,OK,4588,35.24360,-94.47603,539,near
5127,Carrizo Springs,Texas,TX,4586,28.52779,-99.86351,830,near
5128,Prescott,Wisconsin,WI,4584,44.74765,-92.75353,715,near
5129,Mills,Wyoming,WY,4584,42.84056,-106.36528,307,near
5130,Greendale,Indiana,IN,4581,,,,
5131,Fredericktown,Missouri,MO,4581,37.54372,-90.31053,573,near
5132,Raeford,North Carolina,NC,4578,34.98901,-79.22276,910,near
5133,Grafton,West Virginia,WV,4575,39.34139,-80.02851,304,near
5134,Scottsville,Kentucky,KY,4574,36.76144,-86.19286,270,near
5135,Haughton,Louisiana,LA,4574,32.55073,-93.56574,318,near
5136,Belton,South Carolina,SC,4573,34.50872,-82.51011,864,near
5137,Phoenix,Oregon,OR,4570,42.27656,-122.82269,458 541,near
5138,Jourdanton,Texas,TX,4569,28.90299,-98.54404,210,near
5139,Robbins,Illinois,IL,4567,41.64229,-87.70891,708,near
5140,Nowthen,Minnesota,MN,4565,,,,
5141,Whiteville,Tennessee,TN,4564,35.31910,-89.13369,731,near
5142,Kewaskum,Wisconsin,WI,4564,43.52145,-88.19253,262,near
5143,Dyersville,Iowa,IA,4559,42.48333,-91.11826,563,near
5144,Jeanerette,Louisiana,LA,4557,29.90324,-91.65440,337,near
5145,Buena,New Jersey,NJ,4555,39.53699,-74.88949,856,near
5146,Nelsonville,Ohio,OH,4555,39.45564,-82.23088,220 740,near
5147,Kildeer,Illinois,IL,4554,,,,
5148,Soldotna,Alaska,AK,4553,60.48178,-151.13582,907,near
5149,Morgan,Utah,UT,4553,41.06783,-111.71634,385 801,near
5150,Hamburg,Pennsylvania,PA,4552,40.54880,-75.98736,484 610,near
5151,Pittsburg,Texas,TX,4552,32.96231,-94.96034,903,near
5152,Wellsville,New York,NY,4551,42.11076,-77.94191,607,near
5153,Farmville,North Carolina,NC,4547,35.58061,-77.57930,252,near
5154,New Boston,Texas,TX,4546,33.46212,-94.43388,903,near
5155,Mansfield,Louisiana,LA,4545,32.02386,-93.69804,318,near
5156,Wayland,Michigan,MI,4543,42.66427,-85.61911,616,near
5157,Waverly,Nebraska,NE,4543,40.92224,-96.52599,402 531,near
5158,Jim Thorpe,Pennsylvania,PA,4543,40.87000,-75.73967,272 570,near
5159,Hummelstown,Pennsylvania,PA,4542,40.27820,-76.70937,717,near
5160,Anthony,Texas,TX,4542,31.99072,-106.59762,915,near
5161,Shelbyville,Illinois,IL,4540,39.40487,-88.80461,217,near
5162,Sellersville,Pennsylvania,PA,4538,40.36202,-75.31895,484,near
5163,Camanche,Iowa,IA,4536,41.78864,-90.27085,563,near
5164,Newton Falls,Ohio,OH,4536,41.19105,-80.97013,234 330,near
5165,South Tucson,Arizona,AZ,4535,,,,
5166,Benson,North Carolina,NC,4534,35.40366,-78.54213,919,near
5167,Cobleskill,New York,NY,4533,42.68405,-74.49387,518,near
5168,Dardanelle,Arkansas,AR,4531,35.19551,-93.18732,479,near
5169,Mosinee,Wisconsin,WI,4531,44.79974,-89.68449,715,near
5170,Narberth,Pennsylvania,PA,4530,40.01768,-75.25940,484 610 215 267,near
5171,La Verkin,Utah,UT,4529,37.20111,-113.26889,435,near
5172,Dexter,Michigan,MI,4528,42.35832,-83.90003,734,near
5173,West Wendover,Nevada,NV,4528,40.73500,-114.07528,,
5174,Clintonville,Wisconsin,WI,4528,44.63644,-88.74300,920,near
5175,Little Falls,New York,NY,4527,43.04737,-74.86060,315,near
5176,California,Missouri,MO,4522,38.62237,-92.54556,573,near
5177,Sunset Beach,North Carolina,NC,4521,33.88357,-78.51995,910,near
5178,McLoud,Oklahoma,OK,4519,35.41907,-97.10518,405,near
5179,Freeburg,Illinois,IL,4518,38.40802,-89.91806,618,near
5180,Mount Vernon,Iowa,IA,4518,41.92874,-91.42737,319,near
5181,Seat Pleasant,Maryland,MD,4518,,,,
5182,Wingate,North Carolina,NC,4517,34.98467,-80.44760,704 980,near
5183,Evansdale,Iowa,IA,4515,42.47545,-92.28116,319,near
5184,Weston Lakes,Texas,TX,4514,,,,
5185,Clayton,Delaware,DE,4511,39.25639,-75.69036,302,near
5186,Perryville,Maryland,MD,4510,39.56489,-76.05923,410 443 667,near
5187,Waynesboro,Mississippi,MS,4507,31.67545,-88.67822,601,near
5188,Crossett,Arkansas,AR,4506,33.15237,-91.95915,870,near
5189,Marlow,Oklahoma,OK,4505,34.63868,-97.94096,580,near
5190,Wolverine Lake,Michigan,MI,4504,,,,
5191,La Grange,Texas,TX,4504,29.90398,-96.88599,512,near
5192,Jessup,Pennsylvania,PA,4503,41.47244,-75.56889,272 570,near
5193,Lincoln,North Dakota,ND,4502,,,,
5194,Huntingdon,Tennessee,TN,4502,36.00623,-88.42021,731,near
5195,Menands,New York,NY,4501,,,,
5196,Newport,North Carolina,NC,4501,34.75508,-76.90694,252,near
5197,Riverside,Missouri,MO,4498,39.17793,-94.61667,816,near
5198,Mount Olive,North Carolina,NC,4498,35.21092,-78.09834,919 984,near
5199,Georgetown,Ohio,OH,4498,38.87171,-83.90915,513,near
5200,Watseka,Illinois,IL,4495,40.77335,-87.73093,779,near
5201,Berwick,Louisiana,LA,4495,29.69879,-91.20566,985,near
5202,Edenton,North Carolina,NC,4492,36.09078,-76.62238,252,near
5203,Wapato,Washington,WA,4492,46.45066,-120.42648,509,near
5204,Whiting,Indiana,IN,4491,41.67866,-87.50054,219,near
5205,Cedarville,Ohio,OH,4491,39.74842,-83.80125,937,near
5206,Mulberry,Florida,FL,4488,27.90202,-82.00149,863 813,near
5207,Springhill,Louisiana,LA,4485,33.00054,-93.45956,318,near
5208,Oak Hill,Tennessee,TN,4485,,,,
5209,Donora,Pennsylvania,PA,4482,40.17682,-79.86186,412 878,near
5210,Hunters Creek Village,Texas,TX,4482,,,,
5211,Edinburgh,Indiana,IN,4478,39.36260,-85.97071,812 930,near
5212,Jackson,Alabama,AL,4477,31.51310,-87.86719,251,near
5213,Stone Park,Illinois,IL,4473,41.90301,-87.88105,708 331 630 224 847,near
5214,Crestline,Ohio,OH,4468,40.79271,-82.73672,419 567,near
5215,Vail,Colorado,CO,4466,39.62379,-106.46345,303,near
5216,Indian River Shores,Florida,FL,4466,,,,
5217,Glendale,Colorado,CO,4465,,,,
5218,New Lexington,Ohio,OH,4463,39.71744,-82.20188,220,near
5219,Chelan,Washington,WA,4462,47.84826,-120.02731,509,near
5220,Forest Hills,Tennessee,TN,4455,,,,
5221,Auburn,Illinois,IL,4453,39.59179,-89.74403,217,near
5222,Perry,Oklahoma,OK,4448,36.28747,-97.28418,405,near
5223,Charleston,Missouri,MO,4447,36.92134,-89.33421,573,near
5224,Archbold,Ohio,OH,4445,41.53325,-84.30483,419,near
5225,Bloomfield Hills,Michigan,MI,4444,42.54504,-83.27710,248 947 313 586 734 231,near
5226,Middleville,Michigan,MI,4444,42.69325,-85.47590,616,near
5227,Egg Harbor City,New Jersey,NJ,4442,39.53312,-74.61771,609,near
5228,Honesdale,Pennsylvania,PA,4441,41.57923,-75.25279,272,near
5229,Eagar,Arizona,AZ,4438,33.95457,-109.24693,,
5230,Harrogate,Tennessee,TN,4438,36.57672,-83.60726,423,near
5231,Rio Bravo,Texas,TX,4436,,,,
5232,Canastota,New York,NY,4435,43.08776,-75.76020,315,near
5233,Ellisville,Mississippi,MS,4434,31.57966,-89.22307,601,near
5234,Gaylord,Michigan,MI,4433,45.02750,-84.67472,,
5235,Scott City,Missouri,MO,4432,37.20771,-89.51808,573,near
5236,Pocomoke City,Maryland,MD,4426,38.07137,-75.55504,410,near
5237,Minersville,Pennsylvania,PA,4426,40.69064,-76.26153,272,near
5238,Canton,North Carolina,NC,4422,35.51265,-82.84129,828,near
5239,Ottawa,Ohio,OH,4422,41.02975,-84.04729,419,near
5240,Summerville,Georgia,GA,4421,34.48590,-85.33622,706,near
5241,Chalfont,Pennsylvania,PA,4415,40.28918,-75.21494,484 610,near
5242,North Wilkesboro,North Carolina,NC,4412,36.15830,-81.14770,704,near
5243,Unalaska,Alaska,AK,4407,53.88711,-166.51986,,
5244,Viroqua,Wisconsin,WI,4407,43.54419,-90.89387,608,near
5245,Paxton,Illinois,IL,4402,40.45655,-88.09899,217,near
5246,Atlantic Highlands,New Jersey,NJ,4402,40.40772,-74.03241,732 848,near
5247,Godley,Texas,TX,4402,32.42817,-97.53486,682 817,near
5248,Comanche,Texas,TX,4401,31.91164,-98.60823,254,near
5249,Mount Orab,Ohio,OH,4400,39.04537,-83.94803,513,near
5250,Magnolia,New Jersey,NJ,4396,39.85381,-75.03925,856 609,near
5251,Laurel,Delaware,DE,4395,38.55369,-75.56305,302,near
5252,Caseyville,Illinois,IL,4395,38.63446,-90.01349,618,near
5253,Goodland,Kansas,KS,4394,39.34910,-101.71640,,
5254,Spring Valley Village,Texas,TX,4394,,,,
5255,Ludlow,Kentucky,KY,4390,,,,
5256,Taylor,Arizona,AZ,4386,34.46500,-110.09056,,
5257,White Bluff,Tennessee,TN,4386,36.12531,-87.21901,615,near
5258,Broadway,Virginia,VA,4384,38.60834,-78.78749,540,near
5259,Carlisle,Iowa,IA,4381,41.48138,-93.49214,515,near
5260,Park Rapids,Minnesota,MN,4381,46.93768,-95.03830,,
5261,Waverly,Tennessee,TN,4381,36.09966,-87.79911,931,near
5262,Bowling Green,Missouri,MO,4380,39.33464,-91.19623,636,near
5263,Stacy,Minnesota,MN,4378,45.39806,-92.98722,218,near
5264,Garden Ridge,Texas,TX,4378,,,,
5265,Isle of Palms,South Carolina,SC,4377,32.79425,-79.77295,843 854,near
5266,Plain City,Ohio,OH,4374,40.09736,-83.26905,614,near
5267,Wadena,Minnesota,MN,4373,46.44012,-95.12828,,
5268,Palacios,Texas,TX,4373,28.71504,-96.21544,361,near
5269,Argo,Alabama,AL,4369,,,,
5270,Breckenridge Hills,Missouri,MO,4369,,,,
5271,Highland Beach,Florida,FL,4368,,,,
5272,Surfside Beach,South Carolina,SC,4368,,,,
5273,Denver City,Texas,TX,4366,32.97111,-102.83125,806,near
5274,Franklin,North Carolina,NC,4362,35.18098,-83.38848,828,near
5275,Tulia,Texas,TX,4360,34.54026,-101.76286,806,near
5276,Prairie du Sac,Wisconsin,WI,4358,43.29563,-89.74523,608,near
5277,Greenville,Kentucky,KY,4353,37.20764,-87.18061,270,near
5278,Farmersville,Texas,TX,4352,33.16586,-96.36862,214 469 972 903,near
5279,Baldwin,Wisconsin,WI,4352,44.96570,-92.36550,715,near
5280,Falfurrias,Texas,TX,4351,27.22416,-98.14084,361,near
5281,Wiggins,Mississippi,MS,4350,30.86095,-89.13237,228,near
5282,Westville,New Jersey,NJ,4350,39.86049,-75.13228,856,near
5283,Greenfield,Ohio,OH,4350,39.34776,-83.38980,220,near
5284,Medford Lakes,New Jersey,NJ,4347,,,,
5285,Dansville,New York,NY,4345,42.56997,-77.71091,585,near
5286,Boardman,Oregon,OR,4345,45.82717,-119.72057,,
5287,Laureldale,Pennsylvania,PA,4344,,,,
5288,Ho-Ho-Kus,New Jersey,NJ,4342,,,,
5289,Southport,North Carolina,NC,4341,34.01214,-78.04555,910,near
5290,Hampton,Iowa,IA,4340,42.74053,-93.21095,641,near
5291,Bayside,Wisconsin,WI,4338,,,,
5292,Highlands,New Jersey,NJ,4337,40.40238,-73.99091,732 848,near
5293,Beaver,Pennsylvania,PA,4336,40.69718,-80.33653,724,near
5294,Smithville,Texas,TX,4335,30.01781,-97.14940,512,near
5295,Louisville,Tennessee,TN,4334,35.83747,-84.00889,865,near
5296,Newport,Vermont,VT,4333,44.93934,-72.20651,802,near
5297,Slatington,Pennsylvania,PA,4331,40.74070,-75.62161,484 610,near
5298,Scottdale,Pennsylvania,PA,4329,40.10295,-79.59302,412,near
5299,Sinking Spring,Pennsylvania,PA,4327,,,,
5300,Cold Spring,Minnesota,MN,4326,45.44998,-94.43782,320,near
5301,Barboursville,West Virginia,WV,4326,38.38927,-82.29597,304 681,near
5302,Russell,Kansas,KS,4325,38.88056,-98.85945,785,near
5303,Slaughterville,Oklahoma,OK,4324,,,,
5304,Boyertown,Pennsylvania,PA,4324,40.33391,-75.66037,484 610,near
5305,Sparta,Michigan,MI,4323,43.16187,-85.68767,616,near
5306,Lawrenceville,Illinois,IL,4315,38.73086,-87.67840,217,near
5307,Haleyville,Alabama,AL,4313,34.23142,-87.59381,256,near
5308,Berne,Indiana,IN,4310,40.66152,-84.93427,260,near
5309,Wayzata,Minnesota,MN,4308,44.95819,-93.52058,952 763 612,near
5310,Columbus,Minnesota,MN,4307,,,,
5311,Larksville,Pennsylvania,PA,4305,,,,
5312,Saukville,Wisconsin,WI,4305,43.39126,-87.95677,262,near
5313,Tazewell,Virginia,VA,4302,37.10777,-81.50998,540,near
5314,Lamar,Missouri,MO,4299,37.50022,-94.27025,417,near
5315,Reedsport,Oregon,OR,4299,43.69570,-124.10548,458,near
5316,Sullivan,Illinois,IL,4298,39.59343,-88.60377,217,near
5317,Glassport,Pennsylvania,PA,4298,40.32595,-79.88832,412 878 724,near
5318,New Roads,Louisiana,LA,4295,30.70136,-91.44212,225,near
5319,Mathis,Texas,TX,4292,28.08021,-97.80966,361,near
5320,Bellville,Texas,TX,4291,29.96583,-96.25308,281,near
5321,Rose Hill,Kansas,KS,4290,37.57837,-97.11735,316,near
5322,Pittsboro,Indiana,IN,4288,39.86153,-86.46455,317,near
5323,Lonoke,Arkansas,AR,4287,34.78316,-91.92137,501,near
5324,Lakewood,Illinois,IL,4287,39.31336,-88.87147,217,near
5325,Williamston,South Carolina,SC,4285,34.62057,-82.51101,864,near
5326,Butler,Missouri,MO,4283,38.27125,-94.31375,816,near
5327,Portola Valley,California,CA,4282,,,,
5328,Bristow,Oklahoma,OK,4282,35.82090,-96.37584,539,near
5329,Forty Fort,Pennsylvania,PA,4281,,,,
5330,Haskell,Arkansas,AR,4279,,,,
5331,DeMotte,Indiana,IN,4279,41.17132,-87.24913,219,near
5332,Chariton,Iowa,IA,4278,41.02264,-93.30419,515,near
5333,Aldan,Pennsylvania,PA,4277,,,,
5334,Wellsville,Utah,UT,4272,41.63430,-111.93168,435,near
5335,Le Roy,New York,NY,4269,42.97738,-77.98510,585,near
5336,Danielson,Connecticut,CT,4264,41.79825,-71.88070,860,near
5337,Caro,Michigan,MI,4262,43.48327,-83.38347,989,near
5338,La Center,Washington,WA,4256,45.88059,-122.62397,360,near
5339,Lyons,Georgia,GA,4253,32.17115,-82.30778,912,near
5340,Walhalla,South Carolina,SC,4249,34.76890,-83.03878,864,near
5341,Southside,Arkansas,AR,4248,,,,
5342,Indian Head,Maryland,MD,4247,38.58886,-77.14836,240 301,near
5343,Normandy,Missouri,MO,4247,,,,
5344,Geneva,Alabama,AL,4242,31.04144,-85.88475,334,near
5345,Dillon,Montana,MT,4242,45.23394,-112.64045,406,near
5346,Sullivan,Indiana,IN,4240,39.10102,-87.41024,812,near
5347,Ashburn,Georgia,GA,4239,31.70588,-83.66078,229,near
5348,Waverly,New York,NY,4237,42.01723,-76.53331,607,near
5349,Troutman,North Carolina,NC,4234,35.68627,-80.88223,704 980,near
5350,Le Sueur,Minnesota,MN,4230,44.45815,-93.88559,507,near
5351,Hanover,Minnesota,MN,4229,45.15583,-93.66611,763,near
5352,Peotone,Illinois,IL,4228,41.33609,-87.78968,708 779 815,near
5353,Broken Bow,Oklahoma,OK,4227,34.02699,-94.76230,,
5354,Merchantville,New Jersey,NJ,4226,39.95193,-75.04820,856 609,near
5355,Blanchester,Ohio,OH,4226,39.30344,-83.97398,513,near
5356,Greencastle,Pennsylvania,PA,4226,39.78183,-77.74696,717,near
5357,Baldwin,Georgia,GA,4217,34.45641,-83.52978,678,near
5358,Aumsville,Oregon,OR,4216,44.81782,-122.87857,503 971,near
5359,Kutztown,Pennsylvania,PA,4214,40.52135,-75.77739,484 610,near
5360,Dallastown,Pennsylvania,PA,4211,39.90013,-76.64479,717,near
5361,Nash,Texas,TX,4208,33.43979,-94.14224,903,near
5362,West Peoria,Illinois,IL,4204,,,,
5363,Cannon Falls,Minnesota,MN,4201,44.49598,-92.86400,651,near
5364,Ferris,Texas,TX,4200,32.52232,-96.66432,214 469 972,near
5365,Forest City,Iowa,IA,4199,43.26918,-93.63559,641,near
5366,Lambertville,New Jersey,NJ,4197,40.37312,-74.92660,609,near
5367,Springville,New York,NY,4194,42.51998,-78.68472,716,near
5368,Montesano,Washington,WA,4194,47.09013,-123.50058,360,near
5369,Hometown,Illinois,IL,4193,41.73113,-87.73154,708 331 630,near
5370,Danville,Pennsylvania,PA,4193,40.97989,-76.62290,272,near
5371,Camden,Delaware,DE,4191,,,,
5372,North East,Maryland,MD,4191,39.60453,-75.95381,410,near
5373,Osawatomie,Kansas,KS,4187,38.48880,-94.96199,913,near
5374,Linden,Michigan,MI,4185,42.81038,-83.79928,810,near
5375,Tarentum,Pennsylvania,PA,4183,40.61865,-79.78520,412 724 878,near
5376,Chilton,Wisconsin,WI,4183,44.02424,-88.18269,920,near
5377,Adamsville,Alabama,AL,4181,33.58844,-86.95973,205,near
5378,Dawson,Georgia,GA,4180,31.77333,-84.44667,229,near
5379,Ellenville,New York,NY,4180,41.72181,-74.41412,845,near
5380,Fayetteville,New York,NY,4180,43.02677,-76.01450,315,near
5381,Cross Plains,Wisconsin,WI,4180,43.11321,-89.63966,608,near
5382,Buchanan,Michigan,MI,4169,41.83269,-86.37084,269,near
5383,Rice Lake,Minnesota,MN,4168,,,,
5384,Spindale,North Carolina,NC,4168,35.36013,-81.92514,828,near
5385,Shrewsbury,New Jersey,NJ,4167,40.32820,-74.05889,732 848,near
5386,Owego,New York,NY,4167,42.11381,-76.25280,607,near
5387,Anna,Illinois,IL,4165,37.46678,-89.22068,618,near
5388,Swansboro,North Carolina,NC,4165,34.69907,-77.13501,910,near
5389,Kaplan,Louisiana,LA,4164,29.97710,-92.30246,337,near
5390,Fairway,Kansas,KS,4160,,,,
5391,Charleroi,Pennsylvania,PA,4159,40.14040,-79.92002,412 878,near
5392,Austin,Indiana,IN,4156,38.74780,-85.79619,812,near
5393,Shenandoah,Pennsylvania,PA,4156,40.81674,-76.20350,272 570,near
5394,Lowell,Michigan,MI,4153,42.95497,-85.36531,616,near
5395,Mount Pleasant,Pennsylvania,PA,4150,40.17418,-79.51338,412,near
5396,North Braddock,Pennsylvania,PA,4149,,,,
5397,Pinetop-Lakeside,Arizona,AZ,4148,,,,
5398,Jefferson,Iowa,IA,4148,42.00932,-94.38877,515,near
5399,Stanley,North Carolina,NC,4147,35.35157,-81.09592,704 980,near
5400,Edgefield,South Carolina,SC,4147,33.80555,-81.96602,803,near
5401,Mauston,Wisconsin,WI,4147,43.79338,-90.06409,715,near
5402,Whitesboro,Texas,TX,4145,33.65902,-96.87898,903,near
5403,Moscow Mills,Missouri,MO,4144,38.92293,-90.96300,636,near
5404,Lansford,Pennsylvania,PA,4143,40.83144,-75.88283,272 570,near
5405,Riverdale,New Jersey,NJ,4142,40.99311,-74.30876,862 973 201 551,near
5406,Farrell,Pennsylvania,PA,4142,41.21099,-80.49444,724,near
5407,Clarion,Pennsylvania,PA,4141,41.21227,-79.37727,724,near
5408,Bradley Beach,New Jersey,NJ,4140,40.20231,-74.01317,732 848,near
5409,Euharlee,Georgia,GA,4139,,,,
5410,Bosque Farms,New Mexico,NM,4138,34.87637,-106.69751,505,near
5411,Waller,Texas,TX,4138,30.08601,-95.96128,281,near
5412,Hohenwald,Tennessee,TN,4136,35.54084,-87.55461,931,near
5413,Sebring,Ohio,OH,4134,40.92269,-81.02319,234 330,near
5414,Jena,Louisiana,LA,4133,31.67482,-92.11368,318,near
5415,Roosevelt Park,Michigan,MI,4133,,,,
5416,Paintsville,Kentucky,KY,4129,37.81929,-82.80516,606,near
5417,Sharpsville,Pennsylvania,PA,4127,41.26765,-80.46564,724,near
5418,Crittenden,Kentucky,KY,4125,38.77411,-84.59820,859,near
5419,Throop,Pennsylvania,PA,4125,,,,
5420,Hazlehurst,Georgia,GA,4124,31.86057,-82.59095,912,near
5421,Akron,Pennsylvania,PA,4123,40.15709,-76.20530,717,near
5422,Bunnell,Florida,FL,4120,29.45616,-81.32443,386,near
5423,Dimmitt,Texas,TX,4119,34.53409,-102.30463,806,near
5424,Chagrin Falls,Ohio,OH,4118,41.41858,-81.36144,440 216 234 330,near
5425,Waverly,Ohio,OH,4115,39.12644,-83.00487,220 740,near
5426,Algonac,Michigan,MI,4111,42.63070,-82.56016,517,near
5427,Trenton,Tennessee,TN,4111,35.97125,-88.95065,731,near
5428,Wheatland,California,CA,4110,39.01920,-121.42213,530,near
5429,Brookfield,Missouri,MO,4110,39.78461,-93.07195,573,near
5430,Green Oaks,Illinois,IL,4107,,,,
5431,McCall,Idaho,ID,4104,44.89178,-116.07887,,
5432,Algood,Tennessee,TN,4104,,,,
5433,Fleetwood,Pennsylvania,PA,4101,40.44677,-75.81440,484 610,near
5434,Jersey Shore,Pennsylvania,PA,4100,41.20073,-77.24270,272 570,near
5435,Livingston,Tennessee,TN,4100,36.38901,-85.32052,931,near
5436,Monticello,Iowa,IA,4095,42.23259,-91.19890,319,near
5437,Elkin,North Carolina,NC,4094,36.28723,-80.85537,704,near
5438,St. Anthony,Idaho,ID,4093,,,,
5439,North Muskegon,Michigan,MI,4089,,,,
5440,Ashdown,Arkansas,AR,4088,33.67871,-94.13510,870,near
5441,Goodview,Minnesota,MN,4088,,,,
5442,Westover,West Virginia,WV,4088,,,,
5443,Amite City,Louisiana,LA,4086,,,,
5444,Madill,Oklahoma,OK,4084,34.07126,-96.78726,580,near
5445,Lancaster,Kentucky,KY,4083,37.65839,-84.59691,859,near
5446,Fayette,Alabama,AL,4080,33.69740,-87.83465,205,near
5447,Barrington Hills,Illinois,IL,4080,,,,
5448,Pennsburg,Pennsylvania,PA,4079,40.39114,-75.48661,484 610,near
5449,Trappe,Pennsylvania,PA,4077,,,,
5450,Harlem,Georgia,GA,4076,33.41701,-82.30966,706 762,near
5451,Brent,Alabama,AL,4074,32.93567,-87.21139,205,near
5452,Fenton,Missouri,MO,4073,38.50149,-90.46830,314 636,near
5453,Monongahela,Pennsylvania,PA,4072,40.19373,-79.92413,412 878 724,near
5454,Friona,Texas,TX,4071,34.64030,-102.71914,806,near
5455,Mary Esther,Florida,FL,4070,30.41219,-86.71272,850,near
5456,Clay Center,Kansas,KS,4070,39.38435,-97.12779,785,near
5457,Bordentown,New Jersey,NJ,4068,40.14314,-74.70325,609 856,near
5458,Lathrup Village,Michigan,MI,4067,,,,
5459,Quitman,Georgia,GA,4061,30.77970,-83.55675,229,near
5460,St. Charles,Minnesota,MN,4057,,,,
5461,North East,Pennsylvania,PA,4055,42.20079,-79.83318,814,near
5462,Clyde,Texas,TX,4051,32.38029,-99.51844,325,near
5463,Carroll Valley,Pennsylvania,PA,4050,,,,
5464,Wills Point,Texas,TX,4050,32.72834,-96.00788,903,near
5465,Pittsfield,Illinois,IL,4048,39.60131,-90.80727,217,near
5466,Trent Woods,North Carolina,NC,4047,,,,
5467,Rochester,Illinois,IL,4044,39.75905,-89.54721,217,near
5468,Falls City,Nebraska,NE,4044,40.07419,-95.59315,,
5469,Coleman,Texas,TX,4042,31.82865,-99.42701,325,near
5470,Lancaster,Wisconsin,WI,4042,42.84447,-90.71091,608,near
5471,Wrightstown,Wisconsin,WI,4041,44.33838,-88.12177,920,near
5472,Sparta,Illinois,IL,4040,38.13182,-89.70346,618,near
5473,Capitol Heights,Maryland,MD,4038,38.88470,-76.91080,240 301 410 443 667,near
5474,Colonial Beach,Virginia,VA,4038,38.22908,-76.98116,571,near
5475,Hamilton,New York,NY,4037,42.82306,-75.54338,315,near
5476,Otsego,Michigan,MI,4036,42.47233,-85.70350,269,near
5477,Camdenton,Missouri,MO,4035,38.01853,-92.76774,573,near
5478,Erda,Utah,UT,4035,,,,
5479,Pipestone,Minnesota,MN,4034,44.00952,-96.32276,,
5480,Dwight,Illinois,IL,4032,41.08870,-88.41588,779,near
5481,Church Point,Louisiana,LA,4032,30.40129,-92.22395,337,near
5482,Monte Vista,Colorado,CO,4030,37.57310,-106.14083,,
5483,Cisco,Texas,TX,4029,32.38004,-98.98651,325,near
5484,Jonesboro,Louisiana,LA,4028,32.24829,-92.69442,318,near
5485,Austin,Arkansas,AR,4027,35.02837,-91.95940,501,near
5486,Grafton,North Dakota,ND,4027,48.41078,-97.41590,701,near
5487,Elkins,Arkansas,AR,4025,36.01772,-94.00732,479,near
5488,Rock Valley,Iowa,IA,4024,43.20136,-96.31034,712,near
5489,Metter,Georgia,GA,4021,32.40103,-82.06072,912,near
5490,Roland,Oklahoma,OK,4021,35.45381,-94.52908,539,near
5491,South Haven,Michigan,MI,4017,42.40410,-86.25421,616,near
5492,Madeira Beach,Florida,FL,4014,,,,
5493,Zumbrota,Minnesota,MN,4013,44.30318,-92.67186,507,near
5494,Chester,New York,NY,4008,41.35538,-74.26512,845,near
5495,Marine City,Michigan,MI,4006,42.72129,-82.51403,810,near
5496,Basalt,Colorado,CO,4001,39.35347,-106.99875,,
5497,Emerald Isle,North Carolina,NC,4001,34.66620,-77.02596,252,near
5498,Pulaski,Wisconsin,WI,3998,44.66112,-88.26345,920,near
5499,West Milwaukee,Wisconsin,WI,3997,,,,
5500,Morrison,Illinois,IL,3988,41.81666,-89.96900,309,near
5501,Nashville,Arkansas,AR,3984,33.95765,-93.87071,870,near
5502,Parkesburg,Pennsylvania,PA,3984,39.96539,-75.92604,484,near
5503,Winnfield,Louisiana,LA,3979,31.92139,-92.63665,318,near
5504,Oaklyn,New Jersey,NJ,3979,,,,
5505,Umatilla,Florida,FL,3976,28.93144,-81.67165,321,near
5506,Vicksburg,Michigan,MI,3976,42.12090,-85.50238,269,near
5507,St. Bernard,Ohio,OH,3976,,,,
5508,Kiel,Wisconsin,WI,3975,43.93411,-87.99564,920,near
5509,Raymond,Wisconsin,WI,3974,,,,
5510,Coquille,Oregon,OR,3972,43.18841,-124.20139,458 541,near
5511,Williamstown,Kentucky,KY,3971,38.62919,-84.57441,859,near
5512,Juno Beach,Florida,FL,3969,,,,
5513,Shrewsbury,Pennsylvania,PA,3969,39.76013,-76.67483,717,near
5514,Mitchell,Indiana,IN,3964,38.74262,-86.47610,812,near
5515,Pomona,New York,NY,3961,41.19011,-74.04356,845 914,near
5516,Groesbeck,Texas,TX,3960,31.53567,-96.52338,254,near
5517,Millstadt,Illinois,IL,3957,38.44426,-90.08882,618,near
5518,Indian Head Park,Illinois,IL,3956,,,,
5519,Centerville,Minnesota,MN,3956,,,,
5520,Carrollton,Kentucky,KY,3955,38.66956,-85.17304,502,near
5521,Dilley,Texas,TX,3953,28.67820,-99.17468,210,near
5522,Scandia,Minnesota,MN,3951,45.26967,-92.82916,651,near
5523,Cayuga Heights,New York,NY,3949,,,,
5524,Walthourville,Georgia,GA,3945,31.77389,-81.63278,912,near
5525,Cozad,Nebraska,NE,3945,40.86193,-99.99209,308,near
5526,Rossville,Georgia,GA,3942,34.95348,-85.29678,706,near
5527,Grant,Minnesota,MN,3942,,,,
5528,Columbus,Texas,TX,3938,29.70325,-96.55270,281,near
5529,Mount Pleasant,Utah,UT,3935,39.52323,-111.50385,385,near
5530,Harrington,Delaware,DE,3934,38.92403,-75.58427,302,near
5531,Jackson,Louisiana,LA,3932,30.82703,-91.23454,225,near
5532,St. James,Missouri,MO,3932,,,,
5533,Castle Hills,Texas,TX,3931,,,,
5534,Ridgway,Pennsylvania,PA,3930,41.43157,-78.72971,814,near
5535,Scott City,Kansas,KS,3929,38.47994,-100.89933,620,near
5536,Citronelle,Alabama,AL,3928,31.04253,-88.25495,251,near
5537,Montrose,Minnesota,MN,3925,45.08974,-93.93176,763,near
5538,Netcong,New Jersey,NJ,3925,40.89850,-74.69845,862 973,near
5539,Spring City,Pennsylvania,PA,3925,40.17648,-75.56969,484 610,near
5540,Magee,Mississippi,MS,3924,31.84951,-89.75033,601,near
5541,South Russell,Ohio,OH,3923,,,,
5542,Kittanning,Pennsylvania,PA,3920,40.81552,-79.51068,412,near
5543,Bennett,Colorado,CO,3916,39.72540,-104.42728,303,near
5544,Burnham,Illinois,IL,3916,,,,
5545,Colorado City,Texas,TX,3915,32.39874,-100.86095,432,near
5546,Valley Grande,Alabama,AL,3914,,,,
5547,Chandler,Indiana,IN,3914,38.04230,-87.37555,812 930,near
5548,Woodlawn,Ohio,OH,3913,,,,
5549,Melrose,Minnesota,MN,3911,45.65818,-94.81977,320,near
5550,Winona,Mississippi,MS,3906,33.48575,-89.72765,662,near
5551,Lake View,Alabama,AL,3905,,,,
5552,Del Mar,California,CA,3902,32.97147,-117.23731,442 760 858,near
5553,Barnesville,Ohio,OH,3902,39.98120,-81.17130,220,near
5554,Sullivan City,Texas,TX,3900,26.27197,-98.56271,956,near
5555,Brookville,Pennsylvania,PA,3899,41.15999,-79.06410,814,near
5556,Frackville,Pennsylvania,PA,3899,40.78254,-76.23114,272,near
5557,Horicon,Wisconsin,WI,3898,43.44686,-88.63105,920,near
5558,Watkinsville,Georgia,GA,3897,33.85425,-83.40804,706 762,near
5559,Lansing,New York,NY,3893,42.56449,-76.53745,607,near
5560,Ely,Nevada,NV,3892,39.30936,-114.87801,,
5561,Cresco,Iowa,IA,3890,43.36301,-92.12595,641,near
5562,Bunker Hill Village,Texas,TX,3889,,,,
5563,Smithton,Illinois,IL,3888,38.42314,-89.98960,618,near
5564,Vidalia,Louisiana,LA,3888,31.57822,-91.46947,318,near
5565,Woodson Terrace,Missouri,MO,3888,,,,
5566,South Chicago Heights,Illinois,IL,3887,,,,
5567,Point Pleasant,West Virginia,WV,3886,38.86325,-82.11325,304,near
5568,Swanton,Ohio,OH,3885,41.59450,-83.87182,419,near
5569,Honea Path,South Carolina,SC,3885,34.44172,-82.42547,864,near
5570,Montpelier,Ohio,OH,3884,41.59821,-84.61470,419,near
5571,Florence,Colorado,CO,3883,38.38502,-105.12323,719,near
5572,Coal Valley,Illinois,IL,3883,41.43514,-90.46518,309,near
5573,Spencer,Oklahoma,OK,3883,35.51828,-97.34878,405,near
5574,Bluffton,Ohio,OH,3881,40.87898,-83.89140,419 567,near
5575,Benton City,Washington,WA,3876,46.28062,-119.49135,509,near
5576,Oneida,Tennessee,TN,3875,36.50526,-84.52932,865,near
5577,Belleville,Michigan,MI,3874,42.19486,-83.48543,734 313,near
5578,Saugerties,New York,NY,3874,42.07376,-73.97968,845,near
5579,Priceville,Alabama,AL,3872,,,,
5580,Metamora,Illinois,IL,3870,40.78443,-89.43088,309,near
5581,Pine Island,Minnesota,MN,3870,44.21101,-92.66135,507,near
5582,Marshall,Illinois,IL,3865,39.42200,-87.69226,217,near
5583,Pine City,Minnesota,MN,3865,45.83227,-92.98260,218,near
5584,Lowell,North Carolina,NC,3863,35.26548,-81.09604,704 980,near
5585,Freeland,Pennsylvania,PA,3863,41.01956,-75.88800,272 570,near
5586,Fairbury,Nebraska,NE,3858,40.14882,-97.18392,402,near
5587,Port St. Joe,Florida,FL,3856,,,,
5588,Stilwell,Oklahoma,OK,3855,35.81070,-94.63132,539,near
5589,Maiden,North Carolina,NC,3854,35.57588,-81.17449,828,near
5590,Nichols Hills,Oklahoma,OK,3851,,,,
5591,Boonsboro,Maryland,MD,3850,39.53224,-77.68352,240 301,near
5592,Williamston,Michigan,MI,3849,42.69665,-84.29260,517,near
5593,Amberley,Ohio,OH,3847,,,,
5594,Mullins,South Carolina,SC,3846,34.20444,-79.25415,843,near
5595,Centre,Alabama,AL,3845,34.11159,-85.60923,256,near
5596,Unicoi,Tennessee,TN,3845,36.20658,-82.32196,423,near
5597,Baxter Springs,Kansas,KS,3844,37.02806,-94.73928,,
5598,Dandridge,Tennessee,TN,3841,36.00180,-83.40444,423,near
5599,Shenandoah,Texas,TX,3839,,,,
5600,Landis,North Carolina,NC,3838,35.54350,-80.61293,704 980,near
5601,Georgetown,Indiana,IN,3837,38.30294,-85.96170,812 930,near
5602,Lindsborg,Kansas,KS,3835,38.57606,-97.67389,785,near
5603,Northumberland,Pennsylvania,PA,3835,40.90436,-76.79079,272,near
5604,Manning,South Carolina,SC,3832,33.66772,-80.22208,803,near
5605,Tabor City,North Carolina,NC,3831,34.12331,-78.82318,910,near
5606,South Blooming Grove,New York,NY,3828,,,,
5607,Hephzibah,Georgia,GA,3827,33.34333,-82.08869,706 762,near
5608,Hanover,Indiana,IN,3827,38.71378,-85.47632,812,near
5609,Gravette,Arkansas,AR,3826,36.41551,-94.47786,479,near
5610,Gooding,Idaho,ID,3825,42.93735,-114.71197,208,near
5611,Burgaw,North Carolina,NC,3825,34.54868,-77.94032,910,near
5612,Dell Rapids,South Dakota,SD,3825,43.82276,-96.72231,605,near
5613,Rosemont,Illinois,IL,3822,,,,
5614,Boyne City,Michigan,MI,3821,45.20520,-85.01829,,
5615,Ravenswood,West Virginia,WV,3821,38.94675,-81.75238,304,near
5616,Arcadia,Wisconsin,WI,3821,44.25394,-91.48045,608,near
5617,Upland,Indiana,IN,3819,40.45484,-85.49905,765,near
5618,Mogadore,Ohio,OH,3819,41.03820,-81.35896,234 330,near
5619,North Hudson,Wisconsin,WI,3819,,,,
5620,Chandler,Texas,TX,3816,32.27064,-95.50253,903,near
5621,Clifton,Arizona,AZ,3815,33.13234,-109.24620,,
5622,Fort Gibson,Oklahoma,OK,3814,35.79429,-95.22973,539 918,near
5623,New Lebanon,Ohio,OH,3813,39.73980,-84.39559,937 513,near
5624,Baden,Pennsylvania,PA,3813,40.64160,-80.19847,412,near
5625,Richwood,Louisiana,LA,3809,,,,
5626,Windber,Pennsylvania,PA,3807,40.22870,-78.83029,814,near
5627,Shavano Park,Texas,TX,3807,,,,
5628,Booneville,Arkansas,AR,3805,35.13638,-93.92743,479,near
5629,Southgate,Kentucky,KY,3802,,,,
5630,Ball,Louisiana,LA,3801,31.40480,-92.40750,318,near
5631,Waukon,Iowa,IA,3799,43.26395,-91.47999,563,near
5632,Irwin,Pennsylvania,PA,3798,40.31923,-79.72386,412 878 724,near
5633,Dupo,Illinois,IL,3797,38.51477,-90.19419,618,near
5634,Golf Manor,Ohio,OH,3797,,,,
5635,Oakland,Florida,FL,3796,28.55472,-81.63333,321 407,near
5636,Brentwood,Maryland,MD,3795,38.94070,-76.95306,240 301 410 443 667,near
5637,Alexander,Arkansas,AR,3792,34.63127,-92.47267,501,near
5638,Taylor Lake Village,Texas,TX,3792,,,,
5639,Laguna Vista,Texas,TX,3791,,,,
5640,Granger,Washington,WA,3789,46.34804,-120.18185,509,near
5641,Bayport,Minnesota,MN,3785,45.02141,-92.78437,651,near
5642,Riverwoods,Illinois,IL,3784,,,,
5643,Mattawa,Washington,WA,3784,46.67944,-119.91611,509,near
5644,Rocky Ford,Colorado,CO,3781,38.04902,-103.72514,719,near
5645,Montgomery,New York,NY,3781,41.53332,-74.25342,845,near
5646,Mora,Minnesota,MN,3779,45.89579,-93.29423,218,near
5647,Stanley,Wisconsin,WI,3778,44.96887,-90.93894,715,near
5648,Frontenac,Missouri,MO,3777,,,,
5649,Edgecliff Village,Texas,TX,3777,,,,
5650,Fairview,North Carolina,NC,3775,35.52576,-82.39853,828,near
5651,Norwood Young America,Minnesota,MN,3774,44.76679,-93.93007,952,near
5652,Milton,Delaware,DE,3773,38.76869,-75.29530,302,near
5653,Jamestown,North Carolina,NC,3773,35.99899,-79.92929,336 743,near
5654,St. Joseph,Illinois,IL,3772,,,,
5655,Eastland,Texas,TX,3772,32.39942,-98.80710,325,near
5656,Hudson,North Carolina,NC,3771,35.84029,-81.48975,828,near
5657,Portland,Michigan,MI,3770,42.86241,-84.91393,517,near
5658,Sewickley,Pennsylvania,PA,3770,40.55703,-80.15785,412 878,near
5659,Zelienople,Pennsylvania,PA,3769,40.73136,-80.12856,412,near
5660,St. Augusta,Minnesota,MN,3767,,,,
5661,Rochester,Wisconsin,WI,3766,42.74139,-88.22417,262 414,near
5662,Lewisburg,West Virginia,WV,3765,37.80825,-80.44067,,
5663,Byron,Illinois,IL,3764,42.12924,-89.26589,779 815,near
5664,Elmira Heights,New York,NY,3764,,,,
5665,Red Bud,Illinois,IL,3763,38.19074,-89.98836,618,near
5666,Deephaven,Minnesota,MN,3762,,,,
5667,Leo-Cedarville,Indiana,IN,3761,,,,
5668,Denver,Pennsylvania,PA,3760,40.22967,-76.11569,484 610,near
5669,Romeo,Michigan,MI,3758,42.80351,-83.01920,231 586 248 947,near
5670,Weston,West Virginia,WV,3758,39.04110,-80.47366,304,near
5671,Woodstown,New Jersey,NJ,3757,39.64566,-75.32481,856,near
5672,South Toms River,New Jersey,NJ,3756,,,,
5673,Yellow Springs,Ohio,OH,3756,39.79957,-83.88907,937,near
5674,Marshall,Wisconsin,WI,3753,43.16364,-89.07533,608,near
5675,Carter Lake,Iowa,IA,3752,41.29252,-95.91406,712,near
5676,Cedar Springs,Michigan,MI,3749,43.22148,-85.54524,616,near
5677,Imlay City,Michigan,MI,3749,43.04251,-83.07080,231,near
5678,Beaver,Utah,UT,3749,38.28071,-112.62992,435,near
5679,South Bloomfield,Ohio,OH,3747,,,,
5680,Bishop,California,CA,3746,37.38630,-118.44156,,
5681,Hebron,Indiana,IN,3746,41.31554,-87.20879,219,near
5682,Bellaire,Ohio,OH,3745,40.02040,-80.76381,234,near
5683,Heyburn,Idaho,ID,3744,42.55992,-113.77089,208,near
5684,Ridgeland,South Carolina,SC,3744,32.49194,-80.94943,843,near
5685,Leakesville,Mississippi,MS,3743,31.12383,-88.55955,601,near
5686,Etowah,Tennessee,TN,3742,35.33144,-84.52831,423,near
5687,Chipley,Florida,FL,3741,30.71066,-85.54865,850,near
5688,Manila,Arkansas,AR,3736,35.87488,-90.18025,870,near
5689,Plainwell,Michigan,MI,3736,42.45438,-85.59936,269,near
5690,Wellford,South Carolina,SC,3733,34.95139,-82.09271,864,near
5691,Sloan,New York,NY,3730,,,,
5692,Delta,Utah,UT,3730,39.37553,-112.53189,385,near
5693,Angels,California,CA,3728,,,,
5694,Silt,Colorado,CO,3727,39.54146,-107.65741,970,near
5695,St. Paul,Missouri,MO,3725,,,,
5696,West Liberty,Iowa,IA,3724,41.57006,-91.26685,319 563,near
5697,Catskill,New York,NY,3723,42.22760,-73.89854,845,near
5698,South Glens Falls,New York,NY,3723,43.28391,-73.63795,518,near
5699,Middlebury,Indiana,IN,3721,41.67542,-85.71144,574,near
5700,Richfield,Ohio,OH,3720,41.23712,-81.64667,440 234 330 216,near
5701,Hardin,Montana,MT,3719,45.74984,-107.60746,406,near
5702,Rutherfordton,North Carolina,NC,3718,35.37058,-81.97811,828,near
5703,Harrisburg,Oregon,OR,3717,44.27166,-123.14316,458,near
5704,Valdez,Alaska,AK,3715,60.89504,-146.19563,,
5705,Manti,Utah,UT,3712,39.23539,-111.65137,385,near
5706,Independence,Minnesota,MN,3710,,,,
5707,Long Prairie,Minnesota,MN,3710,45.96242,-94.89839,320,near
5708,Eastover,North Carolina,NC,3710,,,,
5709,Perham,Minnesota,MN,3708,46.60311,-95.58176,218,near
5710,Johnson,Arkansas,AR,3705,36.13278,-94.16528,479,near
5711,Gatlinburg,Tennessee,TN,3703,35.72898,-83.48741,865,near
5712,Lewes,Delaware,DE,3702,38.73815,-75.17470,302,near
5713,Grayson,Kentucky,KY,3702,38.32804,-82.96509,606,near
5714,Stanford,Kentucky,KY,3702,37.52453,-84.69118,859,near
5715,Houston,Mississippi,MS,3702,33.90255,-88.96701,662,near
5716,Tuckerton,New Jersey,NJ,3701,,,,
5717,Waynesburg,Pennsylvania,PA,3701,39.89169,-80.17952,412,near
5718,Gamewell,North Carolina,NC,3699,,,,
5719,Greenhills,Ohio,OH,3699,,,,
5720,Echols County,Georgia,GA,3698,,,,
5721,Pendleton,South Carolina,SC,3697,34.63694,-82.74062,864,near
5722,Camden,Tennessee,TN,3692,36.05558,-88.11185,731,near
5723,Kitty Hawk,North Carolina,NC,3691,36.10069,-75.72537,,
5724,Minerva,Ohio,OH,3691,40.74205,-81.10308,234 330,near
5725,San Joaquin,California,CA,3679,36.60587,-120.18893,559,near
5726,El Dorado Springs,Missouri,MO,3674,37.85852,-94.03009,417,near
5727,Barron,Wisconsin,WI,3674,45.40053,-91.84996,715,near
5728,Wintersville,Ohio,OH,3672,,,,
5729,Deer Park,Illinois,IL,3669,,,,
5730,Nome,Alaska,AK,3668,64.50577,-165.31067,,
5731,Princess Anne,Maryland,MD,3667,38.19193,-75.70724,410 443 667,near
5732,Howe,Texas,TX,3667,33.53487,-96.64072,903,near
5733,South Point,Ohio,OH,3663,38.43386,-82.55288,220,near
5734,Cockrell Hill,Texas,TX,3662,,,,
5735,Crystal River,Florida,FL,3661,28.95930,-82.62590,352,near
5736,Cotulla,Texas,TX,3661,28.43984,-99.23282,956,near
5737,Winnsboro,Texas,TX,3661,32.91462,-95.27265,903,near
5738,Blackshear,Georgia,GA,3658,31.29306,-82.26171,912,near
5739,Carefree,Arizona,AZ,3657,33.82222,-111.91750,480,near
5740,Minoa,New York,NY,3657,43.07721,-76.00981,315,near
5741,Forsyth,Illinois,IL,3656,39.93250,-88.95111,217,near
5742,Jasper,Tennessee,TN,3655,35.06660,-85.61474,423,near
5743,Merton,Wisconsin,WI,3655,43.14667,-88.30667,262,near
5744,Islandia,New York,NY,3651,40.79056,-73.20222,631 516,near
5745,Reno,Texas,TX,3650,,,,
5746,West Columbia,Texas,TX,3649,29.14082,-95.66939,979,near
5747,Highland Falls,New York,NY,3648,41.35818,-73.97462,914 845,near
5748,Bloomer,Wisconsin,WI,3646,45.10248,-91.48997,715,near
5749,Palmyra,Missouri,MO,3644,39.79131,-91.53682,573,near
5750,Omro,Wisconsin,WI,3644,44.03568,-88.75193,920,near
5751,Morton,Mississippi,MS,3641,32.43610,-89.55122,601,near
5752,Prestonsburg,Kentucky,KY,3638,37.64946,-82.78813,606,near
5753,Russell,Kentucky,KY,3638,38.52258,-82.71563,606,near
5754,Indian Rocks Beach,Florida,FL,3637,27.88400,-82.84550,727,near
5755,Port Richey,Florida,FL,3637,28.30115,-82.69271,727 813,near
5756,Emmetsburg,Iowa,IA,3632,43.10825,-94.68255,515,near
5757,Newcomerstown,Ohio,OH,3631,40.27390,-81.59397,220,near
5758,Seymour,Wisconsin,WI,3631,44.50910,-88.31724,920,near
5759,Knox,Indiana,IN,3630,41.29006,-86.61071,219,near
5760,Lake Clarke Shores,Florida,FL,3629,,,,
5761,Grangeville,Idaho,ID,3627,45.92724,-116.10764,208,near
5762,Leland,Mississippi,MS,3627,33.41002,-90.89280,662,near
5763,Oglesby,Illinois,IL,3626,41.29277,-89.05534,779,near
5764,Wind Gap,Pennsylvania,PA,3625,40.81692,-75.32638,484 610,near
5765,Manchester,Georgia,GA,3624,32.87210,-84.63117,706,near
5766,Washington,Georgia,GA,3623,33.72654,-82.74291,706,near
5767,New Palestine,Indiana,IN,3621,39.72326,-85.90515,317,near
5768,Wilkesboro,North Carolina,NC,3620,36.13586,-81.15729,704,near
5769,Karnes City,Texas,TX,3620,28.88276,-97.90707,830,near
5770,San Diego,Texas,TX,3620,27.76535,-98.25030,361,near
5771,Paoli,Indiana,IN,3617,38.55070,-86.44902,812,near
5772,Gunnison,Utah,UT,3617,39.15446,-111.81670,385,near
5773,Spencerport,New York,NY,3616,43.18950,-77.80433,585,near
5774,Port Aransas,Texas,TX,3616,27.83361,-97.06083,361,near
5775,Eagle Grove,Iowa,IA,3615,42.66087,-93.90487,515,near
5776,Moundville,Alabama,AL,3614,32.97885,-87.61513,205,near
5777,Warsaw,New York,NY,3614,42.74103,-78.14290,716,near
5778,Sidney,New York,NY,3613,42.30737,-75.39080,607,near
5779,Elgin,Oklahoma,OK,3613,34.77202,-98.40732,580,near
5780,Combined Locks,Wisconsin,WI,3613,44.26658,-88.31327,920,near
5781,Waterloo,Wisconsin,WI,3611,43.18317,-88.98383,608 920,near
5782,Ketchum,Idaho,ID,3609,43.67546,-114.37366,,
5783,Hot Springs,South Dakota,SD,3608,43.42231,-103.47656,605,near
5784,High Bridge,New Jersey,NJ,3607,40.66844,-74.89367,862,near
5785,Dumas,Arkansas,AR,3604,33.89210,-91.48606,870,near
5786,West Point,Georgia,GA,3602,32.83368,-85.11971,706 762,near
5787,Flat Rock,North Carolina,NC,3602,35.28899,-82.39157,828,near
5788,Llano,Texas,TX,3602,30.72253,-98.65273,512,near
5789,Sweeny,Texas,TX,3602,29.04151,-95.70036,979,near
5790,Ozark,Arkansas,AR,3601,35.52464,-93.83742,479,near
5791,Hartford,South Dakota,SD,3600,43.61547,-96.95005,605,near
5792,Stanhope,New Jersey,NJ,3599,40.92174,-74.70044,862 973,near
5793,Larned,Kansas,KS,3598,38.17964,-99.11238,785,near
5794,Whitesboro,New York,NY,3596,43.11581,-75.30948,315,near
5795,Post,Texas,TX,3594,33.20170,-101.39216,806,near
5796,Franklinton,Louisiana,LA,3592,30.85774,-90.11548,985,near
5797,Northwoods,Missouri,MO,3592,,,,
5798,Nowata,Oklahoma,OK,3592,36.69456,-95.64042,539,near
5799,Gouverneur,New York,NY,3587,44.32830,-75.46506,315,near
5800,Perry,New York,NY,3585,42.72285,-78.00588,585,near
5801,Cleveland,Georgia,GA,3583,34.58395,-83.74998,678,near
5802,Eldorado,Illinois,IL,3583,37.81388,-88.44338,618,near
5803,Hugoton,Kansas,KS,3583,37.16823,-101.33461,620,near
5804,Lake Park,North Carolina,NC,3582,,,,
5805,Fulton,Illinois,IL,3581,41.85220,-90.15065,309,near
5806,Tolono,Illinois,IL,3581,39.98501,-88.25964,217,near
5807,Albia,Iowa,IA,3579,41.02872,-92.79462,641,near
5808,O'Neill,Nebraska,NE,3578,,,,
5809,Leesburg,Georgia,GA,3574,31.68116,-84.15926,229,near
5810,Greensboro,Georgia,GA,3573,33.56368,-83.17019,706,near
5811,Fairbury,Illinois,IL,3571,40.74503,-88.51649,309,near
5812,Oregon,Illinois,IL,3570,42.00951,-89.34436,779,near
5813,Teague,Texas,TX,3569,31.63277,-96.27778,903,near
5814,Lloyd Harbor,New York,NY,3565,,,,
5815,Monte Sereno,California,CA,3563,,,,
5816,Black River Falls,Wisconsin,WI,3563,44.29210,-90.84795,608,near
5817,Rural Hall,North Carolina,NC,3562,36.22925,-80.29364,336 743,near
5818,Port Vue,Pennsylvania,PA,3562,,,,
5819,Centerville,Tennessee,TN,3561,35.77969,-87.47747,931,near
5820,Northfield,Ohio,OH,3560,41.32082,-81.54294,216 440 234 330,near
5821,Loxahatchee Groves,Florida,FL,3559,,,,
5822,Hahira,Georgia,GA,3559,30.94159,-83.35737,229,near
5823,Osage,Iowa,IA,3559,43.28722,-92.81436,641,near
5824,Slippery Rock,Pennsylvania,PA,3558,41.04541,-80.04685,724,near
5825,Heflin,Alabama,AL,3557,33.61151,-85.58847,256,near
5826,North Wildwood,New Jersey,NJ,3555,,,,
5827,Coplay,Pennsylvania,PA,3555,40.68487,-75.51883,484 610,near
5828,Jasper,Florida,FL,3549,30.50291,-82.93219,352,near
5829,Reno,Texas,TX,3549,,,,
5830,Milbank,South Dakota,SD,3545,45.20613,-96.62548,605,near
5831,Eagle Lake,Texas,TX,3545,29.58424,-96.33537,281,near
5832,Orange,Ohio,OH,3544,,,,
5833,Wrightsville,Georgia,GA,3543,32.72187,-82.72621,478,near
5834,Mount Gilead,Ohio,OH,3543,40.53837,-82.80624,220,near
5835,Gray,Georgia,GA,3541,33.01718,-83.53995,478,near
5836,Millersburg,Oregon,OR,3541,,,,
5837,Thomasville,Alabama,AL,3540,31.90673,-87.75984,334,near
5838,Montgomery,Minnesota,MN,3537,44.43559,-93.58102,507,near
5839,Beaver Dam,Kentucky,KY,3535,37.38696,-86.87293,270,near
5840,Mahanoy City,Pennsylvania,PA,3535,40.81230,-76.13960,272 570,near
5841,Clifton,Texas,TX,3535,31.79969,-97.51528,254,near
5842,Hainesville,Illinois,IL,3532,,,,
5843,Paulding,Ohio,OH,3532,41.14102,-84.57223,419,near
5844,Elba,Alabama,AL,3531,31.41373,-86.07773,334,near
5845,Wallace,North Carolina,NC,3531,34.75417,-77.94292,910,near
5846,Ballinger,Texas,TX,3530,31.74684,-99.95893,325,near
5847,West Point,Virginia,VA,3529,37.55560,-76.82373,804,near
5848,Muttontown,New York,NY,3528,,,,
5849,Avondale Estates,Georgia,GA,3526,33.77173,-84.26069,404 678 770,near
5850,Malden,Missouri,MO,3525,36.56721,-89.97368,573,near
5851,Goldendale,Washington,WA,3525,45.83202,-120.81298,509,near
5852,Somerville,Tennessee,TN,3523,35.27722,-89.39181,901,near
5853,Aledo,Illinois,IL,3522,41.20078,-90.74163,309,near
5854,Piggott,Arkansas,AR,3521,36.38699,-90.19261,870,near
5855,Mission Hills,Kansas,KS,3521,,,,
5856,Goldsby,Oklahoma,OK,3516,,,,
5857,Aurora,Indiana,IN,3515,39.07190,-84.94519,765,near
5858,Elma,Washington,WA,3515,47.00581,-123.39969,360,near
5859,Toledo,Oregon,OR,3514,44.62708,-123.93012,458,near
5860,Hatfield,Pennsylvania,PA,3514,40.27783,-75.29751,484 610,near
5861,Buffalo,Missouri,MO,3512,37.54984,-93.10423,417,near
5862,Manor,Pennsylvania,PA,3510,40.33822,-79.67122,412 724 878,near
5863,McGehee,Arkansas,AR,3504,,,,
5864,Lockland,Ohio,OH,3503,,,,
5865,Wadsworth,Illinois,IL,3502,42.44603,-87.90405,224 847,near
5866,Lyons,Kansas,KS,3499,38.33488,-98.18309,620,near
5867,Plainview,Minnesota,MN,3498,44.16373,-92.16213,507,near
5868,Myrtle Creek,Oregon,OR,3498,43.01616,-123.28505,458,near
5869,Oakwood,Ohio,OH,3496,41.09079,-84.39692,419,near
5870,Le Roy,Illinois,IL,3495,40.34678,-88.75981,309,near
5871,Carrollton,Missouri,MO,3491,39.36733,-93.49263,660,near
5872,Broken Bow,Nebraska,NE,3491,41.41259,-99.63545,308,near
5873,Oxford,Michigan,MI,3490,42.82645,-83.20046,248 947 231 586,near
5874,Carey,Ohio,OH,3490,40.94860,-83.38358,419 567,near
5875,Riverton,Illinois,IL,3489,39.85524,-89.54191,217,near
5876,Sleepy Eye,Minnesota,MN,3489,44.28209,-94.72725,507,near
5877,Hillsboro,Missouri,MO,3489,38.25858,-90.57820,314,near
5878,Moreland Hills,Ohio,OH,3489,,,,
5879,Kane,Pennsylvania,PA,3489,41.66186,-78.79778,814,near
5880,Sheridan,Indiana,IN,3487,40.11041,-86.23674,317,near
5881,Annandale,Minnesota,MN,3487,45.24827,-94.10607,320,near
5882,Mariemont,Ohio,OH,3487,,,,
5883,Midway,Florida,FL,3485,30.49528,-84.45444,850,near
5884,Ponce Inlet,Florida,FL,3485,,,,
5885,Pen Argyl,Pennsylvania,PA,3484,40.85182,-75.27012,484 610,near
5886,Durand,Michigan,MI,3483,42.91171,-83.98765,810,near
5887,Williams,Arizona,AZ,3482,35.24984,-112.19062,928,near
5888,Hesston,Kansas,KS,3482,38.13595,-97.44946,620,near
5889,Red Oak,North Carolina,NC,3480,36.03833,-77.90667,252,near
5890,Norton,Virginia,VA,3478,36.93780,-82.62492,,
5891,Wheatland,Wyoming,WY,3475,42.04947,-104.96785,307,near
5892,Auburn,Nebraska,NE,3473,40.37889,-95.85265,402,near
5893,Annetta,Texas,TX,3473,,,,
5894,Yuma,Colorado,CO,3472,40.13006,-102.70717,,
5895,Sauk City,Wisconsin,WI,3471,43.26856,-89.74178,608,near
5896,Peralta,New Mexico,NM,3470,34.83319,-106.68716,505,near
5897,Mifflinburg,Pennsylvania,PA,3470,40.92183,-77.05052,272,near
5898,Pleasant Valley,West Virginia,WV,3470,,,,
5899,Frostproof,Florida,FL,3467,27.72106,-81.51478,863,near
5900,Lake Delton,Wisconsin,WI,3466,43.60111,-89.79361,608,near
5901,Jewett City,Connecticut,CT,3464,41.60518,-71.98076,860 959,near
5902,West Point,Nebraska,NE,3460,41.84503,-96.73176,402,near
5903,Parker,Arizona,AZ,3456,34.02540,-114.26634,928,near
5904,Two Harbors,Minnesota,MN,3456,47.03936,-91.67826,218,near
5905,Mineral Springs,North Carolina,NC,3456,34.93778,-80.66889,704 980,near
5906,Beach City,Texas,TX,3456,,,,
5907,Malvern,Pennsylvania,PA,3454,40.03712,-75.53302,484 610,near
5908,Chattahoochee Hills,Georgia,GA,3451,,,,
5909,Germantown Hills,Illinois,IL,3450,,,,
5910,Haworth,New Jersey,NJ,3450,40.96081,-73.98738,201 551 862 973 908,near
5911,North Wales,Pennsylvania,PA,3450,40.21659,-75.25648,484 610,near
5912,Dublin,Texas,TX,3450,32.09087,-98.34547,682,near
5913,Northern Cambria,Pennsylvania,PA,3448,40.67331,-78.77706,814,near
5914,Gothenburg,Nebraska,NE,3447,40.94004,-100.15471,308,near
5915,Hicksville,Ohio,OH,3447,41.30338,-84.75885,419,near
5916,Hazlehurst,Mississippi,MS,3445,31.85619,-90.40508,601,near
5917,Gibson City,Illinois,IL,3444,40.46593,-88.36087,217,near
5918,Saddle River,New Jersey,NJ,3443,41.05308,-74.09677,201 551 862 973,near
5919,Avon,New York,NY,3440,42.90303,-77.72740,585,near
5920,Story City,Iowa,IA,3439,42.18349,-93.59881,515,near
5921,Hartville,Ohio,OH,3439,40.96180,-81.32387,234 330,near
5922,Dewey,Oklahoma,OK,3439,36.80125,-95.93454,539 918,near
5923,Ossian,Indiana,IN,3438,40.88061,-85.15704,260,near
5924,Mount Angel,Oregon,OR,3436,45.07373,-122.78561,503 971,near
5925,Union City,Indiana,IN,3435,40.20237,-84.82679,765,near
5926,Williston,Florida,FL,3433,29.39774,-82.48560,352,near
5927,New Hampton,Iowa,IA,3433,43.05602,-92.31314,319,near
5928,Oliver Springs,Tennessee,TN,3433,36.03662,-84.34863,865,near
5929,Forks,Washington,WA,3433,47.92873,-124.39895,,
5930,Newburgh,Indiana,IN,3430,37.94444,-87.40528,812 930,near
5931,Mannford,Oklahoma,OK,3429,36.09269,-96.35755,539,near
5932,Troy,Texas,TX,3427,31.17585,-97.28521,254,near
5933,Huntsville,Arkansas,AR,3426,36.10435,-93.72789,479,near
5934,Ringgold,Georgia,GA,3425,34.92052,-85.15491,706 762,near
5935,Tiptonville,Tennessee,TN,3425,36.38458,-89.46492,731,near
5936,Madison,Ohio,OH,3424,41.80537,-81.05882,440,near
5937,North Plains,Oregon,OR,3424,45.59722,-122.99222,503 971,near
5938,Louisburg,North Carolina,NC,3423,36.05781,-78.25862,252,near
5939,Holton,Kansas,KS,3422,39.44362,-95.75250,785,near
5940,Marysville,Kansas,KS,3422,39.84283,-96.64218,785,near
5941,Wellsboro,Pennsylvania,PA,3422,41.73734,-77.30802,272,near
5942,Eveleth,Minnesota,MN,3415,47.45105,-92.52804,218,near
5943,Benson,Minnesota,MN,3414,45.31290,-95.57664,320,near
5944,Welch,West Virginia,WV,3413,37.40003,-81.53441,304,near
5945,Frontenac,Kansas,KS,3412,37.45556,-94.68889,,
5946,North Baltimore,Ohio,OH,3411,41.18670,-83.68058,419 567,near
5947,Water Valley,Mississippi,MS,3409,34.15247,-89.63799,662,near
5948,Peshtigo,Wisconsin,WI,3409,45.04578,-87.72979,920,near
5949,Moulton,Alabama,AL,3408,34.50584,-87.22239,256,near
5950,Paw Paw,Michigan,MI,3408,42.23493,-85.90049,269,near
5951,Spencer,North Carolina,NC,3406,35.69531,-80.43105,704 980,near
5952,Hubbard,Oregon,OR,3402,45.16042,-122.75411,503 971,near
5953,Hideaway,Texas,TX,3402,,,,
5954,Beloit,Kansas,KS,3400,39.45446,-98.11171,785,near
5955,Johnson Creek,Wisconsin,WI,3398,43.07505,-88.78360,920,near
5956,West Orange,Texas,TX,3397,,,,
5957,New Baden,Illinois,IL,3395,38.53149,-89.69223,618,near
5958,Gluckstadt,Mississippi,MS,3394,,,,
5959,Tusculum,Tennessee,TN,3394,,,,
5960,Tomahawk,Wisconsin,WI,3390,45.49631,-89.72727,715,near
5961,Cleves,Ohio,OH,3387,39.19371,-84.73397,513,near
5962,Pelham,Georgia,GA,3385,31.12723,-84.15637,229,near
5963,Clifton Forge,Virginia,VA,3385,37.82034,-79.80542,540,near
5964,Rochester,Pennsylvania,PA,3382,40.71574,-80.26032,724,near
5965,Somerset,Wisconsin,WI,3382,45.13306,-92.68647,715,near
5966,Williamsburg,Iowa,IA,3380,41.63931,-92.02401,319,near
5967,Hodgenville,Kentucky,KY,3379,37.57457,-85.72321,270 364,near
5968,Kenedy,Texas,TX,3378,28.80458,-97.84560,361,near
5969,Farmerville,Louisiana,LA,3375,32.75338,-92.31795,318,near
5970,Crane,Texas,TX,3375,31.39695,-102.35438,432,near
5971,Blanchard,Louisiana,LA,3371,32.58083,-93.89250,318,near
5972,Ashland,Nebraska,NE,3369,41.05411,-96.39041,402,near
5973,Onalaska,Texas,TX,3367,30.80556,-95.11611,936,near
5974,Alma,Georgia,GA,3362,31.54652,-82.46330,912,near
5975,Robins,Iowa,IA,3362,42.07309,-91.66484,319,near
5976,Delhi,New York,NY,3362,42.28785,-74.92282,607,near
5977,Green Level,North Carolina,NC,3362,,,,
5978,Muldrow,Oklahoma,OK,3358,35.40199,-94.63322,539,near
5979,Frederick,Oklahoma,OK,3356,34.40120,-99.01188,580,near
5980,Inman,South Carolina,SC,3354,35.05280,-82.05401,864,near
5981,Newcastle,Wyoming,WY,3354,43.85110,-104.22620,307,near
5982,Rush City,Minnesota,MN,3353,45.68450,-92.99788,218,near
5983,St. Johns,Arizona,AZ,3352,,,,
5984,Liberty,South Carolina,SC,3352,34.78719,-82.69743,864,near
5985,Hamburg,New Jersey,NJ,3351,41.14671,-74.58738,862 973,near
5986,Shadyside,Ohio,OH,3351,39.96750,-80.76431,220,near
5987,Hanceville,Alabama,AL,3346,34.05157,-86.78484,205,near
5988,Blackstone,Virginia,VA,3344,37.09158,-77.98506,804,near
5989,Nesquehoning,Pennsylvania,PA,3343,40.86261,-75.82389,272 570,near
5990,Ellsworth,Wisconsin,WI,3341,44.73019,-92.48904,715,near
5991,Crestview Hills,Kentucky,KY,3338,,,,
5992,Waldron,Arkansas,AR,3337,34.90264,-94.07724,479,near
5993,Valley,Nebraska,NE,3336,41.31858,-96.34629,402 531,near
5994,Lowville,New York,NY,3336,43.80105,-75.47538,315,near
5995,Macungie,Pennsylvania,PA,3335,40.52854,-75.56662,484 610,near
5996,Eagle Lake,Minnesota,MN,3333,44.15459,-93.87191,507,near
5997,Lawnside,New Jersey,NJ,3333,39.86760,-75.03168,856 609,near
5998,Cashmere,Washington,WA,3333,47.51729,-120.50327,509,near
5999,Altavista,Virginia,VA,3332,37.12216,-79.29115,434,near
6000,Lordstown,Ohio,OH,3331,,,,
6001,Hortonville,Wisconsin,WI,3331,44.32731,-88.62813,920,near
6002,Summersville,West Virginia,WV,3326,38.30089,-80.83528,304,near
6003,Berwyn Heights,Maryland,MD,3325,,,,
6004,Lytle,Texas,TX,3325,29.23657,-98.79449,210,near
6005,Mayfield,Ohio,OH,3324,,,,
6006,Evergreen,Alabama,AL,3323,,,,
6007,Brillion,Wisconsin,WI,3318,44.17792,-88.08334,920,near
6008,Weaver,Alabama,AL,3317,33.75629,-85.81067,256,near
6009,Colorado City,Arizona,AZ,3317,36.97627,-112.95243,,
6010,Delta,Ohio,OH,3312,41.55770,-83.98660,419,near
6011,Ball Ground,Georgia,GA,3311,34.33926,-84.37576,678,near
6012,Bandon,Oregon,OR,3311,43.09681,-124.40367,458,near
6013,Johnston City,Illinois,IL,3309,37.82448,-88.92086,618,near
6014,Ohioville,Pennsylvania,PA,3309,,,,
6015,Breckenridge,Minnesota,MN,3308,46.27966,-96.56222,218,near
6016,Tupper Lake,New York,NY,3308,44.22846,-74.46317,315,near
6017,Paris,Arkansas,AR,3306,35.29415,-93.72647,479,near
6018,Etna,Pennsylvania,PA,3304,,,,
6019,Essexville,Michigan,MI,3302,43.60691,-83.82166,989,near
6020,Pottsville,Arkansas,AR,3301,35.23978,-93.05639,479,near
6021,Hobart,Oklahoma,OK,3300,35.02552,-99.09443,580,near
6022,Thiensville,Wisconsin,WI,3299,43.22514,-87.95936,262 414,near
6023,Jefferson,Oregon,OR,3296,44.74945,-123.00596,458 541 503 971,near
6024,Clare,Michigan,MI,3293,43.82232,-84.76346,989,near
6025,Perkins,Oklahoma,OK,3292,35.97684,-97.04406,405,near
6026,Grand Saline,Texas,TX,3292,32.66353,-95.70641,903,near
6027,Bermuda Run,North Carolina,NC,3290,,,,
6028,Elizabethtown,North Carolina,NC,3290,34.64714,-78.57469,910,near
6029,Hominy,Oklahoma,OK,3286,36.41107,-96.38785,539,near
6030,Selbyville,Delaware,DE,3285,38.46536,-75.15733,302,near
6031,Orofino,Idaho,ID,3285,46.49520,-116.24042,208,near
6032,Hickman,Nebraska,NE,3285,40.62456,-96.62492,402 531,near
6033,Solon,Iowa,IA,3284,41.80991,-91.50861,319,near
6034,Parowan,Utah,UT,3283,37.84486,-112.83225,435,near
6035,Gallipolis,Ohio,OH,3282,38.81478,-82.22902,220,near
6036,Sherwood,Wisconsin,WI,3282,44.17361,-88.25972,920,near
6037,Grantville,Georgia,GA,3281,33.24725,-84.83498,678,near
6038,Yountville,California,CA,3280,38.40381,-122.35851,707,near
6039,Winnsboro,South Carolina,SC,3279,34.38101,-81.10899,803,near
6040,Chincoteague,Virginia,VA,3279,,,,
6041,Ebensburg,Pennsylvania,PA,3278,40.48011,-78.72629,814,near
6042,Orchard City,Colorado,CO,3276,,,,
6043,Welsh,Louisiana,LA,3275,30.23626,-92.81897,337,near
6044,Mount Penn,Pennsylvania,PA,3275,,,,
6045,Melbourne Beach,Florida,FL,3273,28.02192,-80.53894,321,near
6046,Shelby,Montana,MT,3273,48.50367,-111.83912,406,near
6047,Springdale,Pennsylvania,PA,3272,40.54400,-79.78445,412 724 878,near
6048,Bethel Acres,Oklahoma,OK,3270,,,,
6049,Nyssa,Oregon,OR,3269,43.86039,-117.02511,,
6050,Algona,Washington,WA,3269,,,,
6051,Windsor,North Carolina,NC,3268,36.01588,-76.93361,252,near
6052,Avalon,California,CA,3267,33.33196,-118.34371,310,near
6053,Boscobel,Wisconsin,WI,3265,43.13933,-90.70610,608,near
6054,Millersburg,Ohio,OH,3264,40.55668,-81.83238,234,near
6055,Palmyra,New York,NY,3263,43.06219,-77.22180,585,near
6056,Cleveland,Oklahoma,OK,3263,36.25533,-96.42301,539,near
6057,Penbrook,Pennsylvania,PA,3263,,,,
6058,Rio Dell,California,CA,3259,40.49515,-124.10439,707,near
6059,Mount Oliver,Pennsylvania,PA,3259,,,,
6060,Combes,Texas,TX,3259,26.24833,-97.73361,956,near
6061,Marianna,Arkansas,AR,3258,34.77593,-90.77852,870,near
6062,Milford,Iowa,IA,3258,43.31964,-95.16153,,
6063,Blissfield,Michigan,MI,3258,41.82764,-83.87726,517,near
6064,Salmon,Idaho,ID,3257,45.15714,-113.87836,,
6065,West Liberty,Kentucky,KY,3257,37.94975,-83.27993,606,near
6066,Carthage,New York,NY,3257,43.98104,-75.61601,315,near
6067,Ingram,Pennsylvania,PA,3256,,,,
6068,Belville,North Carolina,NC,3255,,,,
6069,Wallburg,North Carolina,NC,3255,36.01000,-80.13944,336 743,near
6070,Millvale,Pennsylvania,PA,3255,,,,
6071,Jackson,Minnesota,MN,3252,43.64573,-94.99383,507,near
6072,DeCordova,Texas,TX,3252,,,,
6073,Mingo Junction,Ohio,OH,3250,40.32026,-80.62502,234,near
6074,West Burlington,Iowa,IA,3249,40.83208,-91.17989,319,near
6075,Warrior,Alabama,AL,3247,33.85286,-86.81985,205,near
6076,Statham,Georgia,GA,3247,33.96023,-83.58930,706 762,near
6077,Attica,Indiana,IN,3247,40.28113,-87.22411,765,near
6078,Cassville,Missouri,MO,3247,36.67839,-93.84667,417,near
6079,Newbern,Tennessee,TN,3247,36.10088,-89.25136,731,near
6080,Yorkville,Wisconsin,WI,3247,,,,
6081,Ravena,New York,NY,3246,42.47537,-73.82199,518,near
6082,Louisiana,Missouri,MO,3244,39.43359,-91.06638,636,near
6083,Henrietta,Texas,TX,3237,33.81961,-98.25998,940,near
6084,Syracuse,Indiana,IN,3236,41.40649,-85.71835,574,near
6085,Trafford,Pennsylvania,PA,3236,40.38515,-79.75516,412 724 878,near
6086,Nocona,Texas,TX,3236,33.79816,-97.72698,940,near
6087,Libby,Montana,MT,3235,48.37731,-115.53910,,
6088,Lake Providence,Louisiana,LA,3231,32.80707,-91.19057,318,near
6089,Cuba,Missouri,MO,3230,38.09255,-91.40814,636,near
6090,Brodhead,Wisconsin,WI,3229,42.61107,-89.37141,608,near
6091,Raymond,Washington,WA,3228,46.67105,-123.69289,360,near
6092,Athens,Pennsylvania,PA,3227,41.94900,-76.48886,272,near
6093,Burnettown,South Carolina,SC,3226,,,,
6094,Algoma,Wisconsin,WI,3226,44.61005,-87.45779,920,near
6095,Windermere,Florida,FL,3223,28.50061,-81.53541,321 407,near
6096,Springfield,Georgia,GA,3223,32.41210,-81.32644,912,near
6097,Sugar Creek,Missouri,MO,3223,,,,
6098,Hogansville,Georgia,GA,3222,33.16438,-84.93086,706 762,near
6099,Commercial Point,Ohio,OH,3221,39.76833,-83.05722,614,near
6100,Mobridge,South Dakota,SD,3219,45.54072,-100.43149,,
6101,Monmouth Beach,New Jersey,NJ,3218,40.33303,-73.98089,732 848,near
6102,Willcox,Arizona,AZ,3217,32.37298,-109.86311,520,near
6103,Blanding,Utah,UT,3216,37.58634,-109.48660,,
6104,Ely,Minnesota,MN,3214,47.90344,-91.85704,,
6105,Centerville,Pennsylvania,PA,3214,41.72432,-79.79004,814,near
6106,Jones,Oklahoma,OK,3213,35.57532,-97.28914,405,near
6107,Garnett,Kansas,KS,3211,38.28591,-95.25937,785,near
6108,Blairsville,Pennsylvania,PA,3211,40.44126,-79.25333,814,near
6109,Carlyle,Illinois,IL,3208,38.60661,-89.38054,618,near
6110,West Lake Hills,Texas,TX,3208,,,,
6111,Howards Grove,Wisconsin,WI,3208,,,,
6112,Galena,Illinois,IL,3207,42.41823,-90.41951,779,near
6113,Castroville,Texas,TX,3201,29.35532,-98.88239,210,near
6114,Unadilla,Georgia,GA,3200,32.25577,-83.74467,478,near
6115,Dundee,Oregon,OR,3200,45.27761,-123.01523,503 971,near
6116,Lodi,Wisconsin,WI,3200,43.32696,-89.55542,608,near
6117,Yerington,Nevada,NV,3199,38.98657,-119.15956,775,near
6118,Green Forest,Arkansas,AR,3198,36.32241,-93.40587,479,near
6119,Talty,Texas,TX,3198,,,,
6120,South Jacksonville,Illinois,IL,3197,,,,
6121,New York Mills,New York,NY,3197,43.10004,-75.29369,315,near
6122,Nevada City,California,CA,3195,39.27540,-121.01963,530,near
6123,Rayville,Louisiana,LA,3195,32.46894,-91.76430,318,near
6124,Smithsburg,Maryland,MD,3194,39.64704,-77.57056,240 301,near
6125,Bushnell,Florida,FL,3193,28.66106,-82.15530,352,near
6126,Park Hills,Kentucky,KY,3191,,,,
6127,Hoosick Falls,New York,NY,3190,42.89371,-73.35810,518,near
6128,Plymouth,North Carolina,NC,3190,35.85083,-76.74315,252,near
6129,Byrnes Mill,Missouri,MO,3189,,,,
6130,Jefferson,Ohio,OH,3188,41.73351,-80.75617,440,near
6131,Pickens,South Carolina,SC,3188,34.90240,-82.70578,864,near
6132,Brightwaters,New York,NY,3187,40.72796,-73.26464,631 516,near
6133,Ladysmith,Wisconsin,WI,3187,45.47194,-91.10880,715,near
6134,Ava,Missouri,MO,3184,36.94072,-92.67654,417,near
6135,Bunkie,Louisiana,LA,3183,30.94928,-92.18258,337,near
6136,East Greenville,Pennsylvania,PA,3183,40.41188,-75.50562,484 610,near
6137,Red Springs,North Carolina,NC,3181,34.80832,-79.16362,910,near
6138,Cache,Oklahoma,OK,3179,34.61307,-98.61535,580,near
6139,La Villa,Texas,TX,3179,26.29833,-97.92833,956,near
6140,Malabar,Florida,FL,3175,28.00333,-80.56583,321,near
6141,Fordyce,Arkansas,AR,3174,33.81765,-92.42248,870,near
6142,Early,Texas,TX,3174,31.74194,-98.94528,325,near
6143,Red Bay,Alabama,AL,3171,34.45126,-88.11291,256,near
6144,Burlington,Colorado,CO,3171,39.31065,-102.25828,,
6145,Stanton,Kentucky,KY,3171,37.84270,-83.82995,859,near
6146,Momence,Illinois,IL,3169,41.15931,-87.65752,779 815,near
6147,Glasgow,Montana,MT,3169,48.20338,-106.60942,,
6148,Everson,Washington,WA,3169,48.90447,-122.33247,360,near
6149,Moonachie,New Jersey,NJ,3168,40.83935,-74.05665,862 973 201 551 908,near
6150,Sunset,Louisiana,LA,3167,30.39374,-92.07568,337,near
6151,Owens Cross Roads,Alabama,AL,3164,34.61286,-86.46658,256,near
6152,Tallapoosa,Georgia,GA,3164,33.76017,-85.30005,678,near
6153,Soda Springs,Idaho,ID,3162,42.67182,-111.56990,208,near
6154,McSherrystown,Pennsylvania,PA,3161,,,,
6155,Franklin,Michigan,MI,3160,42.52189,-83.25185,248 947 313 734 586 231,near
6156,Blue Earth,Minnesota,MN,3159,43.63943,-94.09238,507,near
6157,Oronogo,Missouri,MO,3159,37.24329,-94.44625,417,near
6158,Oakridge,Oregon,OR,3158,43.74977,-122.45771,458,near
6159,Clyde Hill,Washington,WA,3158,,,,
6160,Union Springs,Alabama,AL,3157,32.16625,-85.67875,334,near
6161,Wisconsin Dells,Wisconsin,WI,3157,43.65079,-89.76652,608,near
6162,Woodbury Heights,New Jersey,NJ,3155,39.81416,-75.15297,856,near
6163,Corydon,Indiana,IN,3153,38.21887,-86.11446,812,near
6164,Masontown,Pennsylvania,PA,3153,39.83495,-79.89381,412,near
6165,Wyoming,Pennsylvania,PA,3151,41.31971,-75.85407,272 570,near
6166,Iowa,Louisiana,LA,3150,30.22194,-93.02586,337,near
6167,Cactus,Texas,TX,3149,36.05278,-101.91222,806,near
6168,Pima,Arizona,AZ,3148,32.90966,-109.85601,520,near
6169,Rockwood,Michigan,MI,3148,42.07918,-83.21620,734 313,near
6170,Homedale,Idaho,ID,3147,43.61384,-116.94723,208,near
6171,Virden,Illinois,IL,3147,39.50645,-89.77833,217,near
6172,Port Washington North,New York,NY,3146,,,,
6173,Central City,Nebraska,NE,3145,41.12126,-98.00169,308,near
6174,Myerstown,Pennsylvania,PA,3143,40.37895,-76.31433,717,near
6175,Piney Point Village,Texas,TX,3143,,,,
6176,North Barrington,Illinois,IL,3142,,,,
6177,Maybrook,New York,NY,3141,41.48865,-74.21631,845,near
6178,Tybee Island,Georgia,GA,3139,32.00680,-80.85094,912,near
6179,Lincoln Heights,Ohio,OH,3139,,,,
6180,Needville,Texas,TX,3139,29.41165,-95.82729,281 346 713 832,near
6181,Livingston,Alabama,AL,3138,32.58851,-88.17359,205,near
6182,Fort Edward,New York,NY,3138,43.26532,-73.58217,518,near
6183,Sleepy Hollow,Illinois,IL,3137,,,,
6184,Hiawatha,Kansas,KS,3137,39.87156,-95.52890,913,near
6185,Summit Hill,Pennsylvania,PA,3135,40.82552,-75.86928,272 570,near
6186,Wesleyville,Pennsylvania,PA,3135,,,,
6187,Gladwin,Michigan,MI,3132,44.02962,-84.49680,989,near
6188,Morganfield,Kentucky,KY,3131,37.66394,-87.87686,270,near
6189,Kalama,Washington,WA,3131,46.01123,-122.81659,360,near
6190,Whitehall,Michigan,MI,3130,43.39036,-86.33145,231,near
6191,Hollywood Park,Texas,TX,3128,,,,
6192,Buena Vista,Colorado,CO,3127,38.83800,-106.14712,719,near
6193,Southern Shores,North Carolina,NC,3127,,,,
6194,McDonald,Ohio,OH,3126,,,,
6195,North Catasauqua,Pennsylvania,PA,3126,,,,
6196,Brackenridge,Pennsylvania,PA,3125,40.60822,-79.74138,412 724 878,near
6197,Carmel-by-the-Sea,California,CA,3124,,,,
6198,Mount Shasta,California,CA,3124,41.31744,-122.32402,530,near
6199,Lucedale,Mississippi,MS,3124,30.86672,-88.59339,228,near
6200,Biscayne Park,Florida,FL,3123,,,,
6201,Tuxedo,New York,NY,3123,,,,
6202,Zillah,Washington,WA,3123,46.41578,-120.26616,509,near
6203,Potterville,Michigan,MI,3121,42.63978,-84.73459,517,near
6204,Simpsonville,Kentucky,KY,3119,38.23119,-85.35480,502,near
6205,Clever,Missouri,MO,3118,37.03480,-93.44747,417,near
6206,Indialantic,Florida,FL,3117,28.10906,-80.57872,321,near
6207,Great Neck Estates,New York,NY,3117,,,,
6208,East Dundee,Illinois,IL,3116,,,,
6209,Ellsworth,Kansas,KS,3116,38.73122,-98.20568,785,near
6210,Minden,Nebraska,NE,3116,40.50914,-98.93830,308,near
6211,Iona,Idaho,ID,3113,43.52595,-111.92836,208,near
6212,Bean Station,Tennessee,TN,3111,36.32493,-83.31425,423,near
6213,Vinton,Louisiana,LA,3108,30.20152,-93.57281,337,near
6214,Granite Quarry,North Carolina,NC,3107,35.61222,-80.44694,704 980,near
6215,Nags Head,North Carolina,NC,3106,35.34721,-75.56759,,
6216,Calais,Maine,ME,3105,45.17148,-67.26408,,
6217,Timberville,Virginia,VA,3104,38.64761,-78.77170,540,near
6218,Calera,Oklahoma,OK,3101,33.92887,-96.41021,580,near
6219,Bloomingdale,Georgia,GA,3100,32.11765,-81.30846,912,near
6220,Bal Harbour,Florida,FL,3099,,,,
6221,Strasburg,Pennsylvania,PA,3099,39.97008,-76.18482,717,near
6222,Wormleysburg,Pennsylvania,PA,3096,,,,
6223,Mount Morris,Michigan,MI,3095,43.11601,-83.68952,810,near
6224,Lebanon,Virginia,VA,3093,36.88090,-82.09563,,
6225,Richmond,Utah,UT,3092,41.92822,-111.80692,435,near
6226,Wilder,Kentucky,KY,3091,,,,
6227,Greenwood,Louisiana,LA,3091,32.42403,-93.96925,318,near
6228,Baltimore,Ohio,OH,3089,39.86445,-82.62402,220 740 614,near
6229,Fairport Harbor,Ohio,OH,3088,,,,
6230,West Union,Ohio,OH,3088,38.80170,-83.53335,220,near
6231,Gillespie,Illinois,IL,3087,39.13611,-89.81858,618,near
6232,Chester Heights,Pennsylvania,PA,3087,39.89000,-75.47583,484 610,near
6233,Corning,Arkansas,AR,3086,36.41553,-90.58702,870,near
6234,Checotah,Oklahoma,OK,3086,35.43579,-95.53504,539,near
6235,National Park,New Jersey,NJ,3085,39.86641,-75.17940,856,near
6236,Baldwyn,Mississippi,MS,3084,34.52796,-88.63748,662,near
6237,Tishomingo,Oklahoma,OK,3083,34.26429,-96.66750,580,near
6238,Barbourville,Kentucky,KY,3081,36.86481,-83.89932,859,near
6239,Newton,Mississippi,MS,3079,32.32445,-89.18395,601,near
6240,Hilliard,Florida,FL,3077,30.68837,-81.93453,904,near
6241,Brownstown,Indiana,IN,3077,38.88359,-86.04862,812,near
6242,Doylestown,Ohio,OH,3077,40.96504,-81.68484,234 330,near
6243,Polk City,Florida,FL,3076,28.19867,-81.80828,863,near
6244,Proctor,Minnesota,MN,3076,,,,
6245,Homer,New York,NY,3076,42.67259,-76.18783,607,near
6246,Upland,Pennsylvania,PA,3076,,,,
6247,Staples,Minnesota,MN,3075,46.35355,-94.76330,320,near
6248,Iuka,Mississippi,MS,3075,34.80889,-88.19829,662,near
6249,Double Oak,Texas,TX,3073,,,,
6250,Elkton,Virginia,VA,3073,38.40252,-78.63214,540,near
6251,Denmark,South Carolina,SC,3072,33.32093,-81.14072,803,near
6252,Maurice,Louisiana,LA,3071,30.07215,-92.10703,337,near
6253,Sloatsburg,New York,NY,3071,41.16047,-74.18811,845,near
6254,Empire,Minnesota,MN,3068,,,,
6255,Eunice,New Mexico,NM,3068,32.43923,-103.15941,575,near
6256,Haskell,Texas,TX,3067,33.15799,-99.73092,325,near
6257,Ripley,West Virginia,WV,3067,38.80904,-81.70199,304,near
6258,Okemah,Oklahoma,OK,3066,35.44752,-96.30679,405,near
6259,Sharpsburg,Pennsylvania,PA,3063,,,,
6260,Lexington,Minnesota,MN,3062,,,,
6261,Saluda,South Carolina,SC,3061,34.01745,-81.77540,864,near
6262,Madison,Illinois,IL,3060,38.68109,-90.15659,618,near
6263,Milaca,Minnesota,MN,3060,45.77948,-93.64527,320,near
6264,Carrollton,Ohio,OH,3060,40.57866,-81.08179,234,near
6265,Guyton,Georgia,GA,3059,32.31399,-81.38959,912,near
6266,Tipton,Iowa,IA,3059,41.75628,-91.13616,319,near
6267,North Sioux City,South Dakota,SD,3059,42.53271,-96.50761,605,near
6268,Oostburg,Wisconsin,WI,3059,43.62294,-87.79695,920,near
6269,Walbridge,Ohio,OH,3058,41.58607,-83.49301,419 567,near
6270,Heavener,Oklahoma,OK,3057,34.83527,-94.61849,,
6271,Bishop,Texas,TX,3057,27.58856,-97.78303,361,near
6272,Kingstree,South Carolina,SC,3055,33.68784,-79.78322,843,near
6273,Minster,Ohio,OH,3054,40.39098,-84.37289,937,near
6274,New Holstein,Wisconsin,WI,3051,43.94464,-88.09108,920,near
6275,Holmes Beach,Florida,FL,3049,27.46667,-82.70417,941,near
6276,Garner,Iowa,IA,3049,43.11440,-93.59439,641,near
6277,Beulah,North Dakota,ND,3047,47.27066,-101.80747,701,near
6278,Wewoka,Oklahoma,OK,3047,35.18289,-96.50379,405,near
6279,Presidio,Texas,TX,3047,29.55730,-104.35511,,
6280,Orchard Park,New York,NY,3046,42.76389,-78.75183,716,near
6281,Lula,Georgia,GA,3043,34.39851,-83.69446,678 770,near
6282,Shady Cove,Oregon,OR,3042,42.60757,-122.81219,458,near
6283,Little Flock,Arkansas,AR,3040,,,,
6284,Filer,Idaho,ID,3040,42.56527,-114.61405,208,near
6285,Mount Pocono,Pennsylvania,PA,3039,41.12156,-75.35287,272,near
6286,Lead,South Dakota,SD,3038,44.34901,-103.76984,605,near
6287,Wildwood Crest,New Jersey,NJ,3036,,,,
6288,Grottoes,Virginia,VA,3036,38.24837,-78.82553,540,near
6289,Walsenburg,Colorado,CO,3035,37.63816,-104.80430,719,near
6290,Westville,Illinois,IL,3035,40.04511,-87.63595,217,near
6291,Churchill,Pennsylvania,PA,3035,,,,
6292,Kenhorst,Pennsylvania,PA,3034,,,,
6293,Glen Rose,Texas,TX,3033,32.22976,-97.76291,682,near
6294,Lakeland,Georgia,GA,3032,31.03811,-83.08886,229,near
6295,Wendell,Idaho,ID,3032,42.75787,-114.71539,208,near
6296,Edgewood,Pennsylvania,PA,3032,,,,
6297,Olney,Texas,TX,3029,33.36013,-98.74269,940,near
6298,Chattahoochee,Florida,FL,3028,30.68339,-84.82804,850,near
6299,Wellsville,Ohio,OH,3027,40.61710,-80.66209,234,near
6300,David City,Nebraska,NE,3026,41.23732,-97.12623,402,near
6301,Yadkinville,North Carolina,NC,3026,36.12769,-80.65302,336,near
6302,Oconto Falls,Wisconsin,WI,3024,44.87550,-88.15553,920,near
6303,Ocean View,Delaware,DE,3023,38.55553,-75.09652,302,near
6304,Chatfield,Minnesota,MN,3023,43.83620,-92.15735,507,near
6305,Roslyn,New York,NY,3022,40.79067,-73.65336,516 914 347 718 917 929 631,near
6306,New Bremen,Ohio,OH,3020,40.43892,-84.38210,937,near
6307,Bar Nunn,Wyoming,WY,3019,,,,
6308,Delphi,Indiana,IN,3018,40.57339,-86.67885,765,near
6309,Iron River,Michigan,MI,3017,46.09302,-88.64597,,
6310,Chaffee,Missouri,MO,3017,37.17261,-89.64565,573,near
6311,Chickamauga,Georgia,GA,3014,34.85796,-85.32214,706,near
6312,Corunna,Michigan,MI,3014,43.04140,-84.02762,810,near
6313,Orwigsburg,Pennsylvania,PA,3014,40.64307,-76.08400,272,near
6314,Summerset,South Dakota,SD,3013,,,,
6315,East Syracuse,New York,NY,3008,43.07336,-76.05578,315,near
6316,Nashville,Illinois,IL,3006,38.33521,-89.38406,618,near
6317,Deer Lodge,Montana,MT,3006,46.38807,-112.74759,406,near
6318,Cornwall-on-Hudson,New York,NY,3006,,,,
6319,Fairfield,Texas,TX,3005,31.73614,-96.15718,903,near
6320,Hamilton,Texas,TX,3005,31.67812,-98.11305,254,near
6321,Poteet,Texas,TX,3005,29.09941,-98.62407,210,near
6322,Shady Shores,Texas,TX,3005,,,,
6323,Flemingsburg,Kentucky,KY,3003,38.42798,-83.70797,859,near
6324,Moose Lake,Minnesota,MN,3003,46.44724,-92.74665,218,near
6325,Oak Ridge North,Texas,TX,3003,,,,
6326,Georgetown,Illinois,IL,3001,39.97922,-87.63648,217,near
6327,Mountville,Pennsylvania,PA,3000,40.04274,-76.42769,717,near
6328,Jemison,Alabama,AL,2999,32.98054,-86.71805,205,near
6329,Bicknell,Indiana,IN,2999,38.77272,-87.31372,812,near
6330,Carthage,North Carolina,NC,2999,35.30607,-79.39694,919,near
6331,Tama,Iowa,IA,2997,41.96164,-92.58005,641,near
6332,Sherrill,New York,NY,2997,43.07040,-75.59897,315,near
6333,Ferriday,Louisiana,LA,2995,31.64794,-91.57196,318,near
6334,Madison,Florida,FL,2994,30.48021,-83.40668,850,near
6335,Spearman,Texas,TX,2994,36.19269,-101.19523,,
6336,El Lago,Texas,TX,2990,,,,
6337,Lake Helen,Florida,FL,2988,28.98057,-81.23337,386 321 407,near
6338,Cut Bank,Montana,MT,2988,48.66028,-112.36535,,
6339,Tonkawa,Oklahoma,OK,2988,36.68062,-97.30634,580,near
6340,Greenwood Lake,New York,NY,2987,41.21272,-74.30001,845,near
6341,Pitcairn,Pennsylvania,PA,2984,40.40479,-79.77695,412 724 878,near
6342,Millen,Georgia,GA,2980,32.78774,-81.96181,912,near
6343,Troy,North Carolina,NC,2978,35.37770,-79.90925,336,near
6344,Medina,Washington,WA,2976,47.62111,-122.22639,425 206 253,near
6345,Calabash,North Carolina,NC,2975,33.90467,-78.57441,910,near
6346,Brandenburg,Kentucky,KY,2974,37.96624,-86.10836,270 364,near
6347,Canton,South Dakota,SD,2974,43.30382,-96.59380,605,near
6348,Freemansburg,Pennsylvania,PA,2973,,,,
6349,Shallowater,Texas,TX,2972,33.69186,-101.98363,806,near
6350,Green Island,New York,NY,2971,,,,
6351,Prescott,Arkansas,AR,2970,33.80403,-93.37254,870,near
6352,Springfield,Kentucky,KY,2970,37.70135,-85.24047,270,near
6353,Monticello,Georgia,GA,2969,33.31180,-83.71405,678,near
6354,Licking,Missouri,MO,2969,37.50908,-91.85559,,
6355,South Pittsburg,Tennessee,TN,2969,35.02805,-85.72250,423,near
6356,Bad Axe,Michigan,MI,2966,43.80674,-83.00538,989,near
6357,Ferrysburg,Michigan,MI,2963,43.08444,-86.22028,231,near
6358,Winner,South Dakota,SD,2962,43.35550,-99.86191,605,near
6359,Williams Bay,Wisconsin,WI,2961,42.57668,-88.54309,608,near
6360,Hackberry,Texas,TX,2959,,,,
6361,Sisters,Oregon,OR,2957,44.30733,-121.52413,,
6362,New Hope,Alabama,AL,2954,34.54944,-86.39610,256,near
6363,Kingwood,West Virginia,WV,2953,39.48191,-79.70629,304,near
6364,Marietta,Pennsylvania,PA,2952,40.06644,-76.56453,717,near
6365,Womelsdorf,Pennsylvania,PA,2952,40.37433,-76.19851,717 484 610,near
6366,Stamford,Texas,TX,2952,32.94532,-99.78593,325,near
6367,Williamstown,West Virginia,WV,2951,39.38243,-81.45661,304 681,near
6368,Mountain View,Arkansas,AR,2950,35.86577,-92.11476,501,near
6369,Cadiz,Ohio,OH,2950,40.26454,-80.99624,234,near
6370,Afton,Minnesota,MN,2949,44.86965,-92.82336,651,near
6371,Mohnton,Pennsylvania,PA,2949,40.25844,-75.98332,484 610,near
6372,Paddock Lake,Wisconsin,WI,2949,,,,
6373,Jacksonville,Oregon,OR,2945,42.25489,-123.02810,458 541,near
6374,Dixmoor,Illinois,IL,2944,,,,
6375,Chandler,Oklahoma,OK,2944,35.70425,-96.85827,405,near
6376,Van,Texas,TX,2944,32.52826,-95.65454,903,near
6377,Bamberg,South Carolina,SC,2943,33.27792,-81.01774,803,near
6378,Townsend,Delaware,DE,2941,39.38188,-75.68337,302,near
6379,Hypoluxo,Florida,FL,2941,,,,
6380,Woodlynne,New Jersey,NJ,2941,,,,
6381,Girard,Pennsylvania,PA,2941,41.98957,-80.31776,814,near
6382,Dodge Center,Minnesota,MN,2939,44.03251,-92.85538,507,near
6383,Vandalia,Missouri,MO,2939,39.29494,-91.48830,573,near
6384,Fairfax,Iowa,IA,2937,41.91530,-91.78010,319,near
6385,Mansfield,Pennsylvania,PA,2937,41.81229,-77.07163,272,near
6386,Fort Branch,Indiana,IN,2935,38.24714,-87.56823,812,near
6387,Dadeville,Alabama,AL,2934,32.82239,-85.77039,334,near
6388,Indian Hills,Kentucky,KY,2934,,,,
6389,Amery,Wisconsin,WI,2934,45.32524,-92.36153,715,near
6390,Soperton,Georgia,GA,2933,32.38686,-82.58710,912,near
6391,Lakewood,New York,NY,2933,42.09726,-79.32912,716,near
6392,Knob Noster,Missouri,MO,2932,38.74693,-93.55642,660,near
6393,Dresden,Tennessee,TN,2930,36.29504,-88.69629,731,near
6394,Taft,Texas,TX,2929,27.97652,-97.39662,361,near
6395,Chevy Chase,Maryland,MD,2927,38.97796,-77.08198,240 301,near
6396,Snowmass Village,Colorado,CO,2925,39.21306,-106.93722,,
6397,Atoka,Oklahoma,OK,2925,34.34451,-96.14183,580,near
6398,Brookville,New York,NY,2924,,,,
6399,Bayfield,Colorado,CO,2923,37.26033,-107.61373,,
6400,Pawhuska,Oklahoma,OK,2923,36.69042,-96.31209,539,near
6401,Vivian,Louisiana,LA,2922,32.86684,-93.98731,318,near
6402,La Grange,North Carolina,NC,2922,35.30538,-77.76862,252 919 984,near
6403,Emmitsburg,Maryland,MD,2920,39.69404,-77.33566,240,near
6404,Windsor,Virginia,VA,2920,36.83688,-76.73237,757,near
6405,Ocilla,Georgia,GA,2917,31.59294,-83.25654,229,near
6406,Hudson,Iowa,IA,2916,42.39050,-92.45487,319,near
6407,Arcola,Illinois,IL,2915,39.68700,-88.30368,217,near
6408,Lakemore,Ohio,OH,2915,41.02083,-81.43611,234 330,near
6409,Vienna,Georgia,GA,2914,32.09129,-83.79220,478,near
6410,Wilton,Iowa,IA,2914,41.58580,-91.00996,563,near
6411,Wilson's Mills,North Carolina,NC,2913,,,,
6412,Wales,Wisconsin,WI,2913,43.00879,-88.37874,262,near
6413,Cuthbert,Georgia,GA,2912,31.77111,-84.78944,229,near
6414,Bethany,Missouri,MO,2912,40.26006,-94.01886,816,near
6415,Lindsay,Oklahoma,OK,2910,34.82112,-97.59979,405,near
6416,Bridgeville,Delaware,DE,2909,38.73663,-75.60877,302,near
6417,Nicholls,Georgia,GA,2909,31.44981,-82.60321,229,near
6418,Greenfield,Minnesota,MN,2908,,,,
6419,Leavenworth,Washington,WA,2908,47.64380,-120.67479,509,near
6420,Winnebago,Illinois,IL,2907,42.27272,-89.23732,779 815,near
6421,Pennington,New Jersey,NJ,2906,40.33386,-74.79435,609,near
6422,LaGrange,Ohio,OH,2906,41.24228,-82.12792,440 234 330,near
6423,Youngwood,Pennsylvania,PA,2906,40.23948,-79.58229,412,near
6424,Bath,Pennsylvania,PA,2905,40.75514,-75.40856,484 610,near
6425,Platteville,Colorado,CO,2904,40.21312,-104.80278,970,near
6426,Rushville,Illinois,IL,2904,40.12419,-90.56088,217,near
6427,Brighton,Tennessee,TN,2904,35.47033,-89.75248,901,near
6428,Montezuma,Georgia,GA,2903,32.30262,-84.00414,478,near
6429,Genoa City,Wisconsin,WI,2903,42.53228,-88.34846,262,near
6430,Poplarville,Mississippi,MS,2898,30.85236,-89.56475,601,near
6431,Brazoria,Texas,TX,2898,29.02364,-95.58668,979,near
6432,Buckner,Missouri,MO,2893,39.13033,-94.20622,816,near
6433,Denmark,Wisconsin,WI,2892,44.35939,-87.82704,920,near
6434,Marietta,Oklahoma,OK,2891,33.94310,-97.11480,580,near
6435,Rogers City,Michigan,MI,2890,45.41231,-83.83548,,
6436,Kotzebue,Alaska,AK,2889,66.84646,-162.12649,,
6437,Lake City,Georgia,GA,2889,,,,
6438,Wimberley,Texas,TX,2889,30.02647,-98.11231,512 737,near
6439,Cherry Valley,Illinois,IL,2888,42.22056,-88.96192,779 815,near
6440,Westfield,New York,NY,2887,42.32198,-79.57265,716,near
6441,Fowlerville,Michigan,MI,2886,42.66144,-84.07209,517,near
6442,Akron,New York,NY,2886,43.02494,-78.50836,716,near
6443,Westmoreland,Tennessee,TN,2885,36.57555,-86.23530,615,near
6444,Heyworth,Illinois,IL,2883,40.33070,-88.97761,309,near
6445,Lutcher,Louisiana,LA,2883,30.04468,-90.70084,985,near
6446,Seward,Alaska,AK,2882,60.13287,-149.39849,,
6447,River Bend,North Carolina,NC,2882,,,,
6448,Bishopville,South Carolina,SC,2880,34.22410,-80.27499,803,near
6449,Osceola,Wisconsin,WI,2880,45.32176,-92.69711,715,near
6450,Sublimity,Oregon,OR,2879,44.84252,-122.80072,503 971,near
6451,Williston,South Carolina,SC,2879,33.39261,-81.41615,803,near
6452,Atkins,Arkansas,AR,2878,35.24495,-92.95070,479,near
6453,Columbus,Kansas,KS,2878,37.16899,-94.85023,,
6454,Kenova,West Virginia,WV,2877,38.38603,-82.57365,304 681,near
6455,West Branch,Iowa,IA,2876,41.67262,-91.31410,319,near
6456,Marion,Kentucky,KY,2876,37.32543,-88.10047,270,near
6457,Ponder,Texas,TX,2875,33.17738,-97.28481,940,near
6458,Albany,Minnesota,MN,2874,45.61511,-94.57402,320,near
6459,Elm Springs,Arkansas,AR,2872,36.20611,-94.23417,479,near
6460,DeQuincy,Louisiana,LA,2872,30.42111,-93.41505,337,near
6461,Eufaula,Oklahoma,OK,2872,35.29114,-95.64723,539,near
6462,Abingdon,Illinois,IL,2871,40.80231,-90.40090,309,near
6463,Federalsburg,Maryland,MD,2871,38.71468,-75.77538,410,near
6464,Manistique,Michigan,MI,2871,45.98298,-86.27551,,
6465,Mondovi,Wisconsin,WI,2870,44.60985,-91.66958,715,near
6466,Mattawan,Michigan,MI,2869,42.24507,-85.79428,269,near
6467,Clarksville,Texas,TX,2869,33.62356,-95.04609,903,near
6468,Wise,Virginia,VA,2869,36.97500,-82.59468,,
6469,Florida,New York,NY,2868,41.32951,-74.35281,845,near
6470,Edgewood,Florida,FL,2867,,,,
6471,Quarryville,Pennsylvania,PA,2867,39.89493,-76.14646,717,near
6472,Kingman,Kansas,KS,2866,37.63625,-98.10930,620,near
6473,Lake City,Pennsylvania,PA,2866,42.02036,-80.33883,814,near
6474,San Saba,Texas,TX,2866,31.16268,-98.73093,254,near
6475,Donalsonville,Georgia,GA,2864,31.04028,-84.87917,229,near
6476,Pembroke,North Carolina,NC,2864,34.69020,-79.18337,910,near
6477,Eatonville,Washington,WA,2864,46.87078,-122.26963,253,near
6478,Rancho Viejo,Texas,TX,2863,,,,
6479,Waynesville,Ohio,OH,2862,39.52849,-84.08152,937,near
6480,Stroud,Oklahoma,OK,2862,35.78239,-96.68438,405,near
6481,Harveys Lake,Pennsylvania,PA,2862,41.35918,-76.04506,272 570,near
6482,Seven Fields,Pennsylvania,PA,2861,,,,
6483,Montgomery,Texas,TX,2860,30.38806,-95.69611,936,near
6484,East Prairie,Missouri,MO,2859,36.77761,-89.37263,573,near
6485,Lithopolis,Ohio,OH,2859,39.80278,-82.80639,614 220 740,near
6486,Lake Orion,Michigan,MI,2858,42.72078,-83.29170,248 947 231 586,near
6487,Union City,Pennsylvania,PA,2857,41.89385,-79.84546,814,near
6488,Pearisburg,Virginia,VA,2857,37.30412,-80.72670,540,near
6489,Providence,Kentucky,KY,2856,37.40496,-87.75051,270,near
6490,Windsor,Missouri,MO,2854,38.52719,-93.52686,660,near
6491,Kemah,Texas,TX,2853,29.54382,-95.03921,281 346 713 832 409,near
6492,Lakeside Park,Kentucky,KY,2852,,,,
6493,Homestead,Pennsylvania,PA,2852,40.39417,-79.90420,412 878 724,near
6494,Mountain Iron,Minnesota,MN,2847,47.51334,-92.62427,218,near
6495,Mount Morris,New York,NY,2847,42.70543,-77.86108,585,near
6496,Voorheesville,New York,NY,2846,42.64311,-73.94477,518,near
6497,Abbeville,Georgia,GA,2845,31.96484,-83.30684,478,near
6498,Philippi,West Virginia,WV,2845,39.15079,-80.03853,304,near
6499,DeWitt,Arkansas,AR,2844,,,,
6500,Almont,Michigan,MI,2844,42.92601,-83.03622,231,near
6501,Walton,New York,NY,2844,42.17565,-75.15318,607,near
6502,Bedford,Pennsylvania,PA,2843,39.99084,-78.52607,814,near
6503,Hillsville,Virginia,VA,2843,36.74423,-80.71973,540,near
6504,Knoxville,Illinois,IL,2840,40.91067,-90.28712,309,near
6505,Norway,Michigan,MI,2840,45.78619,-87.90469,,
6506,Schulenburg,Texas,TX,2839,29.68825,-96.91056,361,near
6507,Bonifay,Florida,FL,2838,30.84637,-85.68996,850,near
6508,Abernathy,Texas,TX,2838,33.84996,-101.86111,806,near
6509,Evansville,Wyoming,WY,2837,42.86138,-106.26389,307,near
6510,Bono,Arkansas,AR,2834,35.90859,-90.78475,870,near
6511,Poynette,Wisconsin,WI,2834,43.40134,-89.41886,608,near
6512,Fayette,Missouri,MO,2832,39.14304,-92.65829,573,near
6513,Davis,Oklahoma,OK,2831,34.49530,-97.10843,580,near
6514,West Grove,Pennsylvania,PA,2831,39.82531,-75.83737,484 610,near
6515,Woodbury,Tennessee,TN,2831,35.81425,-86.05004,615,near
6516,Lake Success,New York,NY,2830,,,,
6517,Havana,Illinois,IL,2826,40.29599,-90.04952,309,near
6518,Franklinton,North Carolina,NC,2825,36.09551,-78.44862,919,near
6519,Loris,South Carolina,SC,2825,34.05576,-78.91610,843,near
6520,Madrid,Iowa,IA,2824,41.88408,-93.84481,515,near
6521,Santa Rosa,New Mexico,NM,2824,34.93328,-104.68215,,
6522,New Tazewell,Tennessee,TN,2824,36.44250,-83.59972,423,near
6523,Manchester,Pennsylvania,PA,2823,40.06946,-76.73324,717,near
6524,Grundy Center,Iowa,IA,2821,42.36720,-92.77734,319,near
6525,Alamo,Georgia,GA,2818,32.13298,-82.79444,478,near
6526,Mamou,Louisiana,LA,2817,30.64965,-92.41965,337,near
6527,Honeoye Falls,New York,NY,2817,42.96950,-77.57812,585,near
6528,Riverton,New Jersey,NJ,2816,40.01139,-75.01528,856 609,near
6529,Sag Harbor,New York,NY,2816,40.98200,-72.30674,631,near
6530,New Britain,Pennsylvania,PA,2814,,,,
6531,Ithaca,Michigan,MI,2813,43.28281,-84.60883,989,near
6532,Graymoor-Devondale,Kentucky,KY,2810,,,,
6533,Hallam,Pennsylvania,PA,2808,,,,
6534,Kewaunee,Wisconsin,WI,2808,44.44014,-87.55944,920,near
6535,Russell Springs,Kentucky,KY,2807,37.05668,-85.04287,270,near
6536,Wernersville,Pennsylvania,PA,2807,40.32929,-76.09014,484 610,near
6537,Warden,Washington,WA,2806,46.97697,-119.05393,509,near
6538,Warsaw,North Carolina,NC,2803,34.99818,-78.08674,919,near
6539,Aspinwall,Pennsylvania,PA,2803,,,,
6540,Strafford,Missouri,MO,2801,37.27972,-93.10663,417,near
6541,Osage City,Kansas,KS,2799,38.62690,-95.83030,620,near
6542,Milton,West Virginia,WV,2799,38.41398,-82.14578,304,near
6543,Monterey,Tennessee,TN,2796,36.15086,-85.25420,931,near
6544,Onawa,Iowa,IA,2795,42.03697,-96.10721,712,near
6545,New Richmond,Ohio,OH,2795,38.95366,-84.23790,513,near
6546,Lodi,Ohio,OH,2794,41.03271,-82.01466,234 330,near
6547,Highfill,Arkansas,AR,2793,,,,
6548,Clinton,New Jersey,NJ,2793,40.64119,-74.90885,732,near
6549,Mount Morris,Illinois,IL,2792,42.04790,-89.43461,779,near
6550,Montgomery City,Missouri,MO,2792,38.98395,-91.50849,573,near
6551,Landrum,South Carolina,SC,2792,35.15649,-82.21147,864,near
6552,Oak Harbor,Ohio,OH,2790,41.52356,-83.12776,419,near
6553,Bonners Ferry,Idaho,ID,2788,48.73064,-116.33218,,
6554,Morton,Pennsylvania,PA,2788,39.90629,-75.32379,484 610 215 267,near
6555,Refugio,Texas,TX,2788,28.31694,-97.27666,361,near
6556,Fillmore,Utah,UT,2788,38.98054,-112.33132,,
6557,Sibley,Iowa,IA,2787,43.40693,-95.74240,712,near
6558,Eminence,Kentucky,KY,2787,38.36961,-85.17816,502,near
6559,St. Marys,Kansas,KS,2784,,,,
6560,Stigler,Oklahoma,OK,2784,35.26856,-95.10707,539,near
6561,Cokato,Minnesota,MN,2782,45.07476,-94.19105,320,near
6562,Spring Lake,New Jersey,NJ,2781,40.15420,-74.03789,732 848,near
6563,Owensville,Missouri,MO,2780,38.35112,-91.48668,573,near
6564,Pottsboro,Texas,TX,2780,33.80953,-96.69056,903,near
6565,Williamson,West Virginia,WV,2779,37.69025,-82.26416,304,near
6566,Munsey Park,New York,NY,2778,,,,
6567,Loudonville,Ohio,OH,2778,40.63606,-82.23559,419,near
6568,Rising Sun,Maryland,MD,2777,39.68818,-76.04916,410,near
6569,Fennimore,Wisconsin,WI,2775,42.98856,-90.65501,608,near
6570,Towanda,Pennsylvania,PA,2774,41.76376,-76.46453,272,near
6571,Elizabeth,Colorado,CO,2773,39.38362,-104.59196,303 720,near
6572,Bloomfield,Iowa,IA,2773,40.73237,-92.39871,641,near
6573,Garland,Utah,UT,2772,41.74132,-112.15163,435,near
6574,Centerville,Indiana,IN,2769,39.80810,-85.00317,765,near
6575,Kingston Springs,Tennessee,TN,2769,36.09532,-87.11565,615,near
6576,Galena,Kansas,KS,2767,37.06324,-94.65574,,
6577,Caledonia,Minnesota,MN,2767,43.62208,-91.48366,507,near
6578,Forsyth,Missouri,MO,2766,36.69548,-93.11497,417,near
6579,Swedesboro,New Jersey,NJ,2766,39.75285,-75.33620,856,near
6580,Piperton,Tennessee,TN,2766,,,,
6581,Keego Harbor,Michigan,MI,2765,42.61045,-83.33955,248 947,near
6582,Barnesville,Minnesota,MN,2765,46.67730,-96.37269,218,near
6583,Luxemburg,Wisconsin,WI,2765,44.55061,-87.71561,920,near
6584,Pioneer Village,Kentucky,KY,2764,,,,
6585,Alden,New York,NY,2764,42.89839,-78.52571,716,near
6586,Hartford,Alabama,AL,2763,31.08598,-85.71920,334,near
6587,Ford City,Pennsylvania,PA,2763,40.73841,-79.51222,412,near
6588,St. Clair,Pennsylvania,PA,2763,,,,
6589,Kalona,Iowa,IA,2762,41.48230,-91.70568,319,near
6590,Big Lake,Texas,TX,2762,31.24059,-101.47878,432,near
6591,Lagrange,Indiana,IN,2757,41.65201,-85.40401,574,near
6592,Walworth,Wisconsin,WI,2757,42.53500,-88.60274,608,near
6593,Springdale,South Carolina,SC,2756,,,,
6594,Monticello,Florida,FL,2754,30.51968,-83.89245,850,near
6595,Fayetteville,West Virginia,WV,2753,38.06277,-81.08097,304,near
6596,Abita Springs,Louisiana,LA,2752,30.48370,-90.00407,985,near
6597,Luzerne,Pennsylvania,PA,2752,41.28426,-75.89347,272 570,near
6598,Covington,Indiana,IN,2751,40.13262,-87.38188,765,near
6599,Clarion,Iowa,IA,2751,42.72715,-93.72772,515,near
6600,Breezy Point,Minnesota,MN,2750,,,,
6601,Pleasant Valley,Missouri,MO,2750,,,,
6602,Middlefield,Ohio,OH,2749,41.44555,-81.03734,234,near
6603,Wentworth,North Carolina,NC,2748,36.40000,-79.77472,336,near
6604,Thermopolis,Wyoming,WY,2748,43.66215,-108.23130,,
6605,Canton,Missouri,MO,2747,40.14370,-91.54799,,
6606,Strasburg,Ohio,OH,2747,40.60028,-81.53665,234 330,near
6607,Hallettsville,Texas,TX,2745,29.44261,-96.92342,361,near
6608,Pembroke,Georgia,GA,2744,32.15709,-81.55334,912,near
6609,New Cordell,Oklahoma,OK,2744,,,,
6610,Friday Harbor,Washington,WA,2744,48.54542,-123.09472,360,near
6611,Sands Point,New York,NY,2743,,,,
6612,Cape May,New Jersey,NJ,2742,38.96921,-74.92624,856,near
6613,Cadiz,Kentucky,KY,2741,36.84642,-87.84124,270,near
6614,Hudson Oaks,Texas,TX,2741,,,,
6615,Tobaccoville,North Carolina,NC,2740,36.23363,-80.39155,336 743,near
6616,Bellows Falls,Vermont,VT,2740,43.14820,-72.46637,,
6617,Lake Point,Utah,UT,2738,,,,
6618,New Town,North Dakota,ND,2735,47.97715,-102.48579,701,near
6619,Philipsburg,Pennsylvania,PA,2735,40.88625,-78.21901,814,near
6620,Highspire,Pennsylvania,PA,2734,40.20835,-76.78530,717,near
6621,Frisco,Colorado,CO,2732,39.46889,-106.15639,303,near
6622,El Paso,Illinois,IL,2732,40.73895,-89.01195,309,near
6623,Thomaston,New York,NY,2732,,,,
6624,Charleston,Arkansas,AR,2731,35.31150,-94.03368,479,near
6625,Cazenovia,New York,NY,2730,42.93796,-75.83923,315,near
6626,Oakbrook Terrace,Illinois,IL,2729,,,,
6627,Lake City,Arkansas,AR,2727,35.81715,-90.44233,870,near
6628,East Lansdowne,Pennsylvania,PA,2724,,,,
6629,Cohasset,Minnesota,MN,2723,47.26911,-93.63915,,
6630,Portageville,Missouri,MO,2723,36.42795,-89.70023,573,near
6631,North Kingsville,Ohio,OH,2723,41.90583,-80.69056,440,near
6632,Newton,Illinois,IL,2722,38.98468,-88.17039,217,near
6633,Centreville,Alabama,AL,2721,32.95032,-87.11924,205,near
6634,Marysville,Pennsylvania,PA,2721,40.33506,-76.97220,717,near
6635,Gramercy,Louisiana,LA,2719,30.05271,-90.69018,985,near
6636,Versailles,Ohio,OH,2719,40.22728,-84.49570,937,near
6637,Mangum,Oklahoma,OK,2719,34.87547,-99.50577,580,near
6638,Lovettsville,Virginia,VA,2719,39.27250,-77.63694,571 703,near
6639,Madison,West Virginia,WV,2719,38.04443,-81.79376,304,near
6640,Verona,Mississippi,MS,2718,34.19417,-88.71972,662,near
6641,Combine,Texas,TX,2717,,,,
6642,Westworth Village,Texas,TX,2717,,,,
6643,Liberty,North Carolina,NC,2715,35.87288,-79.58214,336,near
6644,Savanna,Illinois,IL,2713,42.09558,-90.14006,779,near
6645,Lakehurst,New Jersey,NJ,2713,40.02005,-74.29090,732 848,near
6646,Dallas,Pennsylvania,PA,2711,41.36376,-75.95891,272 570,near
6647,Monroe,Utah,UT,2711,38.64531,-112.13243,,
6648,Marshville,North Carolina,NC,2710,35.01668,-80.37811,704 980,near
6649,Sutter Creek,California,CA,2709,38.41857,-120.78545,916,near
6650,Rock Rapids,Iowa,IA,2709,43.42719,-96.17806,712,near
6651,Balcones Heights,Texas,TX,2707,,,,
6652,Monroe City,Missouri,MO,2706,39.65459,-91.72300,573,near
6653,Marion,Alabama,AL,2702,32.64630,-87.33144,334,near
6654,Diamond,Illinois,IL,2702,,,,
6655,Roseau,Minnesota,MN,2699,48.82681,-95.75671,,
6656,Cajah's Mountain,North Carolina,NC,2699,,,,
6657,Juneau,Wisconsin,WI,2699,43.37920,-88.68452,920,near
6658,Pawnee,Illinois,IL,2698,39.59097,-89.57895,217,near
6659,Polkton,North Carolina,NC,2698,34.98229,-80.15381,704,near
6660,Kulpmont,Pennsylvania,PA,2698,40.79328,-76.47438,272,near
6661,Estill Springs,Tennessee,TN,2698,35.27051,-86.13956,615,near
6662,Clearwater,Kansas,KS,2697,37.50759,-97.50818,316,near
6663,Montpelier,Idaho,ID,2696,42.35199,-111.31946,208,near
6664,Sylva,North Carolina,NC,2694,35.34806,-83.20305,828,near
6665,Pine Lawn,Missouri,MO,2693,,,,
6666,Versailles,Missouri,MO,2693,38.43649,-92.82583,660,near
6667,Edcouch,Texas,TX,2693,26.30421,-97.97547,956,near
6668,Vassar,Michigan,MI,2692,43.36905,-83.58445,989,near
6669,Colfax,Washington,WA,2692,46.88000,-117.36697,509,near
6670,Gosnell,Arkansas,AR,2689,35.92720,-89.91880,870,near
6671,Burns,Oregon,OR,2689,43.51451,-119.05040,,
6672,Ravenel,South Carolina,SC,2688,32.78809,-80.22235,843 854,near
6673,Newtown,Ohio,OH,2687,,,,
6674,Chewelah,Washington,WA,2687,48.28758,-117.77539,425,near
6675,Mitchellville,Iowa,IA,2686,41.66089,-93.36995,515,near
6676,Red Lodge,Montana,MT,2686,45.19652,-109.26881,406,near
6677,Coxsackie,New York,NY,2686,42.35014,-73.81988,518,near
6678,Follansbee,West Virginia,WV,2686,40.32955,-80.58495,304 681,near
6679,West Wyoming,Pennsylvania,PA,2685,,,,
6680,Bethel,Ohio,OH,2684,38.94236,-84.09195,513,near
6681,Elmendorf,Texas,TX,2683,29.23079,-98.37198,210,near
6682,Superior,Arizona,AZ,2682,33.28872,-111.09846,480,near
6683,Green Park,Missouri,MO,2682,,,,
6684,Norton,Kansas,KS,2681,39.84071,-99.88783,785,near
6685,Four Oaks,North Carolina,NC,2681,35.40402,-78.41528,919,near
6686,Sandusky,Michigan,MI,2679,43.40554,-82.84094,810,near
6687,Moorefield,West Virginia,WV,2679,39.05681,-78.97793,304,near
6688,Luverne,Alabama,AL,2678,31.70739,-86.25660,334,near
6689,Granite Falls,Minnesota,MN,2678,44.80875,-95.55156,,
6690,East Tawas,Michigan,MI,2675,44.30082,-83.47763,989,near
6691,Pelican Bay,Texas,TX,2674,,,,
6692,Hillsboro,Kansas,KS,2673,38.34491,-97.21215,785,near
6693,Lomira,Wisconsin,WI,2671,43.58849,-88.44131,920,near
6694,Victor,New York,NY,2670,42.98660,-77.41798,585,near
6695,Butler,Indiana,IN,2669,41.42873,-84.87872,260,near
6696,Mountain View,Missouri,MO,2668,36.98920,-91.70994,,
6697,Lena,Illinois,IL,2666,42.37905,-89.82525,779 815,near
6698,Fairmount,Indiana,IN,2666,40.41875,-85.67133,765,near
6699,Foley,Minnesota,MN,2666,45.70869,-93.86846,320,near
6700,Royston,Georgia,GA,2665,34.27779,-83.14061,706,near
6701,Dayton,Oregon,OR,2663,45.19772,-123.07533,503 971,near
6702,Hamilton,Illinois,IL,2662,40.43921,-91.34404,217,near
6703,Ault,Colorado,CO,2660,40.59377,-104.73563,970,near
6704,Evendale,Ohio,OH,2658,,,,
6705,Fredericktown,Ohio,OH,2658,40.49761,-82.58571,419,near
6706,Santa Claus,Indiana,IN,2657,38.09450,-86.90353,812,near
6707,Glenwood,Minnesota,MN,2657,45.64291,-95.38681,320,near
6708,Dublin,Virginia,VA,2657,37.09888,-80.66970,540,near
6709,Trenton,Illinois,IL,2656,38.61910,-89.64470,618,near
6710,Eutaw,Alabama,AL,2655,32.88887,-87.93030,205,near
6711,Sylvania,Georgia,GA,2655,32.77627,-81.63339,912,near
6712,Brookville,Indiana,IN,2655,39.42130,-84.99942,765,near
6713,Fairview,Oklahoma,OK,2653,36.26598,-98.50627,580,near
6714,Alturas,California,CA,2652,41.47674,-120.54558,,
6715,Hartford,Kentucky,KY,2652,37.47853,-86.91798,270,near
6716,Dillsburg,Pennsylvania,PA,2651,40.09637,-77.03387,717,near
6717,Bushnell,Illinois,IL,2649,40.55392,-90.50603,309,near
6718,Wellton,Arizona,AZ,2648,32.74925,-114.17662,928,near
6719,Lake Lotawana,Missouri,MO,2648,,,,
6720,Tipton,Missouri,MO,2648,38.65484,-92.78145,660,near
6721,Pearl River,Louisiana,LA,2647,30.39445,-89.77315,985,near
6722,Dennison,Ohio,OH,2647,40.40888,-81.32030,234,near
6723,Deerfield,Wisconsin,WI,2647,43.05711,-89.08620,608,near
6724,Good Hope,Alabama,AL,2646,,,,
6725,Williamsburg,Ohio,OH,2645,39.07534,-84.04317,513,near
6726,Mangonia Park,Florida,FL,2643,,,,
6727,Valentine,Nebraska,NE,2642,42.80617,-100.62154,,
6728,New Hope,Pennsylvania,PA,2641,40.35561,-74.98389,215,near
6729,Rockledge,Pennsylvania,PA,2641,,,,
6730,Forest Heights,Maryland,MD,2639,,,,
6731,Missouri Valley,Iowa,IA,2638,41.56440,-95.89135,712,near
6732,Corinth,New York,NY,2638,43.24257,-73.83690,518,near
6733,Belleville,Wisconsin,WI,2635,42.86691,-89.53773,608,near
6734,Weed,California,CA,2633,41.43947,-122.38480,530,near
6735,Tularosa,New Mexico,NM,2632,33.06505,-106.01079,575,near
6736,Ashley,Pennsylvania,PA,2632,,,,
6737,Hawarden,Iowa,IA,2630,43.00133,-96.47299,712,near
6738,Stanton,Texas,TX,2629,32.13999,-101.80989,432,near
6739,Ingalls,Indiana,IN,2627,40.00024,-85.82560,317 765,near
6740,Ruidoso Downs,New Mexico,NM,2627,33.35772,-105.53831,575,near
6741,Alburtis,Pennsylvania,PA,2625,40.48620,-75.62113,484 610,near
6742,Leadville,Colorado,CO,2624,39.24974,-106.30155,303,near
6743,Covington,Ohio,OH,2622,40.11756,-84.34965,937,near
6744,Seymour,Texas,TX,2622,33.59145,-99.25873,940,near
6745,Christopher,Illinois,IL,2621,37.98490,-89.05737,618,near
6746,Delmont,Pennsylvania,PA,2621,40.41390,-79.57638,412 724 878,near
6747,Palmer,Texas,TX,2621,32.43871,-96.67943,214 469 972,near
6748,Hallowell,Maine,ME,2619,44.28641,-69.80574,207,near
6749,Pleasant Ridge,Michigan,MI,2619,42.47104,-83.14377,248 947 586 313 734 517 231,near
6750,Loogootee,Indiana,IN,2617,38.66290,-86.91366,812,near
6751,Watonga,Oklahoma,OK,2617,35.85376,-98.41749,405,near
6752,Jonestown,Texas,TX,2615,,,,
6753,Maine,Wisconsin,WI,2614,,,,
6754,East Williston,New York,NY,2613,,,,
6755,Salina,Utah,UT,2610,38.95603,-111.88107,,
6756,St. Henry,Ohio,OH,2608,,,,
6757,Hoisington,Kansas,KS,2607,38.52925,-98.79104,785,near
6758,Harriman,New York,NY,2607,41.29968,-74.15581,914 845,near
6759,Guntown,Mississippi,MS,2606,34.42988,-88.70106,662,near
6760,White Salmon,Washington,WA,2605,45.75514,-121.47946,360,near
6761,La Fayette,Alabama,AL,2603,,,,
6762,Trinity,Alabama,AL,2602,34.59177,-87.09127,256,near
6763,Peapack and Gladstone,New Jersey,NJ,2602,,,,
6764,Hampton,South Carolina,SC,2602,32.87288,-81.09733,843,near
6765,Palmhurst,Texas,TX,2602,,,,
6766,Mount Vernon,Texas,TX,2601,33.17020,-95.21811,903,near
6767,Palisade,Colorado,CO,2600,39.10318,-108.36798,970,near
6768,Osceola,Indiana,IN,2600,41.67407,-86.07888,574,near
6769,Round Lake Heights,Illinois,IL,2599,,,,
6770,Wabasha,Minnesota,MN,2598,44.37027,-92.03606,507,near
6771,West Newton,Pennsylvania,PA,2598,40.20755,-79.75798,412 878 724,near
6772,Maynardville,Tennessee,TN,2598,36.23427,-83.84026,865,near
6773,New Madrid,Missouri,MO,2597,36.60728,-89.53664,573,near
6774,West,Texas,TX,2597,31.77538,-97.12584,254,near
6775,Sumner,Illinois,IL,2596,38.73408,-87.78073,217,near
6776,Burlington,Kansas,KS,2596,38.20160,-95.74116,620,near
6777,Brooklyn,Indiana,IN,2595,39.53917,-86.36917,317,near
6778,Eldora,Iowa,IA,2595,42.35716,-93.10370,641,near
6779,Pelican Rapids,Minnesota,MN,2594,46.59944,-96.06623,218,near
6780,McLeansboro,Illinois,IL,2593,,,,
6781,Yorkville,New York,NY,2592,43.11158,-75.27557,315,near
6782,Brusly,Louisiana,LA,2591,30.38769,-91.25265,225,near
6783,Greenport,New York,NY,2591,41.10390,-72.36741,631,near
6784,Yardley,Pennsylvania,PA,2591,,,,
6785,Belle Meade,Tennessee,TN,2590,,,,
6786,Hoxie,Arkansas,AR,2589,36.03257,-90.97150,870,near
6787,Rockville,Indiana,IN,2589,39.76815,-87.19779,812,near
6788,Escobares,Texas,TX,2589,,,,
6789,Hayward,Wisconsin,WI,2587,46.00140,-91.39766,715,near
6790,Paynesville,Minnesota,MN,2586,45.39880,-94.71571,320,near
6791,Rhinebeck,New York,NY,2586,41.92721,-73.88875,845,near
6792,New Lisbon,Wisconsin,WI,2586,43.88775,-90.15241,715,near
6793,Dupont,Pennsylvania,PA,2585,,,,
6794,White Pine,Tennessee,TN,2584,36.09030,-83.28792,423,near
6795,Derry,Pennsylvania,PA,2583,40.33493,-79.33258,814,near
6796,Bellevue,Idaho,ID,2582,43.43969,-114.24980,208,near
6797,Swepsonville,North Carolina,NC,2582,36.02111,-79.36167,336 743,near
6798,Vergennes,Vermont,VT,2582,44.13257,-73.27929,802,near
6799,Lithonia,Georgia,GA,2581,33.68231,-84.16100,678 770 404,near
6800,Arcadia,Louisiana,LA,2579,32.55564,-92.92453,318,near
6801,Center Point,Iowa,IA,2578,42.18984,-91.77576,319,near
6802,Palmer Lake,Colorado,CO,2575,39.12050,-104.91479,303,near
6803,Buckeye Lake,Ohio,OH,2575,39.93361,-82.47250,220 740,near
6804,Richwood,Ohio,OH,2575,40.43698,-83.31364,220 740,near
6805,Horseshoe Bend,Arkansas,AR,2574,36.20250,-91.75533,870,near
6806,Silver Creek,New York,NY,2574,42.53567,-79.16281,716,near
6807,Gervais,Oregon,OR,2571,45.10865,-122.89619,503 971,near
6808,Carrabelle,Florida,FL,2570,29.86921,-84.63585,850,near
6809,La Pine,Oregon,OR,2566,43.70913,-121.51945,,
6810,Pacolet,South Carolina,SC,2566,34.90171,-81.75870,864,near
6811,Lake Arthur,Louisiana,LA,2564,30.09097,-92.68253,337,near
6812,Homer,Louisiana,LA,2563,32.77488,-93.02883,318,near
6813,Bethlehem,West Virginia,WV,2563,,,,
6814,Lake Placid,Florida,FL,2561,27.29447,-81.36492,941,near
6815,Mosheim,Tennessee,TN,2560,36.18388,-82.96740,423,near
6816,Mineral Point,Wisconsin,WI,2560,42.85470,-90.16456,608,near
6817,Clayton,New Mexico,NM,2559,36.44138,-103.18882,,
6818,Sterlington,Louisiana,LA,2557,32.59327,-92.12134,318,near
6819,Clarkson Valley,Missouri,MO,2557,,,,
6820,Blasdell,New York,NY,2557,,,,
6821,Newaygo,Michigan,MI,2556,43.41980,-85.75938,231,near
6822,Reidsville,Georgia,GA,2555,32.05476,-82.14781,912,near
6823,Village of Grosse Pointe Shores,Michigan,MI,2555,,,,
6824,Avoca,Pennsylvania,PA,2554,,,,
6825,Indian Springs Village,Alabama,AL,2551,,,,
6826,Dousman,Wisconsin,WI,2551,42.98506,-88.45675,262,near
6827,Potosi,Missouri,MO,2549,37.95494,-90.84147,636,near
6828,Weatherly,Pennsylvania,PA,2549,40.94109,-75.83064,272 570,near
6829,Star Valley,Arizona,AZ,2547,,,,
6830,Piermont,New York,NY,2547,41.03955,-73.91919,914 845 347 718 917 929,near
6831,Millersburg,Pennsylvania,PA,2546,40.55874,-76.93048,717,near
6832,Belvidere,New Jersey,NJ,2545,40.83082,-75.05026,862,near
6833,Anson,Texas,TX,2544,32.74889,-99.89530,325,near
6834,Claxton,Georgia,GA,2543,32.16501,-81.90803,912,near
6835,Beverly,New Jersey,NJ,2543,40.05645,-74.91136,609 856,near
6836,Jesup,Iowa,IA,2541,42.48233,-92.04563,319,near
6837,East Newark,New Jersey,NJ,2539,,,,
6838,Lennox,South Dakota,SD,2539,43.34507,-96.88206,605,near
6839,Brinkley,Arkansas,AR,2538,34.87812,-91.18860,501,near
6840,Anchorage,Kentucky,KY,2538,,,,
6841,Cheswold,Delaware,DE,2537,39.21917,-75.58611,302,near
6842,Thunderbolt,Georgia,GA,2536,,,,
6843,Davis Junction,Illinois,IL,2534,42.09792,-89.08384,779 815,near
6844,Delhi,Louisiana,LA,2534,32.45043,-91.51249,318,near
6845,Mayer,Minnesota,MN,2534,44.90223,-93.88593,952,near
6846,Coopersburg,Pennsylvania,PA,2534,40.50755,-75.38878,484 610,near
6847,Daingerfield,Texas,TX,2534,33.03126,-94.73590,903,near
6848,Bald Knob,Arkansas,AR,2533,35.31133,-91.55020,501,near
6849,Tilton,Illinois,IL,2533,40.09641,-87.64405,217,near
6850,Crisfield,Maryland,MD,2531,37.98450,-75.84288,410,near
6851,Reed City,Michigan,MI,2531,43.88681,-85.51303,989,near
6852,Skaneateles,New York,NY,2530,42.92575,-76.40517,315,near
6853,Andrews,South Carolina,SC,2530,33.45253,-79.56044,843,near
6854,Lavaca,Arkansas,AR,2528,35.33751,-94.16564,479,near
6855,Le Center,Minnesota,MN,2528,44.38535,-93.72143,507,near
6856,Drumright,Oklahoma,OK,2527,35.99314,-96.51979,405,near
6857,Osseo,Minnesota,MN,2526,45.09940,-93.48780,763 612 952 218 651,near
6858,Stonewall,Louisiana,LA,2525,32.28476,-93.80028,318,near
6859,Penndel,Pennsylvania,PA,2525,,,,
6860,Lawson,Missouri,MO,2523,39.44013,-94.19659,816,near
6861,Wolf Point,Montana,MT,2522,48.11188,-105.62932,,
6862,Seaside Heights,New Jersey,NJ,2522,39.94664,-74.07648,732 848,near
6863,Pageland,South Carolina,SC,2522,34.77219,-80.39661,803,near
6864,Spring Grove,Pennsylvania,PA,2521,39.85721,-76.87736,717,near
6865,Panorama Village,Texas,TX,2521,,,,
6866,Norwood,North Carolina,NC,2520,35.22749,-80.14326,704,near
6867,Chesterfield,Indiana,IN,2519,,,,
6868,Lisbon,Ohio,OH,2519,40.75915,-80.75867,234,near
6869,Calvert City,Kentucky,KY,2517,37.01474,-88.38111,270 364,near
6870,Red Hill,Pennsylvania,PA,2517,40.37581,-75.48461,484 610,near
6871,Lapel,Indiana,IN,2516,40.08543,-85.84395,765 317,near
6872,Pagedale,Missouri,MO,2516,,,,
6873,Winlock,Washington,WA,2515,46.49401,-122.91581,360,near
6874,Belgium,Wisconsin,WI,2515,43.49947,-87.85091,262,near
6875,Grifton,North Carolina,NC,2514,35.37568,-77.41930,252,near
6876,Sumiton,Alabama,AL,2511,33.76801,-87.04454,205,near
6877,Morgantown,Kentucky,KY,2510,37.19102,-86.70373,270,near
6878,Spring Lake,Michigan,MI,2510,43.08874,-86.19151,231,near
6879,Louisa,Kentucky,KY,2509,38.09433,-82.61760,606,near
6880,Silver Lake,Ohio,OH,2509,,,,
6881,East Dublin,Georgia,GA,2507,32.54750,-82.86833,478,near
6882,Tahoka,Texas,TX,2507,33.19880,-101.82198,806,near
6883,South Hutchinson,Kansas,KS,2506,38.00731,-97.90814,620,near
6884,Rainier,Washington,WA,2506,46.88294,-122.67947,360,near
6885,North Pole,Alaska,AK,2505,64.78049,-147.36935,907,near
6886,Helmetta,New Jersey,NJ,2504,40.37774,-74.42039,732 848 908,near
6887,Brewster,New York,NY,2504,41.40970,-73.59918,914,near
6888,Winneconne,Wisconsin,WI,2504,44.11870,-88.72138,920,near
6889,Floydada,Texas,TX,2503,33.97430,-101.33456,806,near
6890,Clinton,Arkansas,AR,2501,35.60454,-92.47583,501,near
6891,Spencer,Indiana,IN,2500,39.28907,-86.77894,812,near
6892,Dalton Gardens,Idaho,ID,2498,,,,
6893,Gunter,Texas,TX,2498,33.44951,-96.73410,903,near
6894,Lewiston,New York,NY,2497,43.17216,-79.02155,716,near
6895,Ashland,Pennsylvania,PA,2496,40.77323,-76.34297,272,near
6896,Allendale,South Carolina,SC,2496,33.00768,-81.32025,803,near
6897,Country Club,Missouri,MO,2495,,,,
6898,Pantego,Texas,TX,2495,,,,
6899,Avilla,Indiana,IN,2494,41.36894,-85.24142,260,near
6900,Merkel,Texas,TX,2494,32.44437,-99.99244,325,near
6901,Spooner,Wisconsin,WI,2494,45.85047,-91.91555,715,near
6902,Village of Four Seasons,Missouri,MO,2493,,,,
6903,Junction,Texas,TX,2492,30.47544,-99.74731,830,near
6904,Naples,Utah,UT,2492,,,,
6905,Millville,Utah,UT,2490,41.68167,-111.82222,435,near
6906,Okanogan,Washington,WA,2489,48.35133,-119.60456,509,near
6907,Curwensville,Pennsylvania,PA,2488,40.96597,-78.52725,814,near
6908,St. Maries,Idaho,ID,2487,,,,
6909,Hardinsburg,Kentucky,KY,2487,37.77255,-86.41686,270,near
6910,Lineville,Alabama,AL,2486,33.32861,-85.73461,256,near
6911,Telluride,Colorado,CO,2486,37.94003,-107.82137,,
6912,Casselton,North Dakota,ND,2486,46.89919,-97.21382,701,near
6913,Gibsonburg,Ohio,OH,2486,41.38047,-83.33576,419,near
6914,Mountain City,Tennessee,TN,2486,36.46572,-81.81400,423,near
6915,Marquette Heights,Illinois,IL,2485,,,,
6916,Clinton,Michigan,MI,2485,42.06389,-83.94415,517 586,exact
6917,Lake Crystal,Minnesota,MN,2485,44.12019,-94.21838,507,near
6918,Cass City,Michigan,MI,2484,43.57968,-83.17326,989,near
6919,Colwyn,Pennsylvania,PA,2483,,,,
6920,Salado,Texas,TX,2483,30.94939,-97.53300,254,near
6921,Whitehall,New York,NY,2482,43.55310,-73.38641,518,near
6922,Reynoldsville,Pennsylvania,PA,2482,41.06294,-78.89615,814,near
6923,Darlington,Wisconsin,WI,2482,42.68782,-90.11065,608,near
6924,Washington Park,Illinois,IL,2481,,,,
6925,Garrettsville,Ohio,OH,2481,41.29880,-81.07036,234 330,near
6926,Decherd,Tennessee,TN,2479,35.23260,-86.05886,615,near
6927,Mayodan,North Carolina,NC,2478,36.42768,-79.95674,336,near
6928,Gold Bar,Washington,WA,2478,47.85694,-121.69583,425,near
6929,Sabetha,Kansas,KS,2476,39.89929,-95.81127,785,near
6930,Roberts,Wisconsin,WI,2476,44.98736,-92.55977,715,near
6931,Clio,Michigan,MI,2475,43.17789,-83.72495,810,near
6932,Gowanda,New York,NY,2474,42.47120,-78.93390,716,near
6933,Jay,Oklahoma,OK,2474,36.43634,-94.77631,539,near
6934,McAdoo,Pennsylvania,PA,2474,40.89791,-75.99712,272 570,near
6935,Bells,Tennessee,TN,2474,35.71976,-89.07286,731,near
6936,Hooks,Texas,TX,2474,33.47754,-94.26919,903,near
6937,Trinity,Texas,TX,2474,30.94195,-95.34029,936,near
6938,Girard,Kansas,KS,2473,37.50913,-94.85691,,
6939,St. Leo,Florida,FL,2472,,,,
6940,Milan,New Mexico,NM,2472,35.16972,-107.89028,505,near
6941,Windy Hills,Kentucky,KY,2471,,,,
6942,Rockville,Minnesota,MN,2471,45.47194,-94.34056,320,near
6943,Dayton,Washington,WA,2471,46.30746,-117.97379,509,near
6944,Many,Louisiana,LA,2470,31.58508,-93.46411,318,near
6945,Myrtle Point,Oregon,OR,2470,43.06669,-124.12133,458,near
6946,Marcus Hook,Pennsylvania,PA,2467,39.83393,-75.44831,484 610,near
6947,Shenandoah,Virginia,VA,2467,38.50103,-78.60898,540,near
6948,Sandstone,Minnesota,MN,2466,46.12136,-92.87100,218,near
6949,Spirit Lake,Idaho,ID,2465,47.96565,-116.86805,208,near
6950,Hartford,Michigan,MI,2465,42.20881,-86.16870,269,near
6951,Sabina,Ohio,OH,2465,39.49002,-83.65025,937,near
6952,Eddystone,Pennsylvania,PA,2465,,,,
6953,Janesville,Minnesota,MN,2462,44.11678,-93.70946,507,near
6954,Pequot Lakes,Minnesota,MN,2462,46.62569,-94.26843,320,near
6955,West Lafayette,Ohio,OH,2462,40.27183,-81.73610,220,near
6956,Apalachicola,Florida,FL,2461,29.72546,-85.00626,850,near
6957,Hull,Iowa,IA,2459,43.19520,-96.13925,712,near
6958,Mount Vernon,Kentucky,KY,2458,37.33661,-84.35488,859,near
6959,Bowling Green,Florida,FL,2456,27.62774,-81.84506,863,near
6960,Brookwood,Alabama,AL,2453,33.27752,-87.30903,205,near
6961,Dermott,Arkansas,AR,2453,33.52405,-91.43939,870,near
6962,Chamberlain,South Dakota,SD,2453,43.79530,-99.31182,605,near
6963,Arcola,Texas,TX,2453,,,,
6964,Villa Grove,Illinois,IL,2450,39.86872,-88.16164,217,near
6965,Matamoras,Pennsylvania,PA,2449,41.36744,-74.71536,272,near
6966,Enon,Ohio,OH,2448,39.86628,-83.93846,937,near
6967,Macon,Mississippi,MS,2446,33.10267,-88.57809,662,near
6968,Richlands,North Carolina,NC,2446,34.86243,-77.58630,910,near
6969,Spring Valley,Minnesota,MN,2445,43.68229,-92.36799,507,near
6970,Castle Rock,Washington,WA,2445,46.27829,-122.91390,360,near
6971,Chiefland,Florida,FL,2444,29.48324,-82.88090,352,near
6972,Victor,Idaho,ID,2442,43.61483,-111.12593,208,near
6973,Attica,New York,NY,2442,42.84992,-78.27983,716,near
6974,Kellogg,Idaho,ID,2441,47.54307,-116.12528,208,near
6975,St. Paul,Nebraska,NE,2441,,,,
6976,Westminster,South Carolina,SC,2439,34.65886,-83.11078,864,near
6977,Kenilworth,Illinois,IL,2437,42.08844,-87.71646,224 847 708 331 630,near
6978,West Union,Iowa,IA,2435,42.97323,-91.80360,319,near
6979,Coaldale,Pennsylvania,PA,2435,40.82194,-75.91039,272 570,near
6980,Aviston,Illinois,IL,2434,38.60667,-89.60750,618,near
6981,El Cenizo,Texas,TX,2433,,,,
6982,Cedaredge,Colorado,CO,2432,38.91188,-107.92679,970,near
6983,Sisseton,South Dakota,SD,2432,45.66441,-97.02322,605,near
6984,Carthage,Illinois,IL,2431,40.41294,-91.10052,217,near
6985,University Park,Maryland,MD,2431,,,,
6986,Madelia,Minnesota,MN,2430,44.04995,-94.41099,507,near
6987,Vernonia,Oregon,OR,2428,45.85730,-123.19666,503,near
6988,Winfield,West Virginia,WV,2428,38.50718,-81.88997,304 681,near
6989,England,Arkansas,AR,2427,34.55746,-91.94842,870,near
6990,Emsworth,Pennsylvania,PA,2426,,,,
6991,Quartzsite,Arizona,AZ,2425,33.56750,-114.27310,928,near
6992,Montague,Michigan,MI,2425,43.42416,-86.37399,231,near
6993,Poland,Ohio,OH,2423,,,,
6994,Abbotsford,Wisconsin,WI,2423,44.96406,-90.29944,715,near
6995,Holiday Island,Arkansas,AR,2422,,,,
6996,Rugby,North Dakota,ND,2422,48.31726,-99.99895,701,near
6997,Granville,New York,NY,2420,43.37756,-73.29783,518,near
6998,Sonora,Texas,TX,2420,30.55575,-100.63067,325,near
6999,Postville,Iowa,IA,2418,43.00362,-91.54781,319,near
7000,Lakeview,Oregon,OR,2418,42.18544,-120.37753,,
7001,Nanty-Glo,Pennsylvania,PA,2417,,,,
7002,Okolona,Mississippi,MS,2416,33.98902,-88.75984,662,near
7003,Marengo,Iowa,IA,2415,41.78629,-92.07205,319,near
7004,Prague,Oklahoma,OK,2414,35.51048,-96.70088,405,near
7005,Turner,Oregon,OR,2414,44.84761,-122.95012,503 971,near
7006,Westby,Wisconsin,WI,2414,43.66312,-90.87403,608,near
7007,Cordova,Alaska,AK,2413,60.10256,-147.94332,,
7008,Sheridan,Illinois,IL,2413,41.51643,-88.67063,331,near
7009,Crosslake,Minnesota,MN,2412,46.67864,-94.11426,,
7010,Glenrock,Wyoming,WY,2412,42.86749,-105.85791,307,near
7011,Wrightsville Beach,North Carolina,NC,2411,34.21223,-77.79817,910,near
7012,Hebron,Ohio,OH,2406,39.95346,-82.49187,220 740,near
7013,Nekoosa,Wisconsin,WI,2406,44.28198,-89.88139,715,near
7014,Greentown,Indiana,IN,2405,40.47910,-85.95820,765,near
7015,Belmond,Iowa,IA,2405,42.85114,-93.62001,641,near
7016,Muncy,Pennsylvania,PA,2405,41.21372,-76.76326,272 570,near
7017,Verona,Pennsylvania,PA,2403,40.49273,-79.83454,412 878 724,near
7018,Ashville,Alabama,AL,2402,33.83737,-86.25517,256,near
7019,Wells,Minnesota,MN,2401,43.74340,-93.73207,507,near
7020,Crooksville,Ohio,OH,2401,39.76232,-82.08402,220 740,near
7021,Premont,Texas,TX,2401,27.35444,-98.13302,361,near
7022,Chesaning,Michigan,MI,2400,43.18239,-84.11216,989,near
7023,Enterprise,Utah,UT,2400,37.57361,-113.71833,435,near
7024,New Haven,Missouri,MO,2399,38.57399,-91.22905,636,near
7025,Ashford,Alabama,AL,2397,31.18880,-85.25349,334,near
7026,Galva,Illinois,IL,2396,41.16563,-90.04809,309,near
7027,Cascade,Iowa,IA,2396,42.28696,-91.01439,563,near
7028,Sugar City,Idaho,ID,2395,43.86685,-111.79004,208,near
7029,Conrad,Montana,MT,2395,48.17835,-111.93967,406,near
7030,Cave City,Kentucky,KY,2394,37.11696,-85.94428,270,near
7031,Woodmont,Connecticut,CT,2392,,,,
7032,South Congaree,South Carolina,SC,2392,,,,
7033,Morrisville,Vermont,VT,2392,44.55434,-72.60263,802,near
7034,Haw River,North Carolina,NC,2391,36.05508,-79.33456,336 743,near
7035,Meeker,Colorado,CO,2390,40.03873,-107.89250,,
7036,Rockwell,North Carolina,NC,2390,35.54944,-80.42257,704 980,near
7037,Nixon,Texas,TX,2389,29.30165,-97.75290,830,near
7038,Kechi,Kansas,KS,2388,37.79583,-97.27917,316,near
7039,Paden City,West Virginia,WV,2388,39.60441,-80.92648,304,near
7040,Briarcliff,Texas,TX,2387,,,,
7041,Hedwig Village,Texas,TX,2386,,,,
7042,Fowler,Indiana,IN,2385,40.62551,-87.30902,765,near
7043,Hamburg,Arkansas,AR,2384,33.20580,-91.80227,870,near
7044,Dannemora,New York,NY,2384,44.72139,-73.72417,,
7045,Walters,Oklahoma,OK,2384,34.36053,-98.31398,580,near
7046,Goshen,Arkansas,AR,2383,36.10752,-93.98726,479,near
7047,Swanton,Vermont,VT,2382,44.91675,-73.12112,802,near
7048,Portage,Pennsylvania,PA,2381,40.38420,-78.67175,814,near
7049,Volga,South Dakota,SD,2380,44.32235,-96.92515,605,near
7050,Tazewell,Tennessee,TN,2380,36.47101,-83.55522,423,near
7051,Tool,Texas,TX,2380,,,,
7052,Kemmerer,Wyoming,WY,2378,41.78866,-110.52834,,
7053,De Leon,Texas,TX,2377,32.10874,-98.54894,682,near
7054,St. Hedwig,Texas,TX,2377,,,,
7055,Casey,Illinois,IL,2376,39.30172,-87.99131,217,near
7056,Mohawk,New York,NY,2376,42.98999,-74.98530,315,near
7057,Healdton,Oklahoma,OK,2376,34.22902,-97.48890,580,near
7058,Youngsville,North Carolina,NC,2375,36.00778,-78.44120,919,near
7059,Seville,Ohio,OH,2375,41.02273,-81.85620,234 330,near
7060,Neillsville,Wisconsin,WI,2375,44.54943,-90.61120,715,near
7061,Park Falls,Wisconsin,WI,2375,45.93635,-90.42465,,
7062,Carrollton,Illinois,IL,2374,39.30094,-90.40921,618,near
7063,New London,Ohio,OH,2374,41.09058,-82.39659,419,near
7064,Toledo,Iowa,IA,2372,42.00770,-92.56621,641,near
7065,Flandreau,South Dakota,SD,2372,44.06578,-96.62218,605,near
7066,Lincoln,Arkansas,AR,2371,35.95693,-94.42724,479,near
7067,Ely,Iowa,IA,2371,41.89428,-91.57377,319,near
7068,Kimberling City,Missouri,MO,2371,36.63928,-93.43721,417,near
7069,Wautoma,Wisconsin,WI,2371,44.06558,-89.26655,715,near
7070,Abbeville,Alabama,AL,2370,31.57548,-85.27904,334,near
7071,Copper Canyon,Texas,TX,2369,,,,
7072,Roman Forest,Texas,TX,2367,,,,
7073,Midland,Pennsylvania,PA,2366,40.65896,-80.46895,724,near
7074,Santa Rosa,Texas,TX,2366,26.25551,-97.82566,956,near
7075,Lovell,Wyoming,WY,2366,44.83364,-108.41411,,
7076,Wray,Colorado,CO,2363,40.10492,-102.23375,,
7077,Las Animas,Colorado,CO,2361,38.06551,-103.20849,,
7078,Hudson,Michigan,MI,2361,41.85810,-84.33803,517,near
7079,Virginia Gardens,Florida,FL,2358,,,,
7080,Midway,Georgia,GA,2358,31.80180,-81.39090,912,near
7081,Concordia,Missouri,MO,2358,38.97755,-93.58120,660,near
7082,Homerville,Georgia,GA,2357,31.04499,-82.74310,229,near
7083,Alpha,New Jersey,NJ,2357,,,,
7084,West Fork,Arkansas,AR,2356,35.90815,-94.23037,479,near
7085,Eatonville,Florida,FL,2356,,,,
7086,West Branch,Michigan,MI,2355,44.27903,-84.22862,989,near
7087,Willard,Utah,UT,2355,41.39894,-112.03165,385 801,near
7088,Mayflower,Arkansas,AR,2354,34.96685,-92.40010,501,near
7089,New Ellenton,South Carolina,SC,2354,33.41724,-81.68738,803,near
7090,Freer,Texas,TX,2352,27.87998,-98.60613,361,near
7091,Winamac,Indiana,IN,2351,41.05624,-86.63070,219,near
7092,Lockport,Louisiana,LA,2351,29.60349,-90.49061,985,near
7093,Terrace Park,Ohio,OH,2350,39.16016,-84.30976,513,near
7094,Pine Level,North Carolina,NC,2347,35.51306,-78.24472,919,near
7095,Byesville,Ohio,OH,2347,39.96234,-81.54848,220,near
7096,Woodville,Texas,TX,2347,30.77513,-94.42549,936,near
7097,Englishtown,New Jersey,NJ,2343,40.30627,-74.33061,732 848,near
7098,Ranger,Texas,TX,2343,32.46809,-98.67466,325,near
7099,The Hills,Texas,TX,2342,,,,
7100,Lauderdale,Minnesota,MN,2341,,,,
7101,Westport,Washington,WA,2341,46.88362,-124.10605,360,near
7102,New Concord,Ohio,OH,2340,40.00880,-81.73873,220 740,near
7103,Pinckney,Michigan,MI,2339,42.45958,-83.90992,734,near
7104,Gambier,Ohio,OH,2338,40.37824,-82.38275,220,near
7105,Taylor,Alabama,AL,2337,,,,
7106,Warsaw,Missouri,MO,2337,38.25019,-93.33728,660,near
7107,Rogue River,Oregon,OR,2337,42.48889,-123.15873,458 541,near
7108,Belle Plaine,Iowa,IA,2335,41.89916,-92.25738,319,near
7109,Bentleyville,Pennsylvania,PA,2335,40.11870,-80.00699,412 878,near
7110,Parkside,Pennsylvania,PA,2335,,,,
7111,Gaylord,Minnesota,MN,2334,44.54630,-94.19554,507,near
7112,Riverview,Missouri,MO,2334,,,,
7113,Jonesville,North Carolina,NC,2334,36.22857,-80.78703,704,near
7114,Alamo,Tennessee,TN,2334,35.80170,-89.17646,731,near
7115,Arcanum,Ohio,OH,2333,39.98837,-84.53702,937,near
7116,Cambridge Springs,Pennsylvania,PA,2333,41.79461,-80.02800,814,near
7117,Driggs,Idaho,ID,2332,43.72629,-111.11990,208,near
7118,Eddyville,Kentucky,KY,2332,37.06638,-88.04939,270,near
7119,Charlevoix,Michigan,MI,2332,45.29934,-85.24530,,
7120,Duquesne,Missouri,MO,2332,,,,
7121,St. Ignace,Michigan,MI,2331,,,,
7122,Elkton,Kentucky,KY,2330,36.90940,-87.16783,270,near
7123,Junction City,Kentucky,KY,2329,37.58216,-84.80278,859,near
7124,Crosby,Minnesota,MN,2328,46.50908,-93.98745,320,near
7125,Wenonah,New Jersey,NJ,2328,39.79928,-75.15364,856,near
7126,Dyer,Tennessee,TN,2328,36.07158,-89.01923,731,near
7127,Malad City,Idaho,ID,2326,42.18078,-112.26205,208,near
7128,Pine Ridge,South Carolina,SC,2326,,,,
7129,Georgetown-Quitman County,Georgia,GA,2323,,,,
7130,Henagar,Alabama,AL,2322,34.61860,-85.72738,256,near
7131,Monrovia,Indiana,IN,2322,39.57140,-86.48937,317,near
7132,Bronson,Michigan,MI,2322,41.86432,-85.18377,269,near
7133,Bellevue,Iowa,IA,2321,42.25825,-90.43560,563,near
7134,Laurel Park,North Carolina,NC,2319,,,,
7135,Johnsonburg,Pennsylvania,PA,2318,41.49282,-78.67826,814,near
7136,Coats,North Carolina,NC,2317,35.40822,-78.66270,919,near
7137,Blue Mound,Texas,TX,2317,,,,
7138,Seneca,Missouri,MO,2316,36.84417,-94.55937,417,near
7139,Sugarcreek,Ohio,OH,2316,40.51479,-81.66036,234,near
7140,Webster County,Georgia,GA,2315,,,,
7141,Panhandle,Texas,TX,2315,35.38084,-101.43037,806,near
7142,Arlington,Minnesota,MN,2314,44.61528,-94.07619,952,near
7143,New Stanton,Pennsylvania,PA,2311,40.22335,-79.61819,412,near
7144,Waynesboro,Tennessee,TN,2311,35.32202,-87.73950,931,near
7145,Rio Hondo,Texas,TX,2311,26.23385,-97.55131,956,near
7146,Oxford,Georgia,GA,2310,33.61889,-83.86750,678,near
7147,Seneca,Illinois,IL,2310,41.31525,-88.61001,779,near
7148,Ogdensburg,New Jersey,NJ,2310,41.07671,-74.59819,862 973,near
7149,Coudersport,Pennsylvania,PA,2310,41.78153,-78.00386,272,near
7150,St. Croix Falls,Wisconsin,WI,2310,,,,
7151,Sterling,Kansas,KS,2309,38.21262,-98.20547,620,near
7152,Holden,Missouri,MO,2309,38.71860,-93.98557,816,near
7153,Olivia,Minnesota,MN,2306,44.77063,-94.97275,507,near
7154,Midland City,Alabama,AL,2305,31.36716,-85.51303,334,near
7155,Granby,Colorado,CO,2305,40.01283,-105.88992,303,near
7156,Colfax,Iowa,IA,2305,41.67878,-93.25882,515,near
7157,Overton,Texas,TX,2305,32.26904,-94.95291,903,near
7158,Riverside,Alabama,AL,2304,33.60883,-86.19834,256,near
7159,Vance,Alabama,AL,2303,33.17498,-87.25736,205,near
7160,La Salle,Colorado,CO,2303,40.32114,-104.72678,970,near
7161,Carleton,Michigan,MI,2302,42.05294,-83.37550,734 313,near
7162,Lake Placid,New York,NY,2302,44.27499,-73.98635,,
7163,Clinton,Wisconsin,WI,2302,42.55348,-88.87048,608,near
7164,Cumberland,Wisconsin,WI,2302,45.54030,-92.02971,715,near
7165,Raceland,Kentucky,KY,2301,,,,
7166,Thornton,Illinois,IL,2300,41.57273,-87.60782,708,near
7167,Dalworthington Gardens,Texas,TX,2299,,,,
7168,Henry,Illinois,IL,2298,41.11154,-89.37433,309,near
7169,Ross,California,CA,2297,37.96250,-122.55389,415 628 510,near
7170,Bloomfield,Indiana,IN,2297,39.02954,-86.86755,812,near
7171,Roaring Spring,Pennsylvania,PA,2297,40.32775,-78.39284,814,near
7172,Holyoke,Colorado,CO,2296,40.58254,-102.28254,,
7173,Excelsior,Minnesota,MN,2296,44.90070,-93.57913,952 763 612,near
7174,Geistown,Pennsylvania,PA,2296,,,,
7175,Farmington,Illinois,IL,2295,40.69026,-90.01343,309,near
7176,Taylorsville,North Carolina,NC,2294,35.90105,-81.21243,828,near
7177,Nicoma Park,Oklahoma,OK,2294,35.49111,-97.32278,405,near
7178,Frankfort,New York,NY,2292,43.04404,-75.10716,315,near
7179,Odem,Texas,TX,2292,27.94031,-97.58375,361,near
7180,Albany,Indiana,IN,2291,40.29205,-85.25799,765,near
7181,Schofield,Wisconsin,WI,2291,44.90641,-89.58179,715,near
7182,Rangely,Colorado,CO,2289,40.08284,-108.79915,970,near
7183,Varnell,Georgia,GA,2289,34.90111,-84.97389,706 762,near
7184,Croswell,Michigan,MI,2289,43.26225,-82.63372,810,near
7185,Cape Carteret,North Carolina,NC,2288,,,,
7186,Hazen,North Dakota,ND,2288,47.32714,-101.61070,701,near
7187,Irvine,Kentucky,KY,2287,37.70505,-83.99617,859,near
7188,Wayne,Illinois,IL,2285,41.95083,-88.24222,224 847 331 630 312 773,near
7189,Belleair Bluffs,Florida,FL,2284,,,,
7190,Hickman,Kentucky,KY,2282,36.55927,-89.19467,270,near
7191,Glendale,Ohio,OH,2282,,,,
7192,Winters,Texas,TX,2281,31.96203,-99.95511,325,near
7193,Fredonia,Wisconsin,WI,2281,43.48432,-87.98224,262,near
7194,Wilburton,Oklahoma,OK,2280,34.91280,-95.33890,539,near
7195,Willamina,Oregon,OR,2280,45.08261,-123.50471,503,near
7196,Wellsburg,West Virginia,WV,2280,40.25479,-80.59606,304 681,near
7197,Afton,Wyoming,WY,2280,42.71283,-110.94198,,
7198,Ruleville,Mississippi,MS,2279,33.72405,-90.55266,662,near
7199,Carnation,Washington,WA,2279,47.63801,-121.91110,425 206,near
7200,Morris,Alabama,AL,2278,33.73917,-86.77255,205,near
7201,York,Alabama,AL,2278,32.47277,-88.26830,205,near
7202,Delmar,Delaware,DE,2278,38.47695,-75.57589,302,near
7203,Dublin,Pennsylvania,PA,2278,40.37200,-75.20445,484,near
7204,Murfreesboro,North Carolina,NC,2277,36.43192,-77.10270,252,near
7205,Petersburg,West Virginia,WV,2277,38.97660,-79.13070,304,near
7206,New Glarus,Wisconsin,WI,2277,42.81434,-89.64367,608,near
7207,New Miami,Ohio,OH,2276,,,,
7208,Cle Elum,Washington,WA,2276,47.20632,-120.96850,509,near
7209,Lathrop,Missouri,MO,2275,39.51773,-94.30927,816,near
7210,Hawley,Minnesota,MN,2274,46.88419,-96.31115,218,near
7211,Kohler,Wisconsin,WI,2274,43.73810,-87.78673,920,near
7212,Hayti,Missouri,MO,2273,36.23947,-89.75161,,
7213,Carlton,Oregon,OR,2273,45.28593,-123.15235,503 971,near
7214,Gold Beach,Oregon,OR,2272,42.43482,-124.39607,458,near
7215,Newtown,Pennsylvania,PA,2272,40.24582,-74.94313,215 267,near
7216,Kiefer,Oklahoma,OK,2271,35.94472,-96.06500,539 918,near
7217,Middletown,Indiana,IN,2270,40.04749,-85.53678,765,near
7218,Horse Cave,Kentucky,KY,2270,37.18494,-85.87855,270,near
7219,Pulaski,New York,NY,2270,43.55617,-76.12523,315,near
7220,Oakboro,North Carolina,NC,2270,35.24600,-80.34127,704,near
7221,Blountstown,Florida,FL,2269,30.43940,-85.06202,850,near
7222,Arthur,Illinois,IL,2269,39.70768,-88.45551,217,near
7223,Oakland City,Indiana,IN,2269,38.33605,-87.35191,812,near
7224,Petersburg,Indiana,IN,2269,38.47893,-87.28829,812,near
7225,Wrightsville,Pennsylvania,PA,2269,39.99656,-76.52697,717,near
7226,Fulton,Kentucky,KY,2268,36.52868,-88.88922,270,near
7227,Commerce,Oklahoma,OK,2268,36.93306,-94.87298,539,near
7228,North York,Pennsylvania,PA,2268,,,,
7229,Bridgeport,Alabama,AL,2267,34.94464,-85.72768,256,near
7230,Trenton,Florida,FL,2267,29.62637,-82.80934,352,near
7231,La Porte City,Iowa,IA,2267,42.34162,-92.18615,319,near
7232,Astatula,Florida,FL,2266,28.70875,-81.71947,321 407,near
7233,Carthage,Tennessee,TN,2266,36.25562,-85.96969,615,near
7234,Kinsey,Alabama,AL,2265,,,,
7235,Liberty,Pennsylvania,PA,2265,41.56557,-77.11951,272,near
7236,Gibbsboro,New Jersey,NJ,2264,39.83653,-74.97100,856 609,near
7237,East Bernard,Texas,TX,2264,29.47046,-96.12112,281,near
7238,Waldport,Oregon,OR,2262,44.40850,-124.03505,458,near
7239,Bridgeport,Washington,WA,2261,48.01608,-119.70277,509,near
7240,Seagraves,Texas,TX,2260,32.93172,-102.57807,806,near
7241,Tullytown,Pennsylvania,PA,2258,,,,
7242,Shinnston,West Virginia,WV,2258,39.38881,-80.28340,304,near
7243,Pardeeville,Wisconsin,WI,2258,43.53397,-89.32651,608,near
7244,Liverpool,New York,NY,2257,43.10992,-76.18700,315,near
7245,Oyster Bay Cove,New York,NY,2257,,,,
7246,Malakoff,Texas,TX,2257,32.17051,-96.00595,903,near
7247,Plattsburg,Missouri,MO,2256,39.57047,-94.43381,816,near
7248,Kalkaska,Michigan,MI,2255,44.73546,-85.12065,,
7249,Albion,Indiana,IN,2254,41.34822,-85.41418,260,near
7250,Dawson Springs,Kentucky,KY,2254,37.19639,-87.68205,270,near
7251,East Brewton,Alabama,AL,2251,,,,
7252,Gates Mills,Ohio,OH,2250,41.53237,-81.41502,216 440,near
7253,Eureka,Kansas,KS,2249,37.82647,-96.29588,620,near
7254,Electra,Texas,TX,2249,34.03623,-98.91545,940,near
7255,Elwood,Illinois,IL,2248,41.42602,-88.08642,779 815,near
7256,Jacksboro,Tennessee,TN,2248,36.32661,-84.19284,865,near
7257,Crewe,Virginia,VA,2248,37.16568,-78.10587,804,near
7258,Tremont,Illinois,IL,2247,40.50534,-89.48332,309,near
7259,Howard Lake,Minnesota,MN,2247,45.06083,-94.07306,952,near
7260,Brighton,Alabama,AL,2245,,,,
7261,Greensburg,Kentucky,KY,2245,37.24301,-85.52364,270,near
7262,Mount Union,Pennsylvania,PA,2244,40.39011,-77.86370,814,near
7263,Snow Hill,Maryland,MD,2243,38.18679,-75.40499,410,near
7264,East Jordan,Michigan,MI,2243,45.15386,-85.13865,,
7265,Newkirk,Oklahoma,OK,2243,36.88743,-97.05133,580,near
7266,Dora,Alabama,AL,2242,33.73495,-87.04015,205,near
7267,Holcomb,Kansas,KS,2242,37.99310,-100.98932,620,near
7268,Orchard Lake Village,Michigan,MI,2242,,,,
7269,Waverly,Minnesota,MN,2241,45.04127,-93.95454,952,near
7270,Collins,Mississippi,MS,2241,31.67071,-89.54381,601,near
7271,Maysville,Georgia,GA,2240,34.27363,-83.58402,678 770,near
7272,Buchanan,New York,NY,2240,41.25829,-73.94124,914 845,near
7273,Tompkinsville,Kentucky,KY,2239,36.71308,-85.69684,270,near
7274,East Helena,Montana,MT,2239,46.59732,-111.90509,406,near
7275,Bowdon,Georgia,GA,2238,33.53726,-85.25329,678,near
7276,Polo,Illinois,IL,2238,41.98895,-89.59836,779,near
7277,Lisbon,Iowa,IA,2238,41.92117,-91.38614,319,near
7278,Westhampton Beach,New York,NY,2238,40.82278,-72.64476,631,near
7279,Marriott-Slaterville,Utah,UT,2238,,,,
7280,Stevensville,Montana,MT,2236,46.52672,-114.04785,406,near
7281,Newport,Washington,WA,2235,48.16947,-117.15078,425,near
7282,Phillipsburg,Kansas,KS,2233,39.76233,-99.33284,785,near
7283,Cowpens,South Carolina,SC,2230,35.03898,-81.82202,864,near
7284,Falconer,New York,NY,2228,42.12391,-79.18950,716,near
7285,River Heights,Utah,UT,2228,,,,
7286,New Boston,Ohio,OH,2227,,,,
7287,George West,Texas,TX,2227,28.32039,-98.11616,361,near
7288,Houston,Alaska,AK,2226,61.63361,-149.84111,907,near
7289,Brockway,Pennsylvania,PA,2226,41.24056,-78.81157,814,near
7290,Plainview,Tennessee,TN,2226,,,,
7291,Pinehurst,Texas,TX,2226,30.15805,-95.68141,281 346 713 832,near
7292,Haverhill,Florida,FL,2225,,,,
7293,Amboy,Illinois,IL,2224,41.70418,-89.34716,779,near
7294,Louisville,Georgia,GA,2223,33.01634,-82.38362,706,near
7295,Hennessey,Oklahoma,OK,2223,36.08685,-97.89260,580,near
7296,Stewartstown,Pennsylvania,PA,2222,39.77196,-76.59704,717,near
7297,Clearwater,Minnesota,MN,2221,45.38769,-94.04525,320,near
7298,Winsted,Minnesota,MN,2221,44.95846,-94.05517,952,near
7299,Morenci,Michigan,MI,2220,41.73861,-84.21920,517,near
7300,Essex Fells,New Jersey,NJ,2220,40.82792,-74.27971,862 973 908 201 551 732 848,near
7301,Graceville,Florida,FL,2219,30.94260,-85.51362,850,near
7302,Rising Sun,Indiana,IN,2219,38.95667,-84.88068,812,near
7303,Willow Springs,Missouri,MO,2219,36.99581,-91.94055,,
7304,Maple Lake,Minnesota,MN,2214,45.22024,-93.96379,320,near
7305,Pine Beach,New Jersey,NJ,2214,39.93475,-74.16799,732 848,near
7306,Stanley,North Dakota,ND,2214,48.31919,-102.39280,701,near
7307,Johnston,South Carolina,SC,2214,33.82308,-81.79724,803,near
7308,North Prairie,Wisconsin,WI,2214,42.93850,-88.39499,262,near
7309,Fairmont,North Carolina,NC,2212,34.48140,-79.12860,910,near
7310,Milford,Nebraska,NE,2211,40.76315,-97.05763,402,near
7311,Bellport,New York,NY,2211,40.77327,-72.94689,631,near
7312,Neodesha,Kansas,KS,2210,37.42571,-95.67648,620,near
7313,Lake Ozark,Missouri,MO,2210,38.20913,-92.67755,573,near
7314,Townsend,Montana,MT,2209,46.33457,-111.49191,406,near
7315,Lyford,Texas,TX,2209,26.40893,-97.78165,956,near
7316,Mars Hill,North Carolina,NC,2208,35.85283,-82.52535,828,near
7317,Dry Ridge,Kentucky,KY,2207,38.70485,-84.62374,859,near
7318,Rice,Minnesota,MN,2207,45.73638,-94.16575,320,near
7319,Caryville,Tennessee,TN,2207,36.28542,-84.18979,865,near
7320,Falmouth,Kentucky,KY,2206,38.66430,-84.34512,859,near
7321,Watsontown,Pennsylvania,PA,2206,41.10201,-76.85319,272 570,near
7322,Trenton,Georgia,GA,2205,34.90168,-85.51712,706,near
7323,Kimball,Nebraska,NE,2204,41.23208,-103.66024,,
7324,Lordsburg,New Mexico,NM,2203,32.31403,-108.75466,,
7325,Cardington,Ohio,OH,2203,40.50658,-82.93373,220 740,near
7326,Leonard,Texas,TX,2203,33.40436,-96.22377,903,near
7327,Boyd,Texas,TX,2202,33.05937,-97.58680,682,near
7328,New Market,Virginia,VA,2202,38.66056,-78.67143,540,near
7329,Louisa,Virginia,VA,2201,38.01317,-78.03467,434,near
7330,Harrisburg,Arkansas,AR,2200,35.57222,-90.70375,870,near
7331,Altamont,Illinois,IL,2200,39.06345,-88.74809,217,near
7332,Morrow,Ohio,OH,2199,39.34762,-84.11808,513,near
7333,Tappahannock,Virginia,VA,2199,37.91455,-76.91245,804,near
7334,Parma,Idaho,ID,2198,43.78958,-116.94007,208,near
7335,Phoenix,New York,NY,2198,43.24679,-76.30645,315,near
7336,Spiro,Oklahoma,OK,2197,35.24922,-94.62655,539,near
7337,Gassville,Arkansas,AR,2196,36.31753,-92.47364,,
7338,Peosta,Iowa,IA,2195,42.44353,-90.80937,563,near
7339,Kentwood,Louisiana,LA,2195,30.88922,-90.47283,225,near
7340,Bottineau,North Dakota,ND,2194,48.84514,-100.43289,701,near
7341,Weimar,Texas,TX,2194,29.67871,-96.75504,281,near
7342,Clayton,Alabama,AL,2192,31.88741,-85.45093,334,near
7343,Emerson,Georgia,GA,2192,34.11997,-84.75705,678 770,near
7344,Hermann,Missouri,MO,2192,38.66838,-91.46772,573,near
7345,Jal,New Mexico,NM,2192,32.11282,-103.19972,575,near
7346,Rouses Point,New York,NY,2192,44.98841,-73.36908,,
7347,Spruce Pine,North Carolina,NC,2192,35.90597,-82.07049,828,near
7348,Marked Tree,Arkansas,AR,2191,35.53493,-90.41939,870,near
7349,Houston,Missouri,MO,2191,37.32183,-91.95298,417,near
7350,Marlborough,Missouri,MO,2191,,,,
7351,Lyman,Wyoming,WY,2191,41.32914,-110.29263,,
7352,Thorsby,Alabama,AL,2190,32.92375,-86.74672,205,near
7353,Noel,Missouri,MO,2190,36.54167,-94.49063,417,near
7354,Demorest,Georgia,GA,2189,34.57556,-83.56963,678,near
7355,Eureka Springs,Arkansas,AR,2188,36.48528,-93.73194,479,near
7356,Wewahitchka,Florida,FL,2188,30.26324,-85.20647,850,near
7357,Ferdinand,Indiana,IN,2188,38.23358,-86.86067,812,near
7358,Versailles,Indiana,IN,2188,39.05107,-85.22349,812,near
7359,Greensboro,Alabama,AL,2187,32.71672,-87.59049,205,near
7360,West Tawakoni,Texas,TX,2187,,,,
7361,Genoa,Ohio,OH,2186,41.53001,-83.35898,419 567,near
7362,Rockwell City,Iowa,IA,2185,42.39613,-94.62922,515,near
7363,Antlers,Oklahoma,OK,2185,34.23492,-95.62541,,
7364,Churchville,New York,NY,2184,43.08962,-77.86034,585,near
7365,Ronan,Montana,MT,2182,47.55246,-114.10538,406,near
7366,Shorewood Hills,Wisconsin,WI,2182,,,,
7367,Quanah,Texas,TX,2181,34.29555,-99.74944,,
7368,Pink,Oklahoma,OK,2179,,,,
7369,North Beach,Maryland,MD,2178,38.71188,-76.53670,410,near
7370,Tioga,North Dakota,ND,2177,48.39201,-102.96128,,
7371,South Fulton,Tennessee,TN,2177,36.48139,-88.88078,731,near
7372,Shelby,Michigan,MI,2176,43.60794,-86.36150,231 586,exact
7373,Madison,North Carolina,NC,2176,36.36951,-79.96544,336,near
7374,Lisbon,North Dakota,ND,2175,46.42013,-97.65890,701,near
7375,White Hall,Illinois,IL,2174,39.42880,-90.40190,618,near
7376,Cheney,Kansas,KS,2174,37.63530,-97.76864,316,near
7377,Aitkin,Minnesota,MN,2174,46.47993,-93.64541,320,near
7378,Piketon,Ohio,OH,2173,39.04020,-83.07674,220,near
7379,Robesonia,Pennsylvania,PA,2173,40.35528,-76.13659,484 610 717,near
7380,Oak Hill,Florida,FL,2172,28.86998,-80.85506,386,near
7381,Cloverdale,Indiana,IN,2172,39.54344,-86.81402,812,near
7382,Sumrall,Mississippi,MS,2172,31.35997,-89.57772,601 769,near
7383,Fairfield Bay,Arkansas,AR,2171,35.65611,-92.31917,501,near
7384,Slocomb,Alabama,AL,2170,31.09556,-85.58295,334,near
7385,Harrison,Michigan,MI,2170,44.02848,-84.77289,989,near
7386,Fairmont City,Illinois,IL,2169,,,,
7387,St. Bonifacius,Minnesota,MN,2169,,,,
7388,Madison,Nebraska,NE,2169,41.83079,-97.47195,402 531,near
7389,Canadian,Texas,TX,2169,35.88591,-100.35388,,
7390,Chetek,Wisconsin,WI,2169,45.31705,-91.65415,715,near
7391,Atkins,Iowa,IA,2168,41.98810,-91.87597,319,near
7392,Clifton Springs,New York,NY,2168,42.96317,-77.14397,585,near
7393,Redington Shores,Florida,FL,2167,,,,
7394,Jonesville,Michigan,MI,2167,41.97983,-84.64508,517,near
7395,Blaine,Tennessee,TN,2167,36.15832,-83.67827,865,near
7396,Hope,Indiana,IN,2166,39.25733,-85.76654,812 930,near
7397,Southwest Greensburg,Pennsylvania,PA,2166,,,,
7398,Lavonia,Georgia,GA,2165,34.45276,-83.11299,706,near
7399,Brighton,Illinois,IL,2164,39.03610,-90.14431,618,near
7400,Spencerville,Ohio,OH,2164,40.70377,-84.34125,419 567,near
7401,Shiner,Texas,TX,2163,29.42804,-97.16396,361,near
7402,Canisteo,New York,NY,2162,42.26350,-77.58971,607,near
7403,Atlantis,Florida,FL,2160,,,,
7404,Stephens City,Virginia,VA,2160,39.08342,-78.19068,540,near
7405,Clarkesville,Georgia,GA,2159,34.64499,-83.52430,678,near
7406,Leipsic,Ohio,OH,2159,41.10920,-83.99572,419,near
7407,Parsons,Tennessee,TN,2159,35.66635,-88.11953,731,near
7408,Hinton,West Virginia,WV,2159,37.66398,-80.86778,304,near
7409,Knightstown,Indiana,IN,2158,39.80603,-85.52615,765,near
7410,Fort Pierre,South Dakota,SD,2158,44.34259,-100.40432,605,near
7411,Waterloo,Indiana,IN,2157,41.44022,-85.02210,260,near
7412,Petersburg,Illinois,IL,2156,40.01153,-89.84787,217,near
7413,Nisswa,Minnesota,MN,2156,46.48483,-94.29656,320,near
7414,Lyons,Colorado,CO,2155,40.23571,-105.32307,303 720,near
7415,Kensington,Maryland,MD,2155,39.02556,-77.07667,240 301,near
7416,Olmos Park,Texas,TX,2155,,,,
7417,Napavine,Washington,WA,2155,46.57472,-122.90694,360,near
7418,Kure Beach,North Carolina,NC,2154,33.99271,-77.90987,910,near
7419,Chouteau,Oklahoma,OK,2154,36.16692,-95.34157,539,near
7420,White Sulphur Springs,West Virginia,WV,2154,37.81462,-80.27464,,
7421,West Terre Haute,Indiana,IN,2153,39.49384,-87.46709,812 930,near
7422,Mason,Texas,TX,2152,30.74339,-99.22612,830,near
7423,Carlisle,Kentucky,KY,2151,38.32123,-84.02790,859,near
7424,Camden,New York,NY,2149,43.33920,-75.75426,315,near
7425,Elberta,Alabama,AL,2147,30.39424,-87.58896,251,near
7426,Burns Harbor,Indiana,IN,2147,,,,
7427,Fishkill,New York,NY,2146,41.54035,-73.89791,845,near
7428,Dillingham,Alaska,AK,2145,59.05928,-158.97353,,
7429,Woodsfield,Ohio,OH,2145,39.75306,-81.10336,220,near
7430,Kamas,Utah,UT,2145,40.64143,-111.26188,385,near
7431,Halstead,Kansas,KS,2144,38.00639,-97.51179,620,near
7432,Creston,Ohio,OH,2144,40.97885,-81.92108,234 330,near
7433,Ridgetop,Tennessee,TN,2143,36.39500,-86.77944,615 629,near
7434,Seneca,Kansas,KS,2141,39.83980,-96.05949,785,near
7435,Troup,Texas,TX,2141,32.10400,-95.12266,903,near
7436,Guin,Alabama,AL,2137,33.96762,-87.90238,205,near
7437,Maxton,North Carolina,NC,2136,34.73344,-79.30973,910,near
7438,Jermyn,Pennsylvania,PA,2135,41.53272,-75.54295,272 570,near
7439,Seabrook Island,South Carolina,SC,2135,,,,
7440,Glen Rock,Pennsylvania,PA,2133,39.78133,-76.74771,717,near
7441,Utica,Ohio,OH,2131,40.24414,-82.41346,220 740,near
7442,Eagle,Wisconsin,WI,2131,42.88094,-88.46742,262,near
7443,Mendenhall,Mississippi,MS,2130,31.94943,-89.80949,601,near
7444,Marceline,Missouri,MO,2130,39.71249,-92.94550,573,near
7445,Middleport,Ohio,OH,2130,38.99931,-82.06001,220,near
7446,Conway,Pennsylvania,PA,2130,40.66492,-80.23490,412,near
7447,Italy,Texas,TX,2130,32.17851,-96.88229,214 469 972,near
7448,Perry,Michigan,MI,2129,42.82001,-84.23135,517,near
7449,Mill City,Oregon,OR,2128,44.75157,-122.47683,503,near
7450,Amherst,Virginia,VA,2128,37.60268,-79.05057,434,near
7451,Nokomis,Illinois,IL,2127,39.30364,-89.28530,217,near
7452,Geneva,Nebraska,NE,2127,40.52773,-97.60962,402,near
7453,Groton,New York,NY,2127,42.58549,-76.36329,607,near
7454,Lake Hamilton,Florida,FL,2126,28.04417,-81.62806,863,near
7455,Clyde,New York,NY,2126,43.08555,-76.87246,315,near
7456,Helper,Utah,UT,2126,39.67368,-110.85600,385,near
7457,Beattyville,Kentucky,KY,2125,37.58189,-83.70234,859,near
7458,Weatherby Lake,Missouri,MO,2125,,,,
7459,Kountze,Texas,TX,2125,30.37032,-94.32591,409,near
7460,Bayou La Batre,Alabama,AL,2124,30.40798,-88.25070,251,near
7461,Columbus Grove,Ohio,OH,2124,40.91372,-84.07047,419 567,near
7462,Clifton,Tennessee,TN,2124,35.38195,-87.94997,731,near
7463,Whitney,Texas,TX,2124,31.95920,-97.33495,682,near
7464,Richmond,Illinois,IL,2123,42.46686,-88.29002,779 815 224 847,near
7465,Hollandale,Mississippi,MS,2123,33.17792,-90.84857,662,near
7466,Union,Oregon,OR,2123,45.20194,-117.85355,,
7467,Runaway Bay,Texas,TX,2123,,,,
7468,Redgranite,Wisconsin,WI,2123,44.04381,-89.09812,920,near
7469,Sea Isle City,New Jersey,NJ,2122,39.14493,-74.70143,609,near
7470,Woodbine,New Jersey,NJ,2122,39.24891,-74.80263,856,near
7471,Jellico,Tennessee,TN,2122,36.55441,-84.11807,865,near
7472,Hughesville,Pennsylvania,PA,2120,41.25595,-76.71411,272 570,near
7473,Eden,Texas,TX,2120,31.21922,-99.84066,325,near
7474,San Juan Bautista,California,CA,2118,36.84986,-121.53272,831 408 669,near
7475,Mountain Lake Park,Maryland,MD,2118,,,,
7476,Stanfield,Oregon,OR,2118,45.78599,-119.21160,,
7477,Flora,Indiana,IN,2117,40.54447,-86.50157,765,near
7478,Timmonsville,South Carolina,SC,2117,34.10124,-79.93784,843 854,near
7479,Huntington,Texas,TX,2117,31.28371,-94.56624,936,near
7480,Idalou,Texas,TX,2117,33.65038,-101.67858,806,near
7481,Herington,Kansas,KS,2116,38.70231,-97.01549,785,near
7482,Cherryvale,Kansas,KS,2114,37.26683,-95.55902,,
7483,Jamestown,Ohio,OH,2114,39.64285,-83.75042,937,near
7484,Lakin,Kansas,KS,2112,37.93820,-101.27130,620,near
7485,Millville,Delaware,DE,2108,38.55895,-75.10776,302,near
7486,Rehobeth,Alabama,AL,2107,,,,
7487,Dunkirk,Indiana,IN,2106,40.38829,-85.22554,765,near
7488,Chester,West Virginia,WV,2105,40.59811,-80.55844,304 681,near
7489,Brewster,Ohio,OH,2104,40.71439,-81.59875,234 330,near
7490,South Greensburg,Pennsylvania,PA,2104,,,,
7491,Lima,New York,NY,2103,42.90123,-77.60831,585,near
7492,Williamsport,Maryland,MD,2102,39.59302,-77.80871,240 301,near
7493,Moline Acres,Missouri,MO,2102,,,,
7494,Jamestown,Tennessee,TN,2102,36.42447,-84.93572,931,near
7495,Council Grove,Kansas,KS,2101,38.66766,-96.49729,620,near
7496,Jackson,Kentucky,KY,2101,37.55738,-83.39690,859,near
7497,Redfield,South Dakota,SD,2101,44.87185,-98.51123,605,near
7498,Old Brookville,New York,NY,2100,,,,
7499,Walnutport,Pennsylvania,PA,2100,40.76147,-75.56575,484 610,near
7500,Wrens,Georgia,GA,2099,33.21040,-82.38096,706,near
7501,Benton,Louisiana,LA,2099,32.69762,-93.69095,318,near
7502,Brownsville,Pennsylvania,PA,2099,40.02671,-79.92061,412,near
7503,Walkerton,Indiana,IN,2098,41.44575,-86.45102,219,near
7504,Lexington,Illinois,IL,2097,40.63569,-88.80620,309,near
7505,Cologne,Minnesota,MN,2097,44.76459,-93.79825,952,near
7506,Eupora,Mississippi,MS,2097,33.56891,-89.30454,662,near
7507,Granby,Missouri,MO,2097,36.90656,-94.26435,417,near
7508,Veedersburg,Indiana,IN,2096,40.11862,-87.26017,765,near
7509,Granger,Iowa,IA,2095,41.75236,-93.84100,515,near
7510,Cedar Grove,Wisconsin,WI,2095,43.57508,-87.84011,920,near
7511,Hurlock,Maryland,MD,2093,38.64283,-75.86625,410,near
7512,Fisher,Illinois,IL,2092,40.29913,-88.35599,217,near
7513,Kinder,Louisiana,LA,2092,30.46065,-92.86933,337,near
7514,Cave Junction,Oregon,OR,2092,42.13479,-123.62720,458,near
7515,Johnson City,Texas,TX,2092,30.29481,-98.36908,512,near
7516,Ord,Nebraska,NE,2091,41.59619,-98.94178,308,near
7517,Clayton,Georgia,GA,2090,34.88257,-83.40655,678,near
7518,Marionville,Missouri,MO,2090,37.00091,-93.64135,417,near
7519,Brewster,Washington,WA,2090,48.12064,-119.77200,509,near
7520,Anderson,Missouri,MO,2089,36.66922,-94.47665,417,near
7521,New Wilmington,Pennsylvania,PA,2089,41.13815,-80.32454,724 878,near
7522,Cuba City,Wisconsin,WI,2088,42.59907,-90.47491,608,near
7523,Beresford,South Dakota,SD,2087,43.08741,-96.78126,605,near
7524,Portola,California,CA,2086,39.81088,-120.46686,530,near
7525,Caledonia,New York,NY,2086,42.95666,-77.84929,585,near
7526,Bel-Ridge,Missouri,MO,2084,,,,
7527,Elsberry,Missouri,MO,2084,39.15895,-90.81596,636,near
7528,Folly Beach,South Carolina,SC,2084,32.65500,-79.94056,843 854,near
7529,Galesburg,Michigan,MI,2083,42.29484,-85.42366,269,near
7530,Enterprise,Oregon,OR,2083,45.43704,-117.28881,,
7531,Cooper,Texas,TX,2082,33.38117,-95.66231,903,near
7532,Southport,Indiana,IN,2081,,,,
7533,St. Pauls,North Carolina,NC,2081,,,,
7534,Belvedere,California,CA,2080,,,,
7535,Edgewood,Indiana,IN,2077,,,,
7536,Orleans,Indiana,IN,2077,38.65346,-86.45316,812,near
7537,Lake Mills,Iowa,IA,2077,43.41670,-93.53363,641,near
7538,Elmwood Place,Ohio,OH,2077,,,,
7539,Blanco,Texas,TX,2077,30.08736,-98.41066,512,near
7540,South Padre Island,Texas,TX,2076,26.11110,-97.16729,956,near
7541,Union City,Oklahoma,OK,2075,35.39133,-97.93979,405,near
7542,Leechburg,Pennsylvania,PA,2075,40.63440,-79.62010,412 724 878,near
7543,Ninety Six,South Carolina,SC,2075,34.16520,-82.02918,864,near
7544,Elk Point,South Dakota,SD,2074,42.73822,-96.68695,605,near
7545,Adamsville,Tennessee,TN,2074,35.25561,-88.41337,731,near
7546,Sewall's Point,Florida,FL,2072,,,,
7547,Lamoni,Iowa,IA,2072,40.62285,-93.93490,515,near
7548,Sussex,New Jersey,NJ,2072,41.22921,-74.59916,862 973,near
7549,Fredonia,Kansas,KS,2071,37.52562,-95.82290,620,near
7550,Chevy Chase Village,Maryland,MD,2071,,,,
7551,Pine Grove,Pennsylvania,PA,2071,40.56709,-76.32691,717,near
7552,Bayard,New Mexico,NM,2070,32.75633,-108.10767,,
7553,Pawling,New York,NY,2070,41.57489,-73.59485,845,near
7554,Mount Sterling,Ohio,OH,2070,39.71751,-83.28062,614,near
7555,Sparks,Georgia,GA,2068,31.17898,-83.44759,229,near
7556,Manhattan,Montana,MT,2068,45.79799,-111.31458,406,near
7557,Krebs,Oklahoma,OK,2068,34.92778,-95.71556,539,near
7558,Star City,Arkansas,AR,2067,33.94053,-91.86534,870,near
7559,Fremont,Indiana,IN,2065,41.73313,-84.94525,260,near
7560,Lake Odessa,Michigan,MI,2065,42.78634,-85.13567,616,near
7561,Collinsville,Alabama,AL,2064,34.26796,-85.86197,256,near
7562,Wrangell city and,Alaska,AK,2064,,,,
7563,New Llano,Louisiana,LA,2064,,,,
7564,Canajoharie,New York,NY,2064,42.88239,-74.58352,518,near
7565,Brooklet,Georgia,GA,2063,32.29405,-81.62800,912,near
7566,Colstrip,Montana,MT,2063,45.88417,-106.62306,,
7567,Topton,Pennsylvania,PA,2063,40.50294,-75.70153,484 610,near
7568,Splendora,Texas,TX,2063,30.23261,-95.19931,281,near
7569,Oakwood Hills,Illinois,IL,2059,,,,
7570,Hart,Michigan,MI,2059,43.70676,-86.31415,231,near
7571,Cabool,Missouri,MO,2059,37.13137,-92.11441,417,near
7572,Moriarty,New Mexico,NM,2059,34.98888,-106.06087,505,near
7573,McCleary,Washington,WA,2059,47.05399,-123.27330,360,near
7574,Colfax,California,CA,2058,39.07694,-120.96016,916,near
7575,Pecatonica,Illinois,IL,2058,42.30511,-89.34722,779 815,near
7576,Kouts,Indiana,IN,2058,41.30909,-87.02404,219,near
7577,Seaside Park,New Jersey,NJ,2058,39.92218,-74.07952,732 848,near
7578,Vale,Oregon,OR,2057,44.00390,-117.26741,,
7579,Chase City,Virginia,VA,2057,36.80530,-78.45527,434,near
7580,Manchester,Michigan,MI,2056,42.15554,-84.03325,734,near
7581,Lexington,Oklahoma,OK,2055,35.03766,-97.26095,405,near
7582,Washburn,Wisconsin,WI,2055,46.68059,-90.90952,715,near
7583,Keenesburg,Colorado,CO,2054,40.09585,-104.44637,303,near
7584,Mount Zion,Georgia,GA,2054,33.63417,-85.18722,678,near
7585,Port Allegany,Pennsylvania,PA,2054,41.81692,-78.27991,814,near
7586,Anthony,Kansas,KS,2052,37.15121,-98.02850,316,near
7587,Baxter,Tennessee,TN,2051,36.12492,-85.63777,931,near
7588,Cresson,Texas,TX,2050,32.53071,-97.65193,682 817,near
7589,Bridgman,Michigan,MI,2048,41.93620,-86.55433,269,near
7590,Lannon,Wisconsin,WI,2048,43.14965,-88.16386,262 414,near
7591,Northwood,Iowa,IA,2047,43.45060,-93.24194,641,near
7592,Dakota City,Nebraska,NE,2047,42.38074,-96.45361,402,near
7593,Auburn,Michigan,MI,2046,43.60799,-84.10267,989,near
7594,Westmorland,California,CA,2045,33.04106,-115.63072,442 760,near
7595,Collinsville,Texas,TX,2045,33.55801,-96.90136,903,near
7596,Dunnellon,Florida,FL,2043,28.99650,-82.50900,352,near
7597,Hillsboro Beach,Florida,FL,2043,,,,
7598,Quitman,Texas,TX,2043,32.80486,-95.43016,903,near
7599,Epworth,Iowa,IA,2042,42.44393,-90.93133,563,near
7600,Merriam Woods,Missouri,MO,2042,,,,
7601,Elmwood,Illinois,IL,2041,40.77259,-89.92888,309,near
7602,Tracy,Minnesota,MN,2041,44.23420,-95.62130,,
7603,Memphis,Texas,TX,2041,34.71224,-100.53465,,
7604,Star Valley Ranch,Wyoming,WY,2041,,,,
7605,Oronoco,Minnesota,MN,2040,44.14886,-92.48496,507,near
7606,Cleona,Pennsylvania,PA,2040,,,,
7607,Narrows,Virginia,VA,2040,37.31985,-80.85485,540,near
7608,Vincent,Alabama,AL,2039,33.40105,-86.39942,205,near
7609,Alta,Iowa,IA,2039,42.67712,-95.31290,712,near
7610,Aliceville,Alabama,AL,2038,33.12281,-88.16669,205,near
7611,Cowarts,Alabama,AL,2038,31.20000,-85.30472,334,near
7612,Lookout Mountain,Tennessee,TN,2038,34.99482,-85.35056,423,near
7613,Pegram,Tennessee,TN,2038,36.11291,-87.03161,615 629,near
7614,Cambridge,Illinois,IL,2034,41.31138,-90.18048,309,near
7615,Upper Nyack,New York,NY,2034,,,,
7616,Halls,Tennessee,TN,2033,35.88623,-89.41467,731,near
7617,Glenwood,Arkansas,AR,2032,34.31921,-93.55588,501,near
7618,Sumner,Iowa,IA,2032,42.84193,-92.11856,319,near
7619,Mount Sterling,Illinois,IL,2031,39.98028,-90.74142,217,near
7620,Silverhill,Alabama,AL,2030,30.52224,-87.74568,251,near
7621,Berkeley Lake,Georgia,GA,2030,,,,
7622,Brundidge,Alabama,AL,2028,31.70132,-85.81767,334,near
7623,Lowry Crossing,Texas,TX,2028,,,,
7624,Ganado,Texas,TX,2027,29.03084,-96.50308,361,near
7625,Wapello,Iowa,IA,2026,41.20698,-91.17192,563,near
7626,Angola,New York,NY,2026,42.63658,-79.04965,716,near
7627,Batavia,Ohio,OH,2026,39.09566,-84.14512,513,near
7628,Eyota,Minnesota,MN,2025,44.00429,-92.24407,507,near
7629,Little River-Academy,Texas,TX,2025,,,,
7630,Mount Holly Springs,Pennsylvania,PA,2024,40.11836,-77.19081,717,near
7631,Anahuac,Texas,TX,2023,29.78099,-94.55482,281,near
7632,Farmington,Mississippi,MS,2022,,,,
7633,Calico Rock,Arkansas,AR,2021,36.14477,-92.14549,,
7634,Arcade,Georgia,GA,2021,,,,
7635,Monroe,Iowa,IA,2021,41.53562,-93.07255,515,near
7636,Kirbyville,Texas,TX,2021,30.68822,-93.92793,409,near
7637,Waterford,New York,NY,2020,42.80996,-73.69948,518,near
7638,Moscow,Pennsylvania,PA,2020,41.34319,-75.53014,272 570,near
7639,Bertram,Texas,TX,2020,30.74108,-98.05293,512,near
7640,Lipscomb,Alabama,AL,2019,,,,
7641,Carrington,North Dakota,ND,2019,47.45392,-99.10823,,
7642,Gate City,Virginia,VA,2019,36.64603,-82.61118,,
7643,Mount Jackson,Virginia,VA,2019,38.76882,-78.67665,540,near
7644,New Eagle,Pennsylvania,PA,2018,40.20657,-79.95341,412 878 724,near
7645,Roundup,Montana,MT,2017,46.42249,-108.54385,406,near
7646,Greenfield,Tennessee,TN,2017,36.14850,-88.74532,731,near
7647,Westlake,Texas,TX,2017,,,,
7648,Goodrich,Michigan,MI,2016,42.91473,-83.48446,810,near
7649,Syracuse,Nebraska,NE,2015,40.66139,-96.18241,402,near
7650,Dolgeville,New York,NY,2015,43.10416,-74.76430,315,near
7651,Irrigon,Oregon,OR,2014,45.88768,-119.50702,,
7652,Kershaw,South Carolina,SC,2014,34.55781,-80.55463,803,near
7653,McDonald,Pennsylvania,PA,2013,,,,
7654,Vinton,Texas,TX,2013,,,,
7655,Ponderay,Idaho,ID,2011,48.30556,-116.53278,208,near
7656,Van Horn,Texas,TX,2011,31.04288,-104.83225,,
7657,Westover,Alabama,AL,2010,33.34944,-86.53583,205,near
7658,Trail Creek,Indiana,IN,2010,,,,
7659,Audubon,Iowa,IA,2008,41.73003,-94.91641,712,near
7660,Cave City,Arkansas,AR,2007,35.95168,-91.54443,870,near
7661,Meyersdale,Pennsylvania,PA,2007,39.79049,-79.02614,814,near
7662,Wakarusa,Indiana,IN,2006,41.54007,-86.02052,574,near
7663,Hurstbourne Acres,Kentucky,KY,2005,,,,
7664,Boonville,New York,NY,2005,43.47861,-75.34397,315,near
7665,Pinedale,Wyoming,WY,2005,42.85433,-109.85609,,
7666,Scottsville,New York,NY,2004,43.02462,-77.77426,585,near
7667,Riverside,Pennsylvania,PA,2004,40.95127,-76.63746,272,near
7668,Jasonville,Indiana,IN,2003,39.17233,-87.20229,812,near
7669,Union,Mississippi,MS,2003,32.53733,-89.04952,601,near
7670,Duenweg,Missouri,MO,2003,37.08361,-94.41333,417,near
7671,Laurel Springs,New Jersey,NJ,2003,,,,
7672,Kiawah Island,South Carolina,SC,2003,,,,
7673,Appomattox,Virginia,VA,2003,37.35295,-78.82245,434,near
7674,Fort Plain,New York,NY,2002,42.93716,-74.64330,315,near
7675,Britt,Iowa,IA,2001,43.10058,-93.77518,641,near
7676,Krugerville,Texas,TX,2001,,,,
7677,Liberty,Kentucky,KY,2000,37.31455,-84.97186,859,near
7678,Constantine,Michigan,MI,2000,41.84603,-85.65709,269,near
7679,Carlin,Nevada,NV,2000,40.71722,-116.10821,,
7680,Hale Center,Texas,TX,2000,34.06694,-101.87362,806,near
7681,Coaling,Alabama,AL,1997,33.15889,-87.34083,205,near
7682,Walton Hills,Ohio,OH,1997,,,,
7683,Campbellsport,Wisconsin,WI,1997,43.60418,-88.27286,262,near
7684,Oakley,Kansas,KS,1996,39.11210,-100.85805,,
7685,Spring City,Tennessee,TN,1996,35.68207,-84.84197,423,near
7686,Jefferson,Texas,TX,1996,32.77986,-94.37122,903,near
7687,Coleraine,Minnesota,MN,1995,47.28889,-93.42750,218,near
7688,Springfield,Minnesota,MN,1995,44.23291,-94.97920,507,near
7689,Cold Spring,New York,NY,1995,41.44142,-73.93349,845 914,near
7690,Bellville,Ohio,OH,1995,40.61360,-82.51752,419 567,near
7691,Toquerville,Utah,UT,1995,37.25333,-113.28389,435,near
7692,Warson Woods,Missouri,MO,1994,,,,
7693,Dallas Center,Iowa,IA,1993,41.68625,-93.97066,515,near
7694,Limon,Colorado,CO,1992,39.26389,-103.69167,303,near
7695,Sac City,Iowa,IA,1992,42.42621,-94.97955,515,near
7696,Hertford,North Carolina,NC,1992,36.17706,-76.42430,252,near
7697,Poth,Texas,TX,1992,29.06191,-98.08247,210,near
7698,East McKeesport,Pennsylvania,PA,1991,,,,
7699,Danville,Arkansas,AR,1990,35.04954,-93.39293,479,near
7700,Camden,Ohio,OH,1990,39.61339,-84.61001,513,near
7701,Rockport,Indiana,IN,1989,37.88580,-87.07701,812,near
7702,Woodville,Ohio,OH,1989,41.45121,-83.36464,419,near
7703,Greenfield,Iowa,IA,1988,41.31331,-94.44076,515,near
7704,Ida Grove,Iowa,IA,1988,42.34003,-95.46449,712,near
7705,Hoyt Lakes,Minnesota,MN,1988,47.51496,-92.14005,218,near
7706,Ocean Gate,New Jersey,NJ,1987,39.92598,-74.13513,732 848,near
7707,Parkersburg,Iowa,IA,1986,42.57138,-92.76876,319,near
7708,Chelsea,Oklahoma,OK,1986,36.53559,-95.44887,539,near
7709,Southmont,Pennsylvania,PA,1985,,,,
7710,Trainer,Pennsylvania,PA,1984,,,,
7711,Huntington,Utah,UT,1984,39.29202,-110.97409,385,near
7712,Lake Butler,Florida,FL,1983,30.00349,-82.38280,352,near
7713,Warroad,Minnesota,MN,1983,48.91114,-95.35384,,
7714,Mason City,Illinois,IL,1982,40.19994,-89.69926,309,near
7715,Bennington,Nebraska,NE,1982,41.36226,-96.15753,402 531,near
7716,Liberty,Indiana,IN,1981,39.61265,-84.90895,765,near
7717,Newtown,Connecticut,CT,1980,41.39310,-73.31674,203,near
7718,El Portal,Florida,FL,1980,,,,
7719,Rockdale,Illinois,IL,1980,,,,
7720,Livingston,Louisiana,LA,1980,30.47411,-90.76734,225,near
7721,Patton Village,Texas,TX,1980,,,,
7722,Shepherd,Texas,TX,1979,30.48340,-95.09291,936,near
7723,Jones Creek,Texas,TX,1978,,,,
7724,Cimarron,Kansas,KS,1977,37.81273,-100.34382,620,near
7725,Cross Roads,Texas,TX,1977,,,,
7726,Hinckley,Illinois,IL,1976,41.76911,-88.64483,779 815,near
7727,New Chicago,Indiana,IN,1976,,,,
7728,Bangor,Michigan,MI,1976,42.33122,-86.13110,269,near
7729,McColl,South Carolina,SC,1976,,,,
7730,Stevenson,Alabama,AL,1975,34.87689,-85.85080,256,near
7731,Belleville,Kansas,KS,1975,39.82405,-97.62902,785,near
7732,Imperial,Nebraska,NE,1975,40.52512,-101.64678,308,near
7733,Sigourney,Iowa,IA,1974,41.33007,-92.20189,641,near
7734,Walden,Tennessee,TN,1974,,,,
7735,Carlisle,Arkansas,AR,1973,34.79329,-91.74593,501,near
7736,Durant,Mississippi,MS,1973,33.08276,-89.86116,601,near
7737,Kahoka,Missouri,MO,1973,40.42658,-91.72503,,
7738,Creola,Alabama,AL,1972,30.90127,-88.01741,251,near
7739,Trion,Georgia,GA,1972,34.54679,-85.31116,706,near
7740,Leesport,Pennsylvania,PA,1972,40.41522,-75.99442,484 610,near
7741,Pawnee,Oklahoma,OK,1971,36.33620,-96.79227,405,near
7742,Lewiston,Utah,UT,1971,41.97009,-111.87681,435,near
7743,Olathe,Colorado,CO,1970,38.59757,-107.99212,970,near
7744,Ogden,Iowa,IA,1970,42.03511,-94.00633,515,near
7745,Ortonville,Minnesota,MN,1970,45.32962,-96.45965,,
7746,Ellinwood,Kansas,KS,1969,38.35650,-98.58487,620,near
7747,Greensboro,Maryland,MD,1969,38.96163,-75.80591,410,near
7748,Slayton,Minnesota,MN,1967,43.98560,-95.75545,,
7749,Columbus,Montana,MT,1966,45.62617,-109.25713,406,near
7750,Burnham,Pennsylvania,PA,1966,40.63612,-77.56246,814,near
7751,Moundridge,Kansas,KS,1965,38.20603,-97.50877,620,near
7752,Dover,Pennsylvania,PA,1965,40.00616,-76.85549,717,near
7753,Hanley Hills,Missouri,MO,1964,,,,
7754,Stratford,Texas,TX,1964,36.33349,-101.98857,,
7755,Lake Isabella,Michigan,MI,1963,,,,
7756,St. Lawrence,Pennsylvania,PA,1962,,,,
7757,Minerva Park,Ohio,OH,1961,,,,
7758,Lewistown,Illinois,IL,1960,40.38305,-90.15629,309,near
7759,Adamstown,Pennsylvania,PA,1960,40.24299,-76.05654,484 610,near
7760,McCormick,South Carolina,SC,1960,,,,
7761,Mabton,Washington,WA,1960,46.21208,-120.01514,509,near
7762,Colby,Wisconsin,WI,1959,44.91165,-90.31443,715,near
7763,Erath,Louisiana,LA,1956,29.95224,-92.03427,337,near
7764,Sparta,Missouri,MO,1956,36.97752,-93.10648,417,near
7765,Red Hook,New York,NY,1956,42.00644,-73.85458,845,near
7766,Tenino,Washington,WA,1956,46.86412,-122.84927,360,near
7767,Denver,Iowa,IA,1955,42.67314,-92.34170,319,near
7768,Purvis,Mississippi,MS,1955,31.14956,-89.46230,601 769,near
7769,Blacksburg,South Carolina,SC,1954,35.11505,-81.50800,864,near
7770,Williamsport,Indiana,IN,1953,40.30944,-87.27869,765,near
7771,Uniontown,Alabama,AL,1952,32.44697,-87.49340,334,near
7772,Wilber,Nebraska,NE,1952,40.48214,-96.97571,402,near
7773,Prairie Grove,Illinois,IL,1951,,,,
7774,Cottonport,Louisiana,LA,1951,30.98617,-92.05812,337,near
7775,Mona,Utah,UT,1950,39.83816,-111.84800,385,near
7776,Grayling,Michigan,MI,1949,44.67096,-84.69132,989,near
7777,Columbia City,Oregon,OR,1949,45.89247,-122.81217,503,near
7778,Lakesite,Tennessee,TN,1949,,,,
7779,Wilsonville,Alabama,AL,1948,33.22926,-86.52989,205,near
7780,Munising,Michigan,MI,1948,46.41386,-86.62685,,
7781,Quitman,Mississippi,MS,1948,32.06685,-88.67880,601,near
7782,Sullivan's Island,South Carolina,SC,1948,,,,
7783,Berlin,Pennsylvania,PA,1947,39.91885,-78.96369,814,near
7784,Davisboro,Georgia,GA,1946,32.94430,-82.62274,706,near
7785,Capac,Michigan,MI,1946,43.01998,-82.92519,231,near
7786,Grandview,Texas,TX,1946,32.27786,-97.23507,682 817,near
7787,Ashland,Alabama,AL,1945,33.24736,-85.82898,256,near
7788,St. Charles,Michigan,MI,1945,,,,
7789,Three Forks,Montana,MT,1945,45.88107,-111.54364,406,near
7790,Laurel Hollow,New York,NY,1945,,,,
7791,Mountain Lake,Minnesota,MN,1944,43.93900,-94.92731,507,near
7792,Avon-by-the-Sea,New Jersey,NJ,1944,,,,
7793,Wynnewood,Oklahoma,OK,1944,34.63847,-97.17695,580,near
7794,Waskom,Texas,TX,1942,32.46718,-94.13788,903,near
7795,Biggs,California,CA,1941,39.41492,-121.69587,530,near
7796,Porterdale,Georgia,GA,1941,33.57500,-83.89389,678,near
7797,Mount Olive,Illinois,IL,1941,39.07050,-89.74484,618,near
7798,Minneapolis,Kansas,KS,1939,39.12949,-97.66878,785,near
7799,Blooming Prairie,Minnesota,MN,1938,43.89773,-93.06081,507,near
7800,Hopewell,New Jersey,NJ,1938,40.39022,-74.77096,609,near
7801,Long Lake,Minnesota,MN,1937,44.99123,-93.58180,763 952 612,near
7802,Colquitt,Georgia,GA,1936,31.17111,-84.73333,229,near
7803,Leslie,Michigan,MI,1936,42.46028,-84.42065,517,near
7804,Spencer,West Virginia,WV,1936,38.78970,-81.33026,304,near
7805,Coupeville,Washington,WA,1935,48.21891,-122.68235,360,near
7806,Seymour,Missouri,MO,1934,37.16673,-92.78566,417,near
7807,Vinita Park,Missouri,MO,1934,,,,
7808,Chapin,South Carolina,SC,1934,34.13116,-81.33182,803,near
7809,Waverly,Virginia,VA,1934,37.02503,-77.10545,804,near
7810,Delaware City,Delaware,DE,1933,39.57778,-75.58917,302,near
7811,Wellsville,Kansas,KS,1933,38.71368,-95.09157,913,near
7812,Olton,Texas,TX,1933,34.18442,-102.14141,806,near
7813,Cedar Bluff,Alabama,AL,1932,34.24166,-85.60257,256,near
7814,Rainier,Oregon,OR,1932,46.06455,-122.96707,503,near
7815,Florala,Alabama,AL,1930,31.01719,-86.33853,334,near
7816,Surgoinsville,Tennessee,TN,1930,36.47407,-82.83060,423,near
7817,Monon,Indiana,IN,1929,40.86118,-86.86354,765,near
7818,Roanoke,Illinois,IL,1928,40.79560,-89.20933,309,near
7819,Nettleton,Mississippi,MS,1928,34.08207,-88.60520,662,near
7820,Dalton,Ohio,OH,1927,40.77933,-81.70078,234 330,near
7821,Great Falls,South Carolina,SC,1926,34.57053,-80.91326,803,near
7822,Rhome,Texas,TX,1926,33.05405,-97.48169,682,near
7823,Harpersville,Alabama,AL,1925,33.36746,-86.42944,205,near
7824,Howard City,Michigan,MI,1924,43.40833,-85.48561,616,near
7825,Dauphin Island,Alabama,AL,1923,30.25206,-88.10964,251,near
7826,Ellijay,Georgia,GA,1923,34.67250,-84.50028,706,near
7827,Mercer,Pennsylvania,PA,1922,41.23254,-80.23402,724,near
7828,Three Way,Tennessee,TN,1922,,,,
7829,New Oxford,Pennsylvania,PA,1921,39.87746,-77.06433,717,near
7830,Hayden,Colorado,CO,1920,40.49449,-107.25705,,
7831,Arcade,New York,NY,1920,42.56300,-78.41342,716,near
7832,Catlin,Illinois,IL,1919,40.06992,-87.71125,217,near
7833,Stewart Manor,New York,NY,1919,,,,
7834,Nicholson,Georgia,GA,1918,34.09702,-83.42103,706 762,near
7835,Ellis,Kansas,KS,1918,38.94713,-99.52851,785,near
7836,Hinckley,Minnesota,MN,1918,46.01888,-92.89933,218,near
7837,Gibbon,Nebraska,NE,1917,40.74444,-98.85435,308,near
7838,L'Anse,Michigan,MI,1916,,,,
7839,Burns Flat,Oklahoma,OK,1916,35.34889,-99.17000,580,near
7840,Honey Brook,Pennsylvania,PA,1915,40.08323,-75.88432,484,near
7841,New Carlisle,Indiana,IN,1913,41.70511,-86.48383,574 219,near
7842,Bull Shoals,Arkansas,AR,1912,36.37096,-92.59377,,
7843,Merrionette Park,Illinois,IL,1912,,,,
7844,Springfield,South Dakota,SD,1912,42.86869,-97.92883,,
7845,Oroville,Washington,WA,1911,48.93968,-119.40324,,
7846,Rankin,Pennsylvania,PA,1910,,,,
7847,Mannington,West Virginia,WV,1909,39.52203,-80.35524,304,near
7848,Southside Place,Texas,TX,1908,,,,
7849,Cross Plains,Tennessee,TN,1907,36.55307,-86.67609,615,near
7850,Royal City,Washington,WA,1907,46.91557,-119.58147,509,near
7851,Prophetstown,Illinois,IL,1906,41.63122,-89.94666,309,near
7852,Haynesville,Louisiana,LA,1906,32.92781,-93.06914,318,near
7853,Blackville,South Carolina,SC,1906,33.36448,-81.27184,803,near
7854,Battle Ground,Indiana,IN,1904,40.52480,-86.82378,765,near
7855,Laurium,Michigan,MI,1904,,,,
7856,Thayer,Missouri,MO,1904,36.53271,-91.54180,,
7857,Elida,Ohio,OH,1904,,,,
7858,Athens,Illinois,IL,1903,39.96481,-89.72108,217,near
7859,Bellevue,Illinois,IL,1903,,,,
7860,Parchment,Michigan,MI,1901,,,,
7861,Judsonia,Arkansas,AR,1900,35.32495,-91.64909,501,near
7862,South Zanesville,Ohio,OH,1899,,,,
7863,Kearny,Arizona,AZ,1898,33.05944,-110.91227,480,near
7864,Leachville,Arkansas,AR,1898,35.93322,-90.19549,870,near
7865,Pearson,Georgia,GA,1898,31.31058,-82.85910,229,near
7866,Minonk,Illinois,IL,1898,40.89850,-89.03486,309,near
7867,Chapel Hill,Tennessee,TN,1897,35.63542,-86.68358,931,near
7868,Steeleville,Illinois,IL,1895,38.00571,-89.66646,618,near
7869,Lester Prairie,Minnesota,MN,1895,44.87390,-94.05509,952,near
7870,Biscoe,North Carolina,NC,1895,35.32565,-79.75956,336,near
7871,Inola,Oklahoma,OK,1895,36.15031,-95.52046,539,near
7872,Sparta,North Carolina,NC,1894,36.50885,-81.13844,704,near
7873,Dover,Tennessee,TN,1893,36.50752,-87.83833,931,near
7874,Albany,Texas,TX,1893,32.71901,-99.31958,325,near
7875,Buffalo,Texas,TX,1892,31.45715,-96.05852,903,near
7876,Marion,Kansas,KS,1890,38.35544,-97.02045,620,near
7877,Center,Colorado,CO,1889,37.73430,-106.09063,,
7878,Ocean Ridge,Florida,FL,1888,,,,
7879,Warrenton,Georgia,GA,1887,33.40914,-82.63568,706,near
7880,Stuart,Iowa,IA,1887,41.51864,-94.30456,515,near
7881,Decatur,Mississippi,MS,1886,32.43580,-89.11683,601,near
7882,St. Paris,Ohio,OH,1886,,,,
7883,Hartshorne,Oklahoma,OK,1886,34.84517,-95.57397,539,near
7884,Woodcreek,Texas,TX,1886,,,,
7885,Itasca,Texas,TX,1885,32.16359,-97.14603,682,near
7886,Uhland,Texas,TX,1885,,,,
7887,Jamestown,Kentucky,KY,1884,36.96796,-85.09684,270,near
7888,Samson,Alabama,AL,1882,31.10492,-86.06742,334,near
7889,Hammond,Wisconsin,WI,1881,44.96700,-92.44721,715,near
7890,Durham,Oregon,OR,1880,,,,
7891,Melbourne,Arkansas,AR,1879,36.05996,-91.90520,870,near
7892,Pikeville,Tennessee,TN,1879,35.64077,-85.20765,423,near
7893,Yale,Michigan,MI,1878,43.12243,-82.79790,810,near
7894,Dryden,New York,NY,1877,42.48612,-76.28722,607,near
7895,Bartonville,Texas,TX,1877,,,,
7896,Sesser,Illinois,IL,1876,38.08942,-89.05740,618,near
7897,Lawton,Michigan,MI,1876,42.15446,-85.82897,269,near
7898,Lattingtown,New York,NY,1875,,,,
7899,Hamlin,Texas,TX,1875,32.87989,-100.12801,325,near
7900,Sea Girt,New Jersey,NJ,1874,40.13452,-74.04360,732 848,near
7901,Edgerton,Ohio,OH,1874,41.44250,-84.73494,419,near
7902,Lykens,Pennsylvania,PA,1874,40.59092,-76.70736,717,near
7903,Durand,Wisconsin,WI,1873,44.63004,-91.92948,715,near
7904,Wiggins,Colorado,CO,1872,40.20565,-104.05281,970,near
7905,Kenyon,Minnesota,MN,1872,44.25524,-93.01966,507,near
7906,Gearhart,Oregon,OR,1872,,,,
7907,Burns,Tennessee,TN,1872,36.04707,-87.30606,615,near
7908,Wyoming,Delaware,DE,1871,,,,
7909,Badin,North Carolina,NC,1871,35.40583,-80.11694,704,near
7910,New Athens,Illinois,IL,1870,38.31600,-89.87278,618,near
7911,Piedmont,Missouri,MO,1869,37.15727,-90.69902,573,near
7912,Albion,Illinois,IL,1868,38.37400,-88.06356,,
7913,Carterville,Missouri,MO,1866,37.15073,-94.43594,417,near
7914,New Hartford,New York,NY,1866,43.06541,-75.29055,315,near
7915,Myersville,Maryland,MD,1865,39.52819,-77.55132,240 301,near
7916,Phelps,New York,NY,1865,42.95818,-77.04726,315,near
7917,Caldwell,Ohio,OH,1863,39.74665,-81.51528,220,near
7918,Fontana-on-Geneva Lake,Wisconsin,WI,1861,,,,
7919,Graysville,Alabama,AL,1859,33.63356,-86.94822,205,near
7920,Brownsville,Oregon,OR,1859,44.37697,-122.94849,458,near
7921,Manchester,Ohio,OH,1858,38.69817,-83.61806,220,near
7922,Valley View,Ohio,OH,1858,,,,
7923,Arkoma,Oklahoma,OK,1858,35.34335,-94.44031,539,near
7924,Lakeside,Oregon,OR,1858,43.58331,-124.16236,458 541,near
7925,Churubusco,Indiana,IN,1857,41.22899,-85.32436,260,near
7926,Wellington,Texas,TX,1857,34.87173,-100.22072,,
7927,Francis,Utah,UT,1857,,,,
7928,Lake Village,Arkansas,AR,1856,33.32741,-91.28249,,
7929,Pendergrass,Georgia,GA,1856,34.17963,-83.66336,678 770,near
7930,Aberdeen,Idaho,ID,1856,42.97672,-112.81812,208,near
7931,Trempealeau,Wisconsin,WI,1856,44.02184,-91.42820,608,near
7932,East Pittsburgh,Pennsylvania,PA,1855,40.40358,-79.83889,412 724 878,near
7933,St. George,South Carolina,SC,1855,,,,
7934,Lavallette,New Jersey,NJ,1854,39.97749,-74.07042,732 848,near
7935,New London,Iowa,IA,1853,40.91606,-91.39859,319,near
7936,Malta,Montana,MT,1853,48.36917,-107.84078,,
7937,Fall River,Wisconsin,WI,1853,43.40084,-89.06251,608,near
7938,Rushford,Minnesota,MN,1852,43.82163,-91.75365,507,near
7939,Gallatin,Missouri,MO,1852,39.90249,-93.97875,816,near
7940,Cameron,Wisconsin,WI,1851,45.40384,-91.73099,715,near
7941,South Roxana,Illinois,IL,1849,38.82944,-90.06278,618,near
7942,South Whitley,Indiana,IN,1849,41.07263,-85.61425,260,near
7943,Ingram,Texas,TX,1849,30.07313,-99.26902,830,near
7944,Augusta,Arkansas,AR,1848,35.27881,-91.35265,501,near
7945,Mackinaw,Illinois,IL,1848,40.53964,-89.34579,309,near
7946,Pocahontas,Iowa,IA,1848,42.72960,-94.67368,515,near
7947,Central Square,New York,NY,1848,43.30899,-76.18485,315,near
7948,San Augustine,Texas,TX,1848,31.51517,-94.13258,936,near
7949,Gila Bend,Arizona,AZ,1847,32.93059,-112.74683,623,near
7950,Priest River,Idaho,ID,1847,48.16637,-116.90662,208,near
7951,Beverly Hills,Texas,TX,1847,,,,
7952,Tennille,Georgia,GA,1846,32.90630,-82.84002,478,near
7953,Sour Lake,Texas,TX,1845,30.14913,-94.37334,409,near
7954,Cooperstown,New York,NY,1844,42.70319,-74.91815,315,near
7955,Marlette,Michigan,MI,1843,43.33988,-83.05725,810,near
7956,Pierce,Nebraska,NE,1843,42.19432,-97.52560,402 531,near
7957,South Connellsville,Pennsylvania,PA,1843,,,,
7958,Clarendon,Texas,TX,1843,34.95288,-100.89516,806,near
7959,Mart,Texas,TX,1843,31.54580,-96.83813,254,near
7960,Meadowlakes,Texas,TX,1843,,,,
7961,Somerset,Texas,TX,1843,29.21156,-98.62140,210,near
7962,Waurika,Oklahoma,OK,1842,34.17447,-97.99735,580,near
7963,Emporium,Pennsylvania,PA,1842,41.51769,-78.25361,814,near
7964,Reidville,South Carolina,SC,1842,34.86278,-82.11444,864,near
7965,Des Arc,Arkansas,AR,1841,34.97507,-91.51134,501,near
7966,Stockton,Missouri,MO,1841,37.72408,-93.79601,417,near
7967,Langdon,North Dakota,ND,1841,48.78656,-98.35662,,
7968,Ben Avon,Pennsylvania,PA,1841,,,,
7969,Millwood,Washington,WA,1841,,,,
7970,Van Meter,Iowa,IA,1840,41.53941,-93.95303,515,near
7971,Folsom,New Jersey,NJ,1840,,,,
7972,New Johnsonville,Tennessee,TN,1840,36.00877,-87.95469,931,near
7973,Level Plains,Alabama,AL,1839,,,,
7974,Shadeland,Indiana,IN,1839,,,,
7975,Jacobus,Pennsylvania,PA,1839,,,,
7976,Mount Vernon,Georgia,GA,1838,32.18398,-82.58672,912,near
7977,Lacon,Illinois,IL,1838,41.02159,-89.40084,309,near
7978,Berry Hill,Tennessee,TN,1838,,,,
7979,Bluff City,Tennessee,TN,1838,36.47739,-82.23618,423,near
7980,Tawas City,Michigan,MI,1837,44.26749,-83.54490,989,near
7981,Weston,Missouri,MO,1837,39.44529,-94.91445,816,near
7982,Conyngham,Pennsylvania,PA,1837,40.99194,-76.05694,272 570,near
7983,Vernon,Alabama,AL,1835,33.76129,-88.09792,205,near
7984,Bernie,Missouri,MO,1835,36.67270,-89.98776,573,near
7985,St. Matthews,South Carolina,SC,1834,,,,
7986,Cedar Point,North Carolina,NC,1833,,,,
7987,Navarre,Ohio,OH,1833,40.72040,-81.53382,234 330,near
7988,Big Beaver,Pennsylvania,PA,1832,,,,
7989,Milan,Indiana,IN,1831,39.15033,-85.13242,812,near
7990,Harlan,Kentucky,KY,1831,36.84999,-83.31957,,
7991,Brooklawn,New Jersey,NJ,1831,,,,
7992,Banks,Oregon,OR,1831,45.65348,-123.12098,503 971,near
7993,Union Point,Georgia,GA,1830,33.63454,-83.08791,706,near
7994,Crossville,Alabama,AL,1829,34.25878,-86.03057,256,near
7995,Superior,Nebraska,NE,1829,40.03154,-98.07787,402,near
7996,Youngstown,New York,NY,1829,43.24607,-79.02455,716,near
7997,North Belle Vernon,Pennsylvania,PA,1829,,,,
7998,Custer,South Dakota,SD,1829,43.74089,-103.61847,605,near
7999,Mesilla,New Mexico,NM,1828,32.27167,-106.79667,575,near
8000,Butler,Georgia,GA,1827,32.57260,-84.23431,478,near
8001,Morgan,Georgia,GA,1826,31.53750,-84.59944,229,near
8002,Sylvania,Alabama,AL,1824,34.55896,-85.79213,256,near
8003,Gurdon,Arkansas,AR,1824,33.91249,-93.14169,501,near
8004,Slater,Missouri,MO,1823,39.21627,-93.05467,660,near
8005,Lovelock,Nevada,NV,1823,40.18190,-118.46891,,
8006,Martinsburg,Pennsylvania,PA,1823,40.29508,-78.32437,814,near
8007,East Washington,Pennsylvania,PA,1821,,,,
8008,Blountsville,Alabama,AL,1820,34.09294,-86.56863,205,near
8009,Lone Jack,Missouri,MO,1820,38.89184,-94.16145,816,near
8010,Mayville,North Dakota,ND,1820,47.50138,-97.31764,701,near
8011,Lebanon Junction,Kentucky,KY,1818,37.85105,-85.72464,270 364,near
8012,Osseo,Wisconsin,WI,1818,44.55992,-91.21915,715,near
8013,Bay,Arkansas,AR,1817,35.74559,-90.55066,870,near
8014,Farmer City,Illinois,IL,1817,40.24469,-88.66339,217,near
8015,Frankton,Indiana,IN,1817,40.22855,-85.77911,765,near
8016,Humboldt,Kansas,KS,1817,37.80446,-95.42201,620,near
8017,Belmont,Mississippi,MS,1817,34.51025,-88.23091,662,near
8018,Sulligent,Alabama,AL,1816,33.85490,-88.15077,205,near
8019,Cross City,Florida,FL,1816,29.63417,-83.12528,352,near
8020,Magnolia,Mississippi,MS,1816,31.12175,-90.48311,601,near
8021,Fairchance,Pennsylvania,PA,1816,39.82288,-79.75505,412,near
8022,Cowan,Tennessee,TN,1816,35.17012,-86.01901,423,near
8023,Linden,Alabama,AL,1815,32.30534,-87.79536,334,near
8024,Jean Lafitte,Louisiana,LA,1815,,,,
8025,Newburgh Heights,Ohio,OH,1815,,,,
8026,North Judson,Indiana,IN,1814,41.22437,-86.69660,219,near
8027,Oakland,Maryland,MD,1813,39.39999,-79.38966,240,near
8028,Loretto,Tennessee,TN,1813,35.07280,-87.42698,931,near
8029,Spencer,Wisconsin,WI,1813,44.73915,-90.31141,715,near
8030,Newfield,New Jersey,NJ,1812,39.55526,-75.02756,856,near
8031,Linden,Texas,TX,1812,33.00482,-94.36051,903,near
8032,Montverde,Florida,FL,1811,28.59715,-81.67937,321 407,near
8033,Yanceyville,North Carolina,NC,1811,36.39070,-79.34649,336,near
8034,Homer,Georgia,GA,1810,34.35631,-83.49743,678,near
8035,Port Carbon,Pennsylvania,PA,1810,40.69773,-76.16605,272,near
8036,Carbon Cliff,Illinois,IL,1808,41.49472,-90.39056,309,near
8037,Syracuse,Kansas,KS,1807,37.98258,-101.76865,620,near
8038,Dundas,Minnesota,MN,1806,44.39554,-93.20369,507,near
8039,Bonneauville,Pennsylvania,PA,1806,,,,
8040,Bristol,Indiana,IN,1805,41.71688,-85.82619,574,near
8041,Davenport,Washington,WA,1805,47.68086,-118.16666,509,near
8042,Guttenberg,Iowa,IA,1804,42.75944,-91.11902,563,near
8043,Choteau,Montana,MT,1804,47.83795,-112.20214,406,near
8044,Bradford,Ohio,OH,1804,40.12856,-84.42929,937,near
8045,Coal Grove,Ohio,OH,1804,,,,
8046,West Homestead,Pennsylvania,PA,1804,,,,
8047,Three Rivers,Texas,TX,1803,28.47565,-98.17816,361,near
8048,Star City,West Virginia,WV,1803,,,,
8049,Ludowici,Georgia,GA,1802,31.77048,-81.74532,912,near
8050,Honey Grove,Texas,TX,1802,33.59851,-95.91090,903,near
8051,Questa,New Mexico,NM,1801,36.72572,-105.56098,,
8052,Cambridge,New York,NY,1801,43.04659,-73.38138,518,near
8053,South Bend,Washington,WA,1801,46.65440,-123.82031,360,near
8054,Shelby,Mississippi,MS,1800,33.94906,-90.76246,662,near
8055,Hamilton,Georgia,GA,1799,32.74180,-84.88475,706,near
8056,Landover Hills,Maryland,MD,1799,,,,
8057,Durant,Iowa,IA,1798,41.61451,-90.90999,563,near
8058,North Newton,Kansas,KS,1798,38.12825,-97.32880,316,near
8059,Roanoke,Indiana,IN,1796,40.96000,-85.35263,260,near
8060,Baraga,Michigan,MI,1795,46.79021,-88.49549,,
8061,Holland,Ohio,OH,1795,41.62263,-83.72571,419 567,near
8062,Belington,West Virginia,WV,1795,39.02444,-79.94951,304,near
8063,Weyauwega,Wisconsin,WI,1795,44.32097,-88.94105,920,near
8064,Columbus Junction,Iowa,IA,1794,41.27991,-91.37420,563,near
8065,Lorena,Texas,TX,1794,31.40927,-97.23016,254,near
8066,Pagosa Springs,Colorado,CO,1793,37.25234,-107.03850,,
8067,Cambria,Illinois,IL,1793,37.78139,-89.11917,618,near
8068,Franklin,Texas,TX,1792,31.03501,-96.44264,979,near
8069,Rector,Arkansas,AR,1791,36.26718,-90.27020,870,near
8070,Enfield,North Carolina,NC,1791,36.19733,-77.71291,252,near
8071,Oakfield,New York,NY,1790,43.07173,-78.27018,716,near
8072,Ramseur,North Carolina,NC,1790,35.70835,-79.63510,336 743,near
8073,Gruetli-Laager,Tennessee,TN,1789,,,,
8074,Cumberland,Kentucky,KY,1788,36.97109,-82.97705,,
8075,Elkland,Pennsylvania,PA,1788,41.98817,-77.31339,272,near
8076,Panguitch,Utah,UT,1788,37.80777,-112.43689,435,near
8077,Trumansburg,New York,NY,1787,42.52099,-76.66814,607,near
8078,Berrien Springs,Michigan,MI,1786,41.94800,-86.35401,269,near
8079,Caledonia,Michigan,MI,1786,42.79639,-85.56217,616,near
8080,Callahan,Florida,FL,1785,30.55196,-81.81446,904,near
8081,Leetonia,Ohio,OH,1785,40.86308,-80.75845,234 330,near
8082,Industry,Pennsylvania,PA,1785,40.66710,-80.41509,724,near
8083,Yorktown,Texas,TX,1785,28.98919,-97.51206,361,near
8084,Pinehurst,Idaho,ID,1784,47.50182,-116.26468,208,near
8085,Honeyville,Utah,UT,1783,41.62375,-112.09743,435,near
8086,Sardis City,Alabama,AL,1782,,,,
8087,Evart,Michigan,MI,1782,43.88877,-85.26493,989,near
8088,Doniphan,Missouri,MO,1782,36.62109,-90.81953,,
8089,Clatskanie,Oregon,OR,1782,46.09978,-123.21240,503,near
8090,Century,Florida,FL,1780,30.96874,-87.32158,850,near
8091,Sneads,Florida,FL,1780,30.72762,-84.93366,850,near
8092,Midway,Kentucky,KY,1780,38.14874,-84.69285,502,near
8093,Bessemer,Michigan,MI,1780,46.48019,-90.05154,,
8094,Lake Winnebago,Missouri,MO,1780,,,,
8095,Soap Lake,Washington,WA,1780,47.38303,-119.48596,509,near
8096,Meridian Hills,Indiana,IN,1779,,,,
8097,Leon,Iowa,IA,1779,40.73733,-93.74290,515,near
8098,Wesson,Mississippi,MS,1779,31.69006,-90.41311,601,near
8099,Rock Creek,Minnesota,MN,1778,45.76240,-92.93083,218,near
8100,Drexel,North Carolina,NC,1777,35.75778,-81.60444,828,near
8101,Oakes,North Dakota,ND,1777,46.12880,-98.09934,,
8102,Braham,Minnesota,MN,1776,45.71755,-93.20369,218,near
8103,Silver Bay,Minnesota,MN,1776,47.29991,-91.27775,218,near
8104,Mount Pleasant,North Carolina,NC,1776,35.41458,-80.41708,704 980,near
8105,Navassa,North Carolina,NC,1776,,,,
8106,Adrian,Missouri,MO,1775,38.41247,-94.36834,816,near
8107,Amity,Oregon,OR,1775,45.11570,-123.17440,503 971,near
8108,Alpine,New Jersey,NJ,1774,40.95110,-73.93084,201 551 862 973 908,near
8109,Marcellus,New York,NY,1774,42.98206,-76.33228,315,near
8110,Sharpsburg,North Carolina,NC,1774,35.86694,-77.82944,252,near
8111,Delcambre,Louisiana,LA,1773,29.94741,-91.98894,337,near
8112,Saltville,Virginia,VA,1773,36.89270,-81.74020,,
8113,Jeffersonville,Kentucky,KY,1772,37.96400,-83.85578,859,near
8114,Sun Valley,Idaho,ID,1771,43.69550,-114.35570,,
8115,Upper Brookville,New York,NY,1771,,,,
8116,Adams,Wisconsin,WI,1771,43.89669,-89.82187,715,near
8117,Girard,Illinois,IL,1770,39.44718,-89.78054,217,near
8118,Estill,South Carolina,SC,1770,32.73751,-81.21777,843,near
8119,Lamar,Arkansas,AR,1769,35.43487,-93.35516,479,near
8120,Westernport,Maryland,MD,1769,39.48262,-79.03073,240,near
8121,Butler,Wisconsin,WI,1769,43.10540,-88.07104,262 414,near
8122,Mazomanie,Wisconsin,WI,1769,43.18475,-89.76362,608,near
8123,Thorp,Wisconsin,WI,1769,44.95732,-90.80286,715,near
8124,Twin City,Georgia,GA,1767,32.61293,-82.19786,912,near
8125,Hudson,Illinois,IL,1767,40.62049,-88.97593,309,near
8126,Baker,Montana,MT,1767,46.35522,-104.26671,,
8127,Goldthwaite,Texas,TX,1767,31.44577,-98.57440,254,near
8128,WaKeeney,Kansas,KS,1766,39.01141,-99.88182,785,near
8129,Hallsville,Missouri,MO,1766,39.10543,-92.22386,573,near
8130,Mayfield,Pennsylvania,PA,1766,,,,
8131,Moorhead,Mississippi,MS,1764,33.47832,-90.51425,662,near
8132,Bellwood,Pennsylvania,PA,1764,40.60394,-78.33723,814,near
8133,Waterville,Minnesota,MN,1763,44.22380,-93.57506,507,near
8134,Village of the Branch,New York,NY,1763,,,,
8135,Bayou Vista,Texas,TX,1763,,,,
8136,Fritch,Texas,TX,1763,35.64412,-101.58448,806,near
8137,Vevay,Indiana,IN,1762,38.77242,-85.08522,812,near
8138,Andrews,North Carolina,NC,1762,35.19595,-83.82284,,
8139,McEwen,Tennessee,TN,1762,,,,
8140,Randolph,Wisconsin,WI,1762,43.53917,-89.00667,608,near
8141,Zolfo Springs,Florida,FL,1761,27.48004,-81.74233,863,near
8142,Somonauk,Illinois,IL,1761,41.63829,-88.68165,779,near
8143,Weedsport,New York,NY,1761,43.04888,-76.54250,315,near
8144,Fairfax,Ohio,OH,1761,,,,
8145,Whitewright,Texas,TX,1761,33.51904,-96.45103,903,near
8146,Long Beach,Washington,WA,1761,46.37737,-124.04704,360,near
8147,Peebles,Ohio,OH,1760,38.98689,-83.36870,220,near
8148,West Liberty,Ohio,OH,1760,40.26254,-83.75276,937,near
8149,Saratoga,Wyoming,WY,1760,41.44629,-106.79754,307,near
8150,Stillwater,New York,NY,1759,42.90565,-73.69716,518,near
8151,Port Edwards,Wisconsin,WI,1759,44.34971,-89.86525,715,near
8152,Warsaw,Kentucky,KY,1758,38.78070,-84.84958,859,near
8153,New Windsor,Maryland,MD,1758,39.51623,-77.10340,410 443 667,near
8154,Shoshone,Idaho,ID,1757,42.94735,-114.38218,208,near
8155,Jenkins,Kentucky,KY,1757,37.18633,-82.63004,,
8156,Monticello,Utah,UT,1757,37.92171,-109.31529,,
8157,Havana,Florida,FL,1756,30.60924,-84.41434,850,near
8158,Dayton,Virginia,VA,1756,38.43386,-78.99373,540,near
8159,Hampton,Illinois,IL,1755,41.54180,-90.32304,309,near
8160,Romney,West Virginia,WV,1755,39.34237,-78.74808,304,near
8161,French Lick,Indiana,IN,1753,38.53235,-86.61956,812,near
8162,Claremont,North Carolina,NC,1753,35.72105,-81.12967,828 704 980,near
8163,Ford Heights,Illinois,IL,1752,,,,
8164,Edgewood,Texas,TX,1752,32.70033,-95.87801,903,near
8165,Argos,Indiana,IN,1750,41.23083,-86.25057,574,near
8166,Hemby Bridge,North Carolina,NC,1750,,,,
8167,Woodworth,Louisiana,LA,1749,31.13259,-92.49900,318,near
8168,Milan,Missouri,MO,1749,40.18444,-93.13615,,
8169,South Floral Park,New York,NY,1749,,,,
8170,West Carthage,New York,NY,1749,,,,
8171,St. Marys,West Virginia,WV,1749,,,,
8172,Everett,Pennsylvania,PA,1748,40.00981,-78.37131,814,near
8173,Forest City,Pennsylvania,PA,1748,41.65459,-75.48725,272,near
8174,Stonewood,West Virginia,WV,1748,,,,
8175,Darien,Georgia,GA,1747,31.38257,-81.43117,912,near
8176,Osakis,Minnesota,MN,1747,45.87684,-95.13317,320,near
8177,South Coatesville,Pennsylvania,PA,1747,,,,
8178,Calhoun Falls,South Carolina,SC,1747,34.09991,-82.58054,864,near
8179,Watkins Glen,New York,NY,1746,42.37712,-76.90215,607,near
8180,Akron,Colorado,CO,1745,40.18032,-103.22589,,
8181,Cridersville,Ohio,OH,1745,,,,
8182,Albany,Kentucky,KY,1744,36.68569,-85.14068,,
8183,Roseville,Ohio,OH,1744,39.81866,-82.07921,220 740,near
8184,Marissa,Illinois,IL,1743,38.24545,-89.75012,618,near
8185,Lewisport,Kentucky,KY,1743,37.90902,-86.89571,270 364,near
8186,McArthur,Ohio,OH,1743,,,,
8187,Victoria,Virginia,VA,1743,36.98354,-78.23724,804,near
8188,Avon,Minnesota,MN,1742,45.61217,-94.43603,320,near
8189,Bloomfield,Missouri,MO,1742,36.89889,-89.94556,573,near
8190,Maggie Valley,North Carolina,NC,1742,35.52006,-83.09293,828,near
8191,Earle,Arkansas,AR,1741,35.27989,-90.45026,870,near
8192,Hamilton,Missouri,MO,1741,39.73641,-93.99090,816,near
8193,Huntsville,Tennessee,TN,1741,36.39833,-84.42883,865,near
8194,Port Barre,Louisiana,LA,1740,30.54779,-91.92858,337,near
8195,Belzoni,Mississippi,MS,1740,33.18421,-90.49244,662,near
8196,Albion,Nebraska,NE,1740,41.70495,-97.99912,402,near
8197,Lewisburg,Ohio,OH,1737,39.85340,-84.53685,937,near
8198,Crandon,Wisconsin,WI,1737,45.54155,-88.91162,715,near
8199,Cambridge City,Indiana,IN,1736,39.81817,-85.16845,765,near
8200,Sunray,Texas,TX,1735,36.00971,-101.81233,806,near
8201,Morrisville,New York,NY,1734,42.91081,-75.64866,315,near
8202,Fennville,Michigan,MI,1733,42.57767,-86.12488,616,near
8203,Hooker,Oklahoma,OK,1732,36.84798,-101.19068,,
8204,White Pigeon,Michigan,MI,1731,41.79289,-85.67501,269,near
8205,Allentown,New Jersey,NJ,1731,40.15892,-74.59093,609,near
8206,West Unity,Ohio,OH,1731,41.57565,-84.44207,419,near
8207,Union City,Michigan,MI,1730,42.05513,-85.13564,269,near
8208,Richland,Missouri,MO,1729,37.85275,-92.39624,573,near
8209,McCamey,Texas,TX,1728,,,,
8210,Memphis,Missouri,MO,1727,40.46191,-92.18508,,
8211,Tunkhannock,Pennsylvania,PA,1727,41.55069,-75.94104,272 570,near
8212,Butler,Alabama,AL,1726,32.08291,-88.20639,334,near
8213,Caney,Kansas,KS,1726,37.02241,-95.90913,,
8214,Elkhart,Kansas,KS,1726,37.01545,-101.90124,,
8215,Holley,New York,NY,1726,43.22549,-78.04039,585,near
8216,Wilder,Idaho,ID,1725,43.65785,-116.91220,208,near
8217,Catlettsburg,Kentucky,KY,1725,38.37995,-82.63206,606,near
8218,Homer City,Pennsylvania,PA,1725,40.53838,-79.18394,814,near
8219,Muenster,Texas,TX,1725,33.65955,-97.36241,940,near
8220,Crescent City,Florida,FL,1724,29.44544,-81.55791,386,near
8221,Moweaqua,Illinois,IL,1724,39.61613,-89.01278,217,near
8222,Carbon Hill,Alabama,AL,1723,33.90925,-87.54033,205,near
8223,Grove Hill,Alabama,AL,1723,31.67550,-87.76357,334,near
8224,Springerville,Arizona,AZ,1723,34.11933,-109.30407,,
8225,Decatur,Arkansas,AR,1723,36.33475,-94.45341,479,near
8226,Farley,Iowa,IA,1723,42.44506,-91.00827,563,near
8227,Paul,Idaho,ID,1722,42.62400,-113.79712,208,near
8228,Prairie City,Iowa,IA,1722,41.58543,-93.24099,515,near
8229,Rock Island,Washington,WA,1722,47.37056,-120.13779,509,near
8230,Munfordville,Kentucky,KY,1721,37.28981,-85.92014,270,near
8231,Painted Post,New York,NY,1721,42.17097,-77.11938,607,near
8232,Haskell,Oklahoma,OK,1721,35.81075,-95.68398,539,near
8233,Gordon,Georgia,GA,1720,32.90921,-83.32042,478,near
8234,Princeville,Illinois,IL,1719,40.90928,-89.77228,309,near
8235,Westwood,Kansas,KS,1719,,,,
8236,Wilmerding,Pennsylvania,PA,1719,40.39342,-79.80303,412 724 878,near
8237,Palmyra,Wisconsin,WI,1719,42.87926,-88.59025,262,near
8238,Tekamah,Nebraska,NE,1717,41.78190,-96.22814,402,near
8239,Gregory,Texas,TX,1717,27.92194,-97.28972,361,near
8240,Shamrock,Texas,TX,1717,35.22060,-100.26215,,
8241,Edgerton,Kansas,KS,1716,38.78108,-95.00938,913,near
8242,Ware Shoals,South Carolina,SC,1716,34.40249,-82.26779,864,near
8243,Goliad,Texas,TX,1716,28.69926,-97.37832,361,near
8244,Island Heights,New Jersey,NJ,1715,39.94320,-74.14679,732 848,near
8245,Coalgate,Oklahoma,OK,1715,34.53441,-96.21673,580,near
8246,Langston,Oklahoma,OK,1715,35.94500,-97.25500,405,near
8247,Greybull,Wyoming,WY,1715,44.49188,-108.07950,,
8248,Orion,Illinois,IL,1714,41.36337,-90.38493,309,near
8249,Atlantic Beach,New York,NY,1713,40.58865,-73.72554,516 347 718 917 929,near
8250,Sylvan Lake,Michigan,MI,1712,,,,
8251,Holliday,Texas,TX,1712,33.67514,-98.65763,940,near
8252,Morton,Texas,TX,1712,33.71572,-102.77962,806,near
8253,Moore Haven,Florida,FL,1711,26.83275,-81.21878,239,near
8254,Daleville,Indiana,IN,1711,40.12574,-85.51102,765,near
8255,St. Johnsville,New York,NY,1711,,,,
8256,Canton,Pennsylvania,PA,1711,41.65378,-76.85819,272,near
8257,Lakefield,Minnesota,MN,1710,43.65446,-95.18483,507,near
8258,Albany,Missouri,MO,1710,40.25128,-94.32698,816,near
8259,Ragland,Alabama,AL,1709,33.73668,-86.16190,256,near
8260,Valatie,New York,NY,1709,42.43205,-73.66832,518,near
8261,Stanfield,North Carolina,NC,1709,35.21061,-80.44067,704,near
8262,Ritzville,Washington,WA,1709,47.13153,-118.39581,509,near
8263,Medicine Lodge,Kansas,KS,1708,37.28445,-98.58478,620,near
8264,Montrose,Michigan,MI,1708,43.17538,-83.88241,810,near
8265,Deatsville,Alabama,AL,1707,32.61341,-86.33821,334,near
8266,Blue Grass,Iowa,IA,1707,41.51117,-90.73802,563,near
8267,Moville,Iowa,IA,1707,42.48192,-96.06558,712,near
8268,Woodbine,Iowa,IA,1707,41.73727,-95.70078,712,near
8269,Cassopolis,Michigan,MI,1707,41.89681,-85.99227,269,near
8270,Watervliet,Michigan,MI,1707,42.19380,-86.26037,269,near
8271,Edmonton,Kentucky,KY,1705,36.98520,-85.59274,270,near
8272,Centerburg,Ohio,OH,1701,40.28651,-82.68004,614,near
8273,North Bennington,Vermont,VT,1701,42.92385,-73.23753,,
8274,Idaho Springs,Colorado,CO,1699,39.74019,-105.59826,303,near
8275,Chenoa,Illinois,IL,1699,40.74463,-88.72185,309,near
8276,Estell Manor,New Jersey,NJ,1699,39.37825,-74.81651,856,near
8277,Danbury,Texas,TX,1699,29.22908,-95.34346,979 281 346 713 832,near
8278,Tecumseh,Nebraska,NE,1697,40.36970,-96.20495,402,near
8279,Quogue,New York,NY,1697,40.82306,-72.61000,631,near
8280,Pleasantville,Iowa,IA,1696,41.37384,-93.27121,515,near
8281,Ada,Minnesota,MN,1696,47.31560,-96.50357,218,near
8282,Charleston,Mississippi,MS,1696,33.97262,-90.11156,662,near
8283,Stanley,Virginia,VA,1696,38.56604,-78.50926,540,near
8284,Camden,Alabama,AL,1695,32.00473,-87.29505,334,near
8285,New Buffalo,Michigan,MI,1695,41.78559,-86.74663,269,near
8286,Sebewaing,Michigan,MI,1695,43.72889,-83.43662,989,near
8287,Chester,New Jersey,NJ,1695,40.78919,-74.67765,862 973,near
8288,Sodus,New York,NY,1695,43.22168,-77.05141,585,near
8289,South Charleston,Ohio,OH,1695,39.84694,-83.66079,937,near
8290,Teutopolis,Illinois,IL,1694,39.13198,-88.47674,217,near
8291,Wayland,New York,NY,1694,42.55927,-77.59061,585,near
8292,Elgin,Oregon,OR,1694,45.59410,-117.91119,,
8293,Howey-in-the-Hills,Florida,FL,1693,,,,
8294,Plainville,Kansas,KS,1693,39.23082,-99.30083,785,near
8295,Murphy,North Carolina,NC,1693,35.07923,-84.10145,,
8296,Steele,Missouri,MO,1692,36.09153,-89.83459,,
8297,Glen Gardner,New Jersey,NJ,1691,40.71344,-74.91621,862,near
8298,Plymouth,Ohio,OH,1691,41.00031,-82.66349,419,near
8299,Cambridge,Wisconsin,WI,1691,42.99176,-89.02090,608,near
8300,Hidden Hills,California,CA,1689,,,,
8301,Clayton,New York,NY,1689,44.21702,-76.10706,315,near
8302,Tremont,Pennsylvania,PA,1689,40.62684,-76.39880,717,near
8303,Middleport,New York,NY,1688,43.21826,-78.48405,716,near
8304,Armada,Michigan,MI,1687,42.84090,-82.88990,231 586,near
8305,Kenly,North Carolina,NC,1687,35.60774,-78.13823,252,near
8306,Bridgeport,Illinois,IL,1686,38.69451,-87.85493,217,near
8307,Antwerp,Ohio,OH,1686,41.18874,-84.74480,419,near
8308,Evans City,Pennsylvania,PA,1686,40.78079,-80.05920,724,near
8309,Avoca,Iowa,IA,1685,41.47683,-95.35087,712,near
8310,Oak Leaf,Texas,TX,1685,,,,
8311,Hagerstown,Indiana,IN,1684,39.92277,-85.16009,765,near
8312,Milford,Indiana,IN,1684,41.40114,-85.85544,574,near
8313,Vonore,Tennessee,TN,1684,35.53536,-84.17783,865,near
8314,Columbine Valley,Colorado,CO,1683,,,,
8315,Sardis,Mississippi,MS,1683,34.42757,-89.92208,662,near
8316,Warsaw,Virginia,VA,1683,37.94999,-76.73652,804,near
8317,Sumas,Washington,WA,1683,48.97076,-122.20743,360,near
8318,Owenton,Kentucky,KY,1682,38.49860,-84.80863,502,near
8319,Marion,Mississippi,MS,1682,32.41722,-88.64778,601 769,near
8320,Dundee,New York,NY,1682,42.50526,-77.00277,607,near
8321,Fox Lake,Wisconsin,WI,1682,43.58151,-88.90408,920,near
8322,Remsen,Iowa,IA,1681,42.81490,-95.95438,712,near
8323,Big Timber,Montana,MT,1681,45.82827,-109.96309,406,near
8324,Mechanicsburg,Ohio,OH,1681,40.06466,-83.57235,937,near
8325,Eagle River,Wisconsin,WI,1681,45.91608,-89.25306,715,near
8326,Cordova,Alabama,AL,1680,33.76803,-87.18406,205,near
8327,Hildebran,North Carolina,NC,1680,35.71389,-81.42222,828,near
8328,Mediapolis,Iowa,IA,1679,41.00593,-91.13214,319,near
8329,Windham,Ohio,OH,1679,41.23924,-81.05345,234 330,near
8330,Osburn,Idaho,ID,1678,47.50611,-115.99833,208,near
8331,Drew,Mississippi,MS,1678,33.86703,-90.54061,662,near
8332,Malvern,Alabama,AL,1677,31.15753,-85.52233,334,near
8333,Freeport,Pennsylvania,PA,1677,40.70328,-79.66299,412 724 878,near
8334,Patton,Pennsylvania,PA,1677,40.62304,-78.63503,814,near
8335,Bartlett,Texas,TX,1676,30.79906,-97.42630,512,near
8336,Lebanon,New Jersey,NJ,1675,40.64662,-74.82904,732,near
8337,Nooksack,Washington,WA,1675,48.92778,-122.32028,360,near
8338,Gilman,Illinois,IL,1674,40.76799,-87.99334,779,near
8339,Auburn,Kentucky,KY,1674,36.88175,-86.71981,270,near
8340,Wakefield,Michigan,MI,1674,46.47518,-89.94245,,
8341,Reinbeck,Iowa,IA,1673,42.31308,-92.59484,319,near
8342,Port Dickinson,New York,NY,1673,,,,
8343,Moroni,Utah,UT,1673,39.52500,-111.58972,385,near
8344,Lake Como,New Jersey,NJ,1672,,,,
8345,Bourbon,Indiana,IN,1671,41.30978,-86.11744,574,near
8346,Adams,New York,NY,1671,43.81614,-76.05430,315,near
8347,Luther,Oklahoma,OK,1671,35.63149,-97.18229,405,near
8348,Culver,Oregon,OR,1670,44.48180,-121.23435,,
8349,Greenwich,New York,NY,1669,43.09618,-73.50666,518,near
8350,Braddock,Pennsylvania,PA,1669,40.40630,-79.86435,412 878 724,near
8351,Shiremanstown,Pennsylvania,PA,1669,,,,
8352,Stockton,Illinois,IL,1668,42.34922,-90.02018,779,near
8353,Unionville,Missouri,MO,1668,40.48146,-92.99509,,
8354,Cottonwood Shores,Texas,TX,1668,,,,
8355,Braddock Hills,Pennsylvania,PA,1667,,,,
8356,Webster,South Dakota,SD,1666,45.32257,-97.51532,605,near
8357,Ridgely,Tennessee,TN,1666,36.26385,-89.48577,731,near
8358,Baldwin,Louisiana,LA,1665,29.84878,-91.54578,337,near
8359,Hollis,Oklahoma,OK,1665,34.69528,-99.91771,580,near
8360,Tuckerman,Arkansas,AR,1664,35.73068,-91.20035,870,near
8361,Canby,Minnesota,MN,1664,44.72019,-96.27839,,
8362,Lakeland,Minnesota,MN,1664,44.93938,-92.77159,651,near
8363,Canyonville,Oregon,OR,1664,42.93068,-123.27801,458,near
8364,Rocky Top,Tennessee,TN,1664,,,,
8365,Duchesne,Utah,UT,1664,39.95398,-110.61809,385,near
8366,Youngsville,Pennsylvania,PA,1663,41.85365,-79.31871,814,near
8367,Cosmopolis,Washington,WA,1663,46.95379,-123.77394,360,near
8368,Galesville,Wisconsin,WI,1663,44.08885,-91.35879,608,near
8369,Charlotte,Tennessee,TN,1662,36.23261,-87.28155,931,near
8370,Wardsville,Missouri,MO,1661,,,,
8371,Hillsboro,North Dakota,ND,1661,47.39417,-97.05602,701,near
8372,Bovina,Texas,TX,1661,34.48150,-102.80612,806,near
8373,Pittsville,Maryland,MD,1660,38.37546,-75.40759,410 443 667,near
8374,Decatur,Michigan,MI,1660,42.10122,-86.03381,269,near
8375,Wright,Wyoming,WY,1660,43.82935,-105.53233,307,near
8376,Pewee Valley,Kentucky,KY,1659,38.30394,-85.48338,502,near
8377,Lookout Mountain,Georgia,GA,1657,34.93351,-85.37938,706,near
8378,Elgin,South Carolina,SC,1657,34.16196,-80.81129,803,near
8379,Lake City,Iowa,IA,1656,42.27049,-94.74579,515,near
8380,Ogden,Kansas,KS,1656,39.11922,-96.70008,785,near
8381,Jonesboro,Illinois,IL,1655,37.44608,-89.29149,618,near
8382,Sturgis,Kentucky,KY,1655,37.54867,-87.99646,270,near
8383,Gilbert,Minnesota,MN,1655,47.48849,-92.40246,218,near
8384,North Lewisburg,Ohio,OH,1655,40.22287,-83.56148,937,near
8385,Jonestown,Pennsylvania,PA,1654,40.43607,-76.50384,717,near
8386,Independence,Louisiana,LA,1653,30.63515,-90.52769,985,near
8387,Genola,Utah,UT,1653,,,,
8388,Newton,Alabama,AL,1652,31.33106,-85.59923,334,near
8389,Aurora,Minnesota,MN,1652,47.49510,-92.24149,218,near
8390,Decatur,Tennessee,TN,1652,35.50717,-84.80805,423,near
8391,Altamont,New York,NY,1651,42.70627,-74.01934,518,near
8392,Phoenix,Illinois,IL,1650,,,,
8393,Walnut Grove,Georgia,GA,1649,,,,
8394,Kettle Falls,Washington,WA,1649,48.63638,-118.05480,425,near
8395,Ina,Illinois,IL,1648,38.15274,-88.88936,618,near
8396,Grandview Plaza,Kansas,KS,1648,,,,
8397,Maple Plain,Minnesota,MN,1648,45.00790,-93.65420,763 952 612,near
8398,Flora,Mississippi,MS,1648,32.55783,-90.32351,601 769,near
8399,Tchula,Mississippi,MS,1648,33.16239,-90.25001,662,near
8400,Jefferson,North Carolina,NC,1648,36.40899,-81.43963,828,near
8401,Lumberton,Mississippi,MS,1647,31.05336,-89.45425,601,near
8402,Dresden,Ohio,OH,1647,40.11294,-82.01881,220 740,near
8403,Glouster,Ohio,OH,1647,39.49784,-82.08713,220 740,near
8404,Whiting,Wisconsin,WI,1647,,,,
8405,Jerome,Illinois,IL,1646,,,,
8406,Manson,Iowa,IA,1646,42.52850,-94.53039,515,near
8407,Ridgely,Maryland,MD,1646,38.95679,-75.88483,410,near
8408,Rolling Hills,California,CA,1645,,,,
8409,Franklinville,New York,NY,1644,42.33882,-78.44004,716,near
8410,Yacolt,Washington,WA,1644,45.86225,-122.42754,360,near
8411,Crested Butte,Colorado,CO,1643,38.86908,-106.96190,,
8412,Port Byron,Illinois,IL,1643,41.60135,-90.32629,309,near
8413,Forsyth,Montana,MT,1643,46.28190,-106.69909,,
8414,Malone,Florida,FL,1642,30.96025,-85.16387,850,near
8415,Bladenboro,North Carolina,NC,1642,34.56583,-78.77930,910,near
8416,Watertown,Tennessee,TN,1642,36.09527,-86.14341,615 629,near
8417,Archer City,Texas,TX,1642,33.59556,-98.62528,940,near
8418,Spring Park,Minnesota,MN,1641,44.93557,-93.63410,952 763 612,near
8419,John Day,Oregon,OR,1641,44.40998,-119.10516,,
8420,Gaston,South Carolina,SC,1641,33.83371,-81.11740,803,near
8421,Marfa,Texas,TX,1641,30.29298,-104.08483,,
8422,Brookston,Indiana,IN,1640,40.60109,-86.87531,765,near
8423,Coushatta,Louisiana,LA,1640,32.05010,-93.31564,318,near
8424,Paxtang,Pennsylvania,PA,1640,,,,
8425,Mapleton,Minnesota,MN,1639,43.93306,-93.95425,507,near
8426,Clinton,New York,NY,1639,43.05856,-75.38079,315,near
8427,Plum Grove,Texas,TX,1639,,,,
8428,Lepanto,Arkansas,AR,1638,35.60691,-90.33588,870,near
8429,Kimball,Tennessee,TN,1638,,,,
8430,Winfield,Missouri,MO,1637,38.98973,-90.82132,636,near
8431,Urbana,Iowa,IA,1635,42.22417,-91.87417,319,near
8432,Tutwiler,Mississippi,MS,1635,33.98195,-90.37534,662,near
8433,Jackson,South Carolina,SC,1635,33.33889,-81.79763,803,near
8434,Atlanta,Illinois,IL,1634,40.25862,-89.23002,309,near
8435,Golden Meadow,Louisiana,LA,1634,29.38205,-90.26393,985,near
8436,Langhorne,Pennsylvania,PA,1634,40.17506,-74.91510,215 267,near
8437,McConnelsville,Ohio,OH,1633,39.67001,-81.83763,220,near
8438,Shamokin Dam,Pennsylvania,PA,1633,40.84861,-76.82000,272,near
8439,North Liberty,Indiana,IN,1632,41.54251,-86.41333,574,near
8440,Edgeworth,Pennsylvania,PA,1631,,,,
8441,New Fairview,Texas,TX,1631,,,,
8442,Manchester,New York,NY,1630,42.96987,-77.22973,585,near
8443,Varnville,South Carolina,SC,1630,32.83489,-81.02884,843,near
8444,Salem,Arkansas,AR,1626,36.36540,-91.83632,870,near
8445,Comer,Georgia,GA,1626,34.08878,-83.12198,706,near
8446,Kentland,Indiana,IN,1626,40.78768,-87.44707,765,near
8447,Slater,Iowa,IA,1626,41.87651,-93.68116,515,near
8448,Plentywood,Montana,MT,1626,48.77882,-104.56003,,
8449,Burnsville,North Carolina,NC,1626,35.90297,-82.28762,828,near
8450,East Ellijay,Georgia,GA,1625,34.68264,-84.47306,706,near
8451,Oswego,Kansas,KS,1625,37.18225,-95.13346,,
8452,Whitesburg,Kentucky,KY,1625,37.11546,-82.83877,,
8453,Fair Grove,Missouri,MO,1625,37.37214,-93.14282,417,near
8454,Nissequogue,New York,NY,1625,,,,
8455,East Spencer,North Carolina,NC,1625,35.68167,-80.43250,704 980,near
8456,Mulberry,Arkansas,AR,1624,35.51725,-93.98851,479,near
8457,Deer Trail,Colorado,CO,1624,39.59312,-104.06800,303,near
8458,Norris,Tennessee,TN,1623,36.19556,-84.06806,865,near
8459,Inglis,Florida,FL,1622,29.03000,-82.66889,352,near
8460,Granite,Oklahoma,OK,1622,34.97118,-99.38814,580,near
8461,Wind Point,Wisconsin,WI,1622,,,,
8462,Kirkland,Illinois,IL,1621,42.10141,-88.86852,779 815,near
8463,Haubstadt,Indiana,IN,1621,38.18954,-87.57983,812 930,near
8464,Bruce,Mississippi,MS,1621,34.00663,-89.34839,662,near
8465,Hines,Oregon,OR,1621,43.56417,-119.08000,,
8466,Perryopolis,Pennsylvania,PA,1621,40.08572,-79.75438,412,near
8467,Charlotte,Texas,TX,1620,28.86487,-98.70700,210,near
8468,Moody,Texas,TX,1620,31.25332,-97.40996,254,near
8469,Wrightsville,Arkansas,AR,1618,34.60222,-92.21667,501,near
8470,Dunsmuir,California,CA,1618,41.21244,-122.27340,530,near
8471,Aurora,Texas,TX,1618,,,,
8472,Whitehall,Wisconsin,WI,1618,44.38268,-91.30295,715,near
8473,Hudson,Colorado,CO,1617,40.06056,-104.65321,303 720,near
8474,Wellington,Utah,UT,1617,39.53726,-110.73695,385,near
8475,Woodstock,Alabama,AL,1616,33.16981,-87.16347,205,near
8476,Mount Ayr,Iowa,IA,1616,40.71420,-94.23215,515,near
8477,Homer,Michigan,MI,1616,42.14156,-84.81572,269,near
8478,Cressona,Pennsylvania,PA,1616,40.62836,-76.19503,717,near
8479,Whitwell,Tennessee,TN,1616,35.19723,-85.50111,423,near
8480,Belleair Beach,Florida,FL,1615,27.92290,-82.84130,727,near
8481,Stratford,Wisconsin,WI,1614,44.78988,-90.05832,715,near
8482,Sylvan Springs,Alabama,AL,1613,,,,
8483,Woodburn,Indiana,IN,1613,41.13610,-84.89287,260,near
8484,Santa Clara,New Mexico,NM,1613,32.77977,-108.16270,,
8485,Brookside Village,Texas,TX,1613,,,,
8486,Ralls,Texas,TX,1613,33.67898,-101.38274,806,near
8487,Woodland Hills,Utah,UT,1613,,,,
8488,Summerdale,Alabama,AL,1612,30.47522,-87.69918,251,near
8489,White Castle,Louisiana,LA,1612,30.15447,-91.17734,225,near
8490,Fulton,Texas,TX,1612,28.22345,-96.80838,361,near
8491,Lakeside,Texas,TX,1612,,,,
8492,Tryon,North Carolina,NC,1611,35.21570,-82.23942,828,near
8493,Cheswick,Pennsylvania,PA,1611,40.56812,-79.84100,412 878 724,near
8494,Oberlin,Kansas,KS,1610,39.82751,-100.53139,,
8495,Orchard Grass Hills,Kentucky,KY,1610,,,,
8496,Chilhowie,Virginia,VA,1610,36.77191,-81.66510,,
8497,Tieton,Washington,WA,1610,46.70633,-120.74728,509,near
8498,Hurley,Wisconsin,WI,1610,46.44482,-90.19750,,
8499,Edmonston,Maryland,MD,1609,,,,
8500,New Market,Maryland,MD,1609,39.38250,-77.26972,240 301,near
8501,Nashville,Michigan,MI,1609,42.59372,-85.12203,269,near
8502,Warner,Oklahoma,OK,1609,35.49455,-95.30643,539,near
8503,New Plymouth,Idaho,ID,1608,43.95902,-116.80482,208,near
8504,Allegany,New York,NY,1608,42.09183,-78.49988,716,near
8505,Trafalgar,Indiana,IN,1607,39.36959,-86.18379,317,near
8506,Richwood,West Virginia,WV,1607,38.22299,-80.54448,304,near
8507,Henderson,Louisiana,LA,1605,,,,
8508,Elk Rapids,Michigan,MI,1605,44.89547,-85.40823,,
8509,Ainsworth,Nebraska,NE,1605,42.54027,-99.86149,,
8510,Huachuca City,Arizona,AZ,1604,31.66390,-110.33341,520,near
8511,McMechen,West Virginia,WV,1604,39.98779,-80.73082,304 681,near
8512,Walnut Cove,North Carolina,NC,1603,36.31887,-80.14841,336,near
8513,Crystal Falls,Michigan,MI,1601,46.10925,-88.35052,,
8514,Perry,Ohio,OH,1601,41.76792,-81.14331,440,near
8515,Carrier Mills,Illinois,IL,1600,37.67820,-88.61271,618,near
8516,Garden City,Missouri,MO,1599,38.56808,-94.18253,816,near
8517,Stinnett,Texas,TX,1599,35.83766,-101.45001,806,near
8518,Earlville,Illinois,IL,1598,41.58590,-88.91035,779,near
8519,Worthington Hills,Kentucky,KY,1598,,,,
8520,Zwolle,Louisiana,LA,1598,31.61379,-93.66357,318,near
8521,Stevenson,Washington,WA,1598,45.68817,-121.90935,360,near
8522,Orfordville,Wisconsin,WI,1598,42.62777,-89.25329,608,near
8523,Akutan,Alaska,AK,1596,54.14301,-165.78537,,
8524,Dunlap,Illinois,IL,1596,40.84442,-89.63966,309,near
8525,Coal Run Village,Kentucky,KY,1596,,,,
8526,Victory Gardens,New Jersey,NJ,1596,,,,
8527,Thomson,Illinois,IL,1595,41.98163,-90.08444,779,near
8528,Manteo,North Carolina,NC,1595,35.89477,-75.67142,,
8529,Eaton,Indiana,IN,1594,40.33767,-85.35439,765,near
8530,Alvord,Texas,TX,1594,33.36982,-97.68849,940,near
8531,Haymarket,Virginia,VA,1594,38.81280,-77.63620,571 703,near
8532,Scotland Neck,North Carolina,NC,1592,36.13014,-77.42727,252,near
8533,St. Stephen,South Carolina,SC,1592,,,,
8534,Bunker Hill,Illinois,IL,1591,39.04083,-89.96238,618,near
8535,Ripley,Ohio,OH,1591,38.75509,-83.82268,513,near
8536,Osgood,Indiana,IN,1590,39.15734,-85.29381,812,near
8537,Wellston,Missouri,MO,1590,,,,
8538,Hatch,New Mexico,NM,1590,32.65834,-107.15903,575,near
8539,Englewood,Tennessee,TN,1590,35.42724,-84.48327,423,near
8540,Spencer,Tennessee,TN,1590,35.72787,-85.42866,931,near
8541,Owingsville,Kentucky,KY,1589,38.15320,-83.75644,859,near
8542,Sorrento,Louisiana,LA,1589,30.18539,-90.86314,985,near
8543,Fort Loramie,Ohio,OH,1589,40.33063,-84.37413,937,near
8544,Woodbranch,Texas,TX,1587,,,,
8545,Buena Vista,Georgia,GA,1586,32.35420,-84.52735,706,near
8546,Colmar Manor,Maryland,MD,1586,,,,
8547,West Baraboo,Wisconsin,WI,1586,,,,
8548,Hartley,Iowa,IA,1584,43.17998,-95.48170,712,near
8549,South Carthage,Tennessee,TN,1584,,,,
8550,South Rockwood,Michigan,MI,1583,42.06240,-83.26630,734 313,near
8551,East Berlin,Pennsylvania,PA,1583,39.96455,-77.00725,717,near
8552,Sedgwick,Kansas,KS,1582,37.86933,-97.40241,316,near
8553,Cleveland,Wisconsin,WI,1581,43.92173,-87.76731,920,near
8554,Denton,North Carolina,NC,1580,35.61957,-80.09593,336,near
8555,Port Barrington,Illinois,IL,1579,,,,
8556,Guthrie Center,Iowa,IA,1579,41.68367,-94.48644,515,near
8557,Niagara,Wisconsin,WI,1579,45.76534,-88.03093,,
8558,San Antonio,Florida,FL,1577,28.33714,-82.28824,813,near
8559,Athens,New York,NY,1577,42.27360,-73.81517,845,near
8560,Wadley,Georgia,GA,1576,32.87474,-82.40246,912,near
8561,Snow Hill,North Carolina,NC,1576,35.44385,-77.69557,252,near
8562,Wolcott,New York,NY,1575,43.23413,-76.82175,315,near
8563,Pennington Gap,Virginia,VA,1575,36.75075,-83.02230,,
8564,Smackover,Arkansas,AR,1573,33.33983,-92.74425,870,near
8565,De Pue,Illinois,IL,1573,,,,
8566,Bangor,Wisconsin,WI,1573,43.86870,-90.98089,608,near
8567,Spring Green,Wisconsin,WI,1573,43.18835,-90.06761,608,near
8568,Emigration Canyon metro,Utah,UT,1572,,,,
8569,Roaming Shores,Ohio,OH,1571,,,,
8570,Newton,Texas,TX,1571,30.83507,-93.74970,409,near
8571,Hancock,Maryland,MD,1570,39.69908,-78.17625,240,near
8572,Deshler,Ohio,OH,1570,41.22395,-83.89643,419,near
8573,Random Lake,Wisconsin,WI,1570,43.56721,-87.98155,262,near
8574,Smith Center,Kansas,KS,1569,39.80422,-98.78424,785,near
8575,Salisbury,Missouri,MO,1569,39.43185,-92.80144,573,near
8576,Keystone Heights,Florida,FL,1566,29.79758,-81.98989,352,near
8577,Pineville,Kentucky,KY,1566,36.75130,-83.69850,,
8578,Harbor Beach,Michigan,MI,1566,43.83125,-82.68861,810,near
8579,Quincy,Michigan,MI,1566,41.97069,-84.84929,269,near
8580,South Amherst,Ohio,OH,1566,,,,
8581,East Carbon,Utah,UT,1566,39.54609,-110.41131,,
8582,Oakley,Utah,UT,1566,40.71472,-111.30000,385,near
8583,Harvey,North Dakota,ND,1564,47.76812,-99.93294,701,near
8584,Union City,Ohio,OH,1564,40.20177,-84.78321,937,near
8585,Roseto,Pennsylvania,PA,1564,,,,
8586,Pierson,Florida,FL,1563,29.22260,-81.43533,386,near
8587,Corydon,Iowa,IA,1563,40.76131,-93.32255,641,near
8588,Shelbina,Missouri,MO,1563,39.69472,-92.03706,573,near
8589,Mont Alto,Pennsylvania,PA,1563,39.84169,-77.55368,717,near
8590,Jonesville,Louisiana,LA,1562,31.63649,-91.84581,318,near
8591,Eureka,Montana,MT,1561,48.84277,-115.00494,,
8592,Quinlan,Texas,TX,1561,32.89835,-96.12608,903,near
8593,Entiat,Washington,WA,1561,47.70565,-120.27603,509,near
8594,Gordo,Alabama,AL,1559,33.34692,-87.90050,205,near
8595,Pine Prairie,Louisiana,LA,1559,30.78361,-92.42528,337,near
8596,Poetry,Texas,TX,1559,,,,
8597,Monette,Arkansas,AR,1558,35.90017,-90.34366,870,near
8598,Lake Park,Georgia,GA,1558,30.69062,-83.17529,229,near
8599,Chesilhurst,New Jersey,NJ,1558,,,,
8600,Addison,New York,NY,1558,42.09825,-77.26603,607,near
8601,Mexico,New York,NY,1557,43.46053,-76.24459,315,near
8602,Walcott,Iowa,IA,1556,41.64531,-90.72560,563,near
8603,Neligh,Nebraska,NE,1556,42.13893,-98.01507,402,near
8604,East Hampton,New York,NY,1556,40.99296,-72.17896,631,near
8605,Coeburn,Virginia,VA,1556,36.96049,-82.47350,,
8606,Hamilton,Indiana,IN,1555,41.55660,-84.89509,260,near
8607,Palo,Iowa,IA,1554,42.03650,-91.78770,319,near
8608,Del Rey Oaks,California,CA,1553,,,,
8609,Sharon,Wisconsin,WI,1553,42.51937,-88.72652,608,near
8610,Terry,Mississippi,MS,1552,32.11468,-90.32414,601 769,near
8611,Dravosburg,Pennsylvania,PA,1552,40.35268,-79.88946,412 878 724,near
8612,Southern View,Illinois,IL,1551,,,,
8613,Apollo,Pennsylvania,PA,1551,40.55648,-79.57716,412 724 878,near
8614,Marathon City,Wisconsin,WI,1551,,,,
8615,Warren,Minnesota,MN,1549,48.20784,-96.75970,,
8616,Minco,Oklahoma,OK,1548,35.30672,-97.96638,405,near
8617,Montgomery,Pennsylvania,PA,1548,41.17878,-76.88393,272 570,near
8618,Traer,Iowa,IA,1547,42.18469,-92.48268,319,near
8619,Chatham,New York,NY,1547,42.34958,-73.58728,518,near
8620,Harrisville,West Virginia,WV,1547,39.19961,-81.04597,304,near
8621,Delavan,Illinois,IL,1545,40.36903,-89.53213,309,near
8622,Akron,Iowa,IA,1545,42.83539,-96.52245,712,near
8623,Connelly Springs,North Carolina,NC,1545,,,,
8624,Baird,Texas,TX,1545,32.39156,-99.37766,325,near
8625,Ackerman,Mississippi,MS,1544,33.35168,-89.20139,662,near
8626,Lynchburg,Ohio,OH,1544,39.21193,-83.80212,513,near
8627,Eudora,Arkansas,AR,1543,33.12135,-91.27155,,
8628,Waterman,Illinois,IL,1543,41.75037,-88.77538,779 815,near
8629,Aberdeen,Ohio,OH,1542,38.67086,-83.76372,220,near
8630,Parkston,South Dakota,SD,1542,43.39780,-97.96782,605,near
8631,McComb,Ohio,OH,1541,,,,
8632,Coalville,Utah,UT,1541,40.92439,-111.40711,385,near
8633,River Hills,Wisconsin,WI,1541,,,,
8634,Tonka Bay,Minnesota,MN,1540,,,,
8635,Pinebluff,North Carolina,NC,1540,35.10972,-79.47250,910,near
8636,Shoreacres,Texas,TX,1540,,,,
8637,Darien,Wisconsin,WI,1540,42.64350,-88.71422,608,near
8638,Ackley,Iowa,IA,1538,42.55272,-93.06083,319,near
8639,Charlestown,Maryland,MD,1538,39.57287,-75.97954,410,near
8640,Catawissa,Pennsylvania,PA,1537,40.91803,-76.44159,272,near
8641,Castle Dale,Utah,UT,1537,39.21222,-111.01889,385,near
8642,Birch Run,Michigan,MI,1536,43.26487,-83.79029,989,near
8643,Bangs,Texas,TX,1535,31.76839,-99.10766,325,near
8644,Maroa,Illinois,IL,1533,40.03416,-88.95777,217,near
8645,Olive Hill,Kentucky,KY,1533,38.33628,-83.16899,606,near
8646,Olivet,Michigan,MI,1533,42.44595,-84.89731,269,near
8647,Bourbon,Missouri,MO,1533,38.17204,-91.22254,636,near
8648,Norwood,New York,NY,1533,44.74719,-74.99919,315,near
8649,Helena,Oklahoma,OK,1533,36.54375,-98.27782,580,near
8650,Hughes Springs,Texas,TX,1533,33.01676,-94.62276,903,near
8651,Brooklyn,Wisconsin,WI,1533,42.84233,-89.38181,608,near
8652,Dale,Indiana,IN,1532,38.17064,-87.00698,812,near
8653,Glen Alpine,North Carolina,NC,1532,35.72889,-81.77944,828,near
8654,Miami,Arizona,AZ,1531,33.43193,-110.88118,480,near
8655,Wellman,Iowa,IA,1531,41.47003,-91.83995,319,near
8656,Gower,Missouri,MO,1531,39.60201,-94.59653,816,near
8657,Springfield,Nebraska,NE,1531,41.07649,-96.14381,402 531,near
8658,Bridgeport,Ohio,OH,1531,40.07518,-80.77468,234,near
8659,Sebree,Kentucky,KY,1530,37.58892,-87.52549,270,near
8660,Manton,Michigan,MI,1530,44.41522,-85.42017,989,near
8661,Rural Retreat,Virginia,VA,1530,36.88362,-81.28787,540,near
8662,Hawthorne,Florida,FL,1529,29.57400,-82.10563,352,near
8663,Chadbourn,North Carolina,NC,1528,34.32230,-78.82668,910,near
8664,Montour Falls,New York,NY,1527,42.34368,-76.83958,607,near
8665,Shepherd,Michigan,MI,1526,43.56567,-84.58732,989,near
8666,Crane,Missouri,MO,1526,36.92577,-93.53034,417,near
8667,Thompson Falls,Montana,MT,1526,47.60157,-115.36024,,
8668,Depoe Bay,Oregon,OR,1526,44.85144,-124.03234,458,near
8669,Ferron,Utah,UT,1525,39.06920,-111.14670,,
8670,Limestone,Illinois,IL,1524,,,,
8671,Shepherdstown,West Virginia,WV,1524,39.43112,-77.81582,,
8672,Cairo,Illinois,IL,1523,37.01229,-89.18110,618,near
8673,Ash Grove,Missouri,MO,1523,37.31597,-93.57813,417,near
8674,Eleanor,West Virginia,WV,1523,38.53667,-81.93167,304,near
8675,Fairmount Heights,Maryland,MD,1522,,,,
8676,Bryson City,North Carolina,NC,1522,35.42413,-83.43925,828,near
8677,Newport,Pennsylvania,PA,1522,40.48266,-77.16587,717,near
8678,Richmond,Minnesota,MN,1521,45.42382,-94.54607,320,near
8679,Mitchell,Nebraska,NE,1521,41.94585,-103.79600,,
8680,Dassel,Minnesota,MN,1520,45.10321,-94.33048,320,near
8681,Bremen,Ohio,OH,1520,,,,
8682,Bruceton,Tennessee,TN,1520,36.02679,-88.25180,731,near
8683,Bells,Texas,TX,1520,33.61782,-96.42367,903,near
8684,Oakland,Iowa,IA,1519,41.31196,-95.37903,712,near
8685,White Cloud,Michigan,MI,1519,43.53980,-85.75864,231,near
8686,Lakeshire,Missouri,MO,1519,,,,
8687,Clarks Green,Pennsylvania,PA,1519,,,,
8688,Crothersville,Indiana,IN,1517,38.80667,-85.84696,812,near
8689,Maineville,Ohio,OH,1517,39.31388,-84.25257,513,near
8690,Itta Bena,Mississippi,MS,1516,33.47984,-90.33942,662,near
8691,Wakefield,Nebraska,NE,1516,42.27327,-96.87765,402,near
8692,Fraser,Colorado,CO,1515,39.94500,-105.81667,303,near
8693,Nashua,Iowa,IA,1515,42.95285,-92.52984,319,near
8694,Seven Points,Texas,TX,1515,,,,
8695,Douglass,Kansas,KS,1514,37.51951,-96.99485,316,near
8696,Senath,Missouri,MO,1514,36.13243,-90.16322,,
8697,Ellaville,Georgia,GA,1513,32.23901,-84.30387,706,near
8698,Rossville,Indiana,IN,1513,40.41093,-86.60797,765,near
8699,Campbell,Missouri,MO,1513,36.51971,-90.08286,573,near
8700,East Canton,Ohio,OH,1513,40.78498,-81.27829,234 330,near
8701,Richland,Pennsylvania,PA,1513,40.38059,-76.26545,717,near
8702,New Brockton,Alabama,AL,1512,31.36898,-85.94039,334,near
8703,Lewiston,Minnesota,MN,1512,43.97019,-91.86616,507,near
8704,Waterville,New York,NY,1512,42.93324,-75.38147,315,near
8705,Nescopeck,Pennsylvania,PA,1512,41.04689,-76.19809,272 570,near
8706,Orwell,Ohio,OH,1511,41.53346,-80.83967,234,near
8707,Nevada,Texas,TX,1511,33.05934,-96.38766,214 469 972,near
8708,Black Earth,Wisconsin,WI,1511,43.13221,-89.73897,608,near
8709,Winchester,Illinois,IL,1510,39.61411,-90.43370,217,near
8710,Ronceverte,West Virginia,WV,1510,37.74176,-80.46258,,
8711,Corning,Iowa,IA,1509,40.98712,-94.73579,712,near
8712,Blossburg,Pennsylvania,PA,1509,41.66977,-77.07971,272,near
8713,Gordonsville,Virginia,VA,1509,38.10726,-78.19519,434,near
8714,Interlachen,Florida,FL,1508,29.62700,-81.88943,352,near
8715,West Conshohocken,Pennsylvania,PA,1508,,,,
8716,Graysville,Tennessee,TN,1508,35.44842,-85.17904,423,near
8717,Kerens,Texas,TX,1508,32.12746,-96.22983,903,near
8718,Princeton,North Carolina,NC,1507,35.45583,-78.16737,919 984,near
8719,Mount Pulaski,Illinois,IL,1506,40.00448,-89.29348,217,near
8720,Jonesboro,Indiana,IN,1506,40.48146,-85.63650,765,near
8721,Stanton,Nebraska,NE,1505,41.90756,-97.21395,402 531,near
8722,Pomeroy,Ohio,OH,1505,39.06073,-82.03315,220,near
8723,Cuba,New York,NY,1504,42.18819,-78.27507,716,near
8724,Aragon,Georgia,GA,1503,34.06656,-85.06956,706 762,near
8725,Grayville,Illinois,IL,1502,38.26271,-88.00354,,
8726,Montpelier,Indiana,IN,1502,40.55766,-85.25134,765,near
8727,Big Bend,Wisconsin,WI,1502,42.88846,-88.21218,262 414,near
8728,Hartington,Nebraska,NE,1501,42.62349,-97.28368,402,near
8729,Ferndale,Pennsylvania,PA,1501,40.53361,-75.17917,484 610,near
8730,Cannon Beach,Oregon,OR,1500,45.88194,-123.96306,503,near
8731,Darrington,Washington,WA,1500,48.24929,-121.59181,360,near
8732,Kersey,Colorado,CO,1499,40.39630,-104.52877,970,near
8733,Roodhouse,Illinois,IL,1499,39.48465,-90.34981,217,near
8734,Salyersville,Kentucky,KY,1499,37.76350,-83.05544,606,near
8735,Cannelton,Indiana,IN,1498,37.91085,-86.73262,812,near
8736,Redfield,Arkansas,AR,1497,34.45265,-92.17579,870,near
8737,Shreve,Ohio,OH,1496,40.69258,-82.03245,234 330,near
8738,Albion,Pennsylvania,PA,1496,41.88588,-80.37527,814,near
8739,Farmingdale,New Jersey,NJ,1495,40.20431,-74.17786,732 848,near
8740,Frenchtown,New Jersey,NJ,1495,40.52079,-75.03247,609,near
8741,Columbus,New Mexico,NM,1495,31.82750,-107.63944,575,near
8742,Eldorado,Texas,TX,1495,30.86667,-100.58894,325,near
8743,Augusta,Wisconsin,WI,1495,44.69474,-91.12315,715,near
8744,Mount Airy,Georgia,GA,1493,34.56782,-83.47127,678,near
8745,Crainville,Illinois,IL,1493,,,,
8746,Herscher,Illinois,IL,1493,41.04644,-88.08580,779 815,near
8747,Zilwaukee,Michigan,MI,1493,,,,
8748,Mercersburg,Pennsylvania,PA,1493,39.81952,-77.90726,814,near
8749,Warren Park,Indiana,IN,1492,,,,
8750,South Palm Beach,Florida,FL,1491,,,,
8751,Erie,Illinois,IL,1491,41.65596,-90.08426,309,near
8752,Shannon,Mississippi,MS,1491,34.12103,-88.73421,662,near
8753,Grapeland,Texas,TX,1491,31.49721,-95.44471,936,near
8754,Ovid,Michigan,MI,1489,42.99693,-84.36494,517,near
8755,New Middletown,Ohio,OH,1489,40.96461,-80.55342,234 330,near
8756,Hideout,Utah,UT,1489,,,,
8757,Phillips,Wisconsin,WI,1489,45.69746,-90.40413,715,near
8758,Manito,Illinois,IL,1488,40.41599,-89.78979,309,near
8759,Madison,Minnesota,MN,1488,44.99462,-96.16451,,
8760,Bay Springs,Mississippi,MS,1488,31.94494,-89.23377,601,near
8761,Stockdale,Texas,TX,1488,29.23191,-97.93508,830,near
8762,Nederland,Colorado,CO,1487,39.97026,-105.48126,303 720,near
8763,Hodgkins,Illinois,IL,1487,,,,
8764,New Paris,Ohio,OH,1486,39.86172,-84.77934,513,near
8765,St. Francisville,Louisiana,LA,1484,,,,
8766,Philmont,New York,NY,1483,42.24833,-73.65361,845,near
8767,Somerset,Ohio,OH,1483,39.79362,-82.29911,220,near
8768,La Vernia,Texas,TX,1483,29.35091,-98.11297,830,near
8769,Maple Park,Illinois,IL,1482,41.92322,-88.59985,779 815 331 630,near
8770,New York Mills,Minnesota,MN,1481,46.55587,-95.40472,218,near
8771,Wolfe City,Texas,TX,1481,33.36048,-96.06907,903,near
8772,Brooklyn Heights,Ohio,OH,1480,,,,
8773,Cresson,Pennsylvania,PA,1480,40.46078,-78.58607,814,near
8774,Gallitzin,Pennsylvania,PA,1480,40.48772,-78.55544,814,near
8775,Hubbard,Texas,TX,1480,31.84356,-96.80001,903,near
8776,Independence,Wisconsin,WI,1480,44.39593,-91.45351,715,near
8777,Chester,Georgia,GA,1479,32.39815,-83.17403,478,near
8778,North Redington Beach,Florida,FL,1478,,,,
8779,Tylertown,Mississippi,MS,1478,31.14655,-90.11692,601,near
8780,Ligonier,Pennsylvania,PA,1478,40.24513,-79.23667,814,near
8781,Blossom,Texas,TX,1478,33.69455,-95.38234,903,near
8782,Somerville,Texas,TX,1478,30.40759,-96.53583,979,near
8783,Plandome,New York,NY,1477,,,,
8784,Kingston,Oklahoma,OK,1477,33.95166,-96.71198,580,near
8785,Mapleton,North Dakota,ND,1476,46.86755,-97.05137,701,near
8786,Hico,Texas,TX,1476,31.95972,-98.02493,682,near
8787,Holstein,Iowa,IA,1475,42.49478,-95.56497,712,near
8788,Head of the Harbor,New York,NY,1475,,,,
8789,Oak Ridge,Texas,TX,1475,,,,
8790,Bedford,Iowa,IA,1474,40.66829,-94.73245,712,near
8791,Brooklyn,Iowa,IA,1474,41.73215,-92.42846,641,near
8792,Calhoun City,Mississippi,MS,1474,33.84078,-89.31781,662,near
8793,Fort Recovery,Ohio,OH,1474,40.40183,-84.76125,937,near
8794,Salem,West Virginia,WV,1474,39.29476,-80.58979,304,near
8795,Rolling Fork,Mississippi,MS,1473,32.87332,-90.88327,601,near
8796,Weston,Ohio,OH,1473,41.35159,-83.79734,419 567,near
8797,Trappe,Maryland,MD,1472,38.66466,-76.05067,410,near
8798,Langhorne Manor,Pennsylvania,PA,1472,,,,
8799,Awendaw,South Carolina,SC,1472,32.95148,-79.68608,843 854,near
8800,Castleton-on-Hudson,New York,NY,1471,,,,
8801,Duncannon,Pennsylvania,PA,1471,40.40868,-77.04725,717,near
8802,Pomeroy,Washington,WA,1471,46.46984,-117.59928,509,near
8803,Virginia,Illinois,IL,1470,39.94548,-90.21268,217,near
8804,Tarkio,Missouri,MO,1470,40.44184,-95.37859,816,near
8805,Dobson,North Carolina,NC,1469,36.36983,-80.71007,336,near
8806,Bell Acres,Pennsylvania,PA,1468,,,,
8807,Livonia,New York,NY,1467,42.81351,-77.66347,585,near
8808,Arlington,Ohio,OH,1467,40.87611,-83.66854,419 567,near
8809,Avis,Pennsylvania,PA,1467,41.18472,-77.31417,272,near
8810,Laflin,Pennsylvania,PA,1467,,,,
8811,Mill Hall,Pennsylvania,PA,1467,41.08669,-77.48361,272,near
8812,Cadott,Wisconsin,WI,1467,44.96301,-91.16988,715,near
8813,Zeigler,Illinois,IL,1465,37.90692,-89.06026,618,near
8814,Garrison,North Dakota,ND,1465,47.65522,-101.39832,701,near
8815,Anna,Ohio,OH,1465,40.40510,-84.21034,937,near
8816,Crosbyton,Texas,TX,1465,33.65616,-101.22873,806,near
8817,Paonia,Colorado,CO,1464,38.86498,-107.59848,970,near
8818,Arcadia,Indiana,IN,1464,40.17758,-86.04088,317,near
8819,Kilmarnock,Virginia,VA,1464,37.71622,-76.38199,757,near
8820,Lanark,Illinois,IL,1463,42.09353,-89.82473,779,near
8821,Sanborn,Iowa,IA,1463,43.18900,-95.66223,712,near
8822,Monona,Iowa,IA,1462,43.07348,-91.45868,563,near
8823,Biltmore Forest,North Carolina,NC,1462,,,,
8824,Horton,Kansas,KS,1461,39.67888,-95.52986,913,near
8825,Pierz,Minnesota,MN,1461,46.00806,-94.08531,320,near
8826,McCrory,Arkansas,AR,1460,,,,
8827,Bruceville-Eddy,Texas,TX,1460,,,,
8828,Irwindale,California,CA,1459,,,,
8829,Johnson City,Kansas,KS,1459,,,,
8830,St. Regis Park,Kentucky,KY,1459,,,,
8831,Murfreesboro,Arkansas,AR,1458,34.10173,-93.71090,501,near
8832,Benton,Tennessee,TN,1458,35.17295,-84.65443,423,near
8833,East Dubuque,Illinois,IL,1457,42.48749,-90.60460,779,near
8834,Freedom,Pennsylvania,PA,1457,40.68302,-80.21466,412,near
8835,Warsaw,Illinois,IL,1456,40.35445,-91.43480,217,near
8836,Standish,Michigan,MI,1456,43.97329,-83.94330,989,near
8837,Colwich,Kansas,KS,1454,37.77824,-97.54052,316,near
8838,Cherokee,Oklahoma,OK,1453,36.75638,-98.35938,580,near
8839,Meggett,South Carolina,SC,1453,,,,
8840,Ardmore,Alabama,AL,1452,34.98045,-86.83461,256,near
8841,Cedarville,Arkansas,AR,1452,35.59023,-94.34462,479,near
8842,Bement,Illinois,IL,1452,39.92221,-88.56877,217,near
8843,Venice,Illinois,IL,1452,38.67063,-90.16893,618,near
8844,Worthington,Kentucky,KY,1452,38.55110,-82.73955,606,near
8845,Cornell,Wisconsin,WI,1452,45.16191,-91.17325,715,near
8846,Kalida,Ohio,OH,1451,40.98278,-84.19944,419,near
8847,Nutter Fort,West Virginia,WV,1450,,,,
8848,Richland,Georgia,GA,1449,32.08458,-84.66672,706,near
8849,Audubon Park,Kentucky,KY,1449,,,,
8850,Hampton,New Jersey,NJ,1449,40.67735,-74.96222,862,near
8851,Wheeler,Texas,TX,1449,35.43185,-100.25682,,
8852,Hackleburg,Alabama,AL,1448,34.26780,-87.86076,256,near
8853,Greenville,Indiana,IN,1448,38.35353,-86.00830,812 930,near
8854,Schoolcraft,Michigan,MI,1448,42.13286,-85.66374,269,near
8855,Flomaton,Alabama,AL,1447,31.04023,-87.26636,251,near
8856,Tracy City,Tennessee,TN,1446,35.27208,-85.73619,423,near
8857,Centerfield,Utah,UT,1446,39.12508,-111.81852,385,near
8858,Spring Valley,Wisconsin,WI,1446,44.83557,-92.29060,715,near
8859,Belle Plaine,Kansas,KS,1445,37.40516,-97.28522,316,near
8860,Rosepine,Louisiana,LA,1445,30.91972,-93.28222,337,near
8861,Kingsley,Michigan,MI,1445,44.57564,-85.52623,,
8862,Steelville,Missouri,MO,1445,37.96300,-91.32934,636,near
8863,Bridgeport,Nebraska,NE,1445,41.67656,-103.07013,,
8864,Sea Bright,New Jersey,NJ,1445,,,,
8865,Huntington Bay,New York,NY,1445,,,,
8866,Millbrook,New York,NY,1445,41.78033,-73.68849,845,near
8867,Wilson,Oklahoma,OK,1445,34.16421,-97.42487,580,near
8868,Waterford,Pennsylvania,PA,1445,41.96027,-79.99963,814,near
8869,Kittitas,Washington,WA,1445,46.98333,-120.41583,509,near
8870,Middletown,Virginia,VA,1444,39.03668,-78.28145,540,near
8871,Gridley,Illinois,IL,1443,40.74387,-88.88404,309,near
8872,Ironton,Missouri,MO,1443,37.61470,-90.63563,314,near
8873,Sutton,Nebraska,NE,1443,40.65396,-97.87348,402,near
8874,Loganville,Pennsylvania,PA,1443,39.85556,-76.70778,717,near
8875,Gordon,Nebraska,NE,1442,42.80684,-102.20493,,
8876,Yutan,Nebraska,NE,1442,41.23403,-96.39325,402 531,near
8877,Williamsville,Illinois,IL,1441,39.93044,-89.53417,217,near
8878,Mayville,New York,NY,1441,42.24091,-79.49632,716,near
8879,Rockaway Beach,Oregon,OR,1441,45.60851,-123.90783,503,near
8880,Monteagle,Tennessee,TN,1440,35.24017,-85.82279,423,near
8881,Clarendon,Arkansas,AR,1439,34.66014,-91.25643,501,near
8882,North Pekin,Illinois,IL,1439,,,,
8883,Elephant Butte,New Mexico,NM,1439,33.14500,-107.18833,575,near
8884,Mount Wolf,Pennsylvania,PA,1439,40.07113,-76.69658,717,near
8885,Whitmire,South Carolina,SC,1439,34.49549,-81.60598,864,near
8886,Milford,Utah,UT,1439,38.33107,-112.99338,435,near
8887,Summit,Mississippi,MS,1438,31.29752,-90.46543,601,near
8888,Jackson Center,Ohio,OH,1438,40.43580,-84.04568,937,near
8889,Rollingwood,Texas,TX,1438,,,,
8890,Reform,Alabama,AL,1437,33.39594,-88.02028,205,near
8891,West Salem,Ohio,OH,1437,40.94851,-82.10664,419 567 234 330,near
8892,Montello,Wisconsin,WI,1437,43.76898,-89.35864,608,near
8893,Kremmling,Colorado,CO,1436,40.06322,-106.39547,303,near
8894,Meade,Kansas,KS,1436,37.28214,-100.33638,620,near
8895,Tower City,Pennsylvania,PA,1436,40.58447,-76.55002,717,near
8896,Rosedale,Mississippi,MS,1435,33.84317,-90.99229,662,near
8897,Pine Knoll Shores,North Carolina,NC,1435,,,,
8898,Surrey,North Dakota,ND,1434,48.23647,-101.12162,701,near
8899,West Liberty,West Virginia,WV,1434,40.16972,-80.59389,304 681,near
8900,Mount Carroll,Illinois,IL,1433,42.10531,-89.98445,779,near
8901,Stockton,Kansas,KS,1433,39.43761,-99.28711,785,near
8902,Manchester,Kentucky,KY,1433,37.14232,-83.76829,859,near
8903,Lincolnton,Georgia,GA,1431,33.77734,-82.44348,706,near
8904,Dawson,Minnesota,MN,1431,44.93174,-96.01501,,
8905,Linn,Missouri,MO,1431,38.47386,-91.81945,573,near
8906,Pilot Mountain,North Carolina,NC,1430,36.41094,-80.49206,336,near
8907,Edgar,Wisconsin,WI,1430,44.90383,-89.99803,715,near
8908,Pelzer,South Carolina,SC,1429,34.64606,-82.46733,864,near
8909,Wagner,South Dakota,SD,1429,43.08193,-98.28188,,
8910,Colma,California,CA,1428,,,,
8911,Thorntown,Indiana,IN,1428,40.11333,-86.58982,317,near
8912,Stratford,Oklahoma,OK,1427,34.77141,-96.97628,405,near
8913,Oakdale,Pennsylvania,PA,1427,40.42873,-80.20261,412 724 878,near
8914,De Kalb,Texas,TX,1426,33.47274,-94.62109,903,near
8915,Brooklyn,Michigan,MI,1425,42.10436,-84.24135,517,near
8916,Leoti,Kansas,KS,1424,38.49873,-101.35885,620,near
8917,Towanda,Kansas,KS,1424,37.80051,-96.99177,316,near
8918,Greene,New York,NY,1424,42.33730,-75.75954,607,near
8919,Versailles,Pennsylvania,PA,1424,,,,
8920,Celina,Tennessee,TN,1424,36.54749,-85.49655,931,near
8921,Meridian,Texas,TX,1423,31.92902,-97.64433,682,near
8922,Marmet,West Virginia,WV,1423,,,,
8923,Mishicot,Wisconsin,WI,1423,44.26094,-87.64470,920,near
8924,Coloma,Michigan,MI,1422,42.20295,-86.32247,269,near
8925,Fort Benton,Montana,MT,1422,47.80941,-110.67149,406,near
8926,Montezuma,Iowa,IA,1421,41.59284,-92.52758,641,near
8927,Atlantic Beach,North Carolina,NC,1421,34.69729,-76.81516,252,near
8928,Manawa,Wisconsin,WI,1421,44.47015,-88.91644,920,near
8929,Sarcoxie,Missouri,MO,1420,37.07238,-94.11514,417,near
8930,Westville,Oklahoma,OK,1420,35.99123,-94.59263,539,near
8931,Starbuck,Minnesota,MN,1419,45.59259,-95.54212,320,near
8932,Darmstadt,Indiana,IN,1418,,,,
8933,North Bonneville,Washington,WA,1418,45.63750,-121.97500,360,near
8934,Fairview Park,Indiana,IN,1417,,,,
8935,Bowman,North Dakota,ND,1416,46.17332,-103.40197,,
8936,New Market,Tennessee,TN,1416,36.08104,-83.56725,423,near
8937,Exmore,Virginia,VA,1416,37.51169,-75.85262,757,near
8938,Mars,Pennsylvania,PA,1415,40.70051,-80.03577,412,near
8939,Rogersville,Alabama,AL,1414,34.84954,-87.32367,256,near
8940,Dunes City,Oregon,OR,1414,,,,
8941,Kemp,Texas,TX,1414,32.36915,-96.25777,903,near
8942,New Haven,West Virginia,WV,1414,38.98500,-81.97333,304,near
8943,Deposit,New York,NY,1413,42.06658,-75.42875,607,near
8944,Powhatan Point,Ohio,OH,1413,39.86794,-80.81680,220,near
8945,Glen Dale,West Virginia,WV,1413,39.95973,-80.73226,304 681,near
8946,Terra Alta,West Virginia,WV,1413,39.44158,-79.55723,304,near
8947,Douglas,Michigan,MI,1412,42.64333,-86.20056,616,near
8948,Walls,Mississippi,MS,1412,34.96405,-90.12079,662,near
8949,Newville,Pennsylvania,PA,1412,40.18547,-77.41140,717,near
8950,Hawkins,Texas,TX,1412,32.64390,-95.22201,903,near
8951,Earlham,Iowa,IA,1411,41.47092,-94.12944,515,near
8952,Laingsburg,Michigan,MI,1411,42.86271,-84.35299,517,near
8953,Naples,Texas,TX,1411,33.19119,-94.68906,903,near
8954,Del Norte,Colorado,CO,1410,37.67135,-106.35050,,
8955,Simmesport,Louisiana,LA,1410,30.97712,-91.82587,337,near
8956,Leland Grove,Illinois,IL,1409,,,,
8957,Capitan,New Mexico,NM,1409,33.56023,-105.52691,575,near
8958,De Soto,Illinois,IL,1408,37.81473,-89.22183,618,near
8959,Roxana,Illinois,IL,1408,38.84815,-90.07978,618,near
8960,Burton,Ohio,OH,1408,41.45270,-81.15262,440,near
8961,Kensett,Arkansas,AR,1407,35.22994,-91.66967,501,near
8962,Benld,Illinois,IL,1407,39.09390,-89.80306,618,near
8963,Lexington,Mississippi,MS,1407,33.12504,-90.05567,601,near
8964,Winchester,Missouri,MO,1407,,,,
8965,Bethel,North Carolina,NC,1407,35.79089,-77.37476,252,near
8966,Rose Hill,North Carolina,NC,1407,34.82346,-78.01662,910,near
8967,Pioneer,Ohio,OH,1407,41.66562,-84.53632,419,near
8968,Troy,Tennessee,TN,1407,36.34164,-89.16106,731,near
8969,Lone Star,Texas,TX,1407,32.94698,-94.71830,903,near
8970,Stuart,Virginia,VA,1407,36.65174,-80.23923,540,near
8971,Perryville,Arkansas,AR,1406,34.97010,-92.84717,501,near
8972,Worthington,Indiana,IN,1406,39.12298,-86.99906,812,near
8973,Belhaven,North Carolina,NC,1406,35.52049,-76.62357,252,near
8974,Boston Heights,Ohio,OH,1405,,,,
8975,Bratenahl,Ohio,OH,1404,,,,
8976,Oak Hill,Ohio,OH,1404,38.89156,-82.58834,220,near
8977,Elverson,Pennsylvania,PA,1404,40.15678,-75.78656,484 610,near
8978,Forreston,Illinois,IL,1403,42.12292,-89.58312,779 815,near
8979,State Center,Iowa,IA,1403,42.01091,-93.16728,641,near
8980,Byng,Oklahoma,OK,1403,,,,
8981,Uintah,Utah,UT,1403,,,,
8982,Capron,Illinois,IL,1402,42.40866,-88.74652,779 815,near
8983,Ravenna,Michigan,MI,1401,43.20913,-85.96482,231,near
8984,Foxfire,North Carolina,NC,1401,,,,
8985,Burgettstown,Pennsylvania,PA,1401,40.39011,-80.44449,412,near
8986,Corrigan,Texas,TX,1401,31.00066,-94.79590,936,near
8987,Bonduel,Wisconsin,WI,1401,44.73794,-88.43903,920,near
8988,Woodville,Wisconsin,WI,1401,44.94081,-92.28480,715,near
8989,Lusk,Wyoming,WY,1401,42.76595,-104.46508,,
8990,Blawnox,Pennsylvania,PA,1400,,,,
8991,Tatum,Texas,TX,1400,32.32657,-94.59603,903,near
8992,Locust Grove,Oklahoma,OK,1399,36.18190,-95.16885,539,near
8993,Flatonia,Texas,TX,1398,29.70949,-97.09869,512,near
8994,Gilbert,Iowa,IA,1397,42.10694,-93.64944,515,near
8995,Hebron,Nebraska,NE,1397,40.17281,-97.60523,402,near
8996,Comanche,Oklahoma,OK,1397,34.37652,-97.97929,580,near
8997,Windsor,Pennsylvania,PA,1397,39.92327,-76.55913,717,near
8998,Hillsboro,Wisconsin,WI,1397,43.63501,-90.37059,608,near
8999,Hebron,Illinois,IL,1396,42.46417,-88.41758,779 815,near
9000,Colfax,Louisiana,LA,1396,31.50795,-92.65676,318,near
9001,Three Oaks,Michigan,MI,1396,41.81498,-86.61541,269,near
9002,Kingsley,Iowa,IA,1394,42.61906,-95.97615,712,near
9003,Mound Bayou,Mississippi,MS,1394,33.88602,-90.73025,662,near
9004,Louisville,Nebraska,NE,1394,40.99667,-96.19482,402,near
9005,Wayne,West Virginia,WV,1394,38.22581,-82.43393,304 681,near
9006,West Buechel,Kentucky,KY,1393,,,,
9007,Stanton,Michigan,MI,1393,43.30584,-85.09955,989,near
9008,Shell Lake,Wisconsin,WI,1393,45.75360,-91.96061,715,near
9009,Pemberton,New Jersey,NJ,1392,39.97121,-74.66763,609 856,near
9010,Ivanhoe,Texas,TX,1392,33.67364,-96.16981,903,near
9011,Westport,Indiana,IN,1391,39.17486,-85.58560,812,near
9012,Mancelona,Michigan,MI,1391,44.91160,-85.06340,,
9013,Queen City,Texas,TX,1391,33.18736,-94.15483,903,near
9014,Fall Creek,Wisconsin,WI,1391,44.76839,-91.28563,715,near
9015,Manning,Iowa,IA,1390,41.90725,-95.05562,712,near
9016,Arma,Kansas,KS,1390,37.54389,-94.70000,,
9017,Litchfield,Michigan,MI,1390,42.05404,-84.63609,517,near
9018,Newberry,Michigan,MI,1390,46.34376,-85.51495,,
9019,Clara City,Minnesota,MN,1390,44.96391,-95.34990,320,near
9020,Lake Lure,North Carolina,NC,1390,35.44645,-82.17520,828,near
9021,Tatamy,Pennsylvania,PA,1390,40.74083,-75.25750,484 610,near
9022,Emory,Texas,TX,1390,32.87504,-95.74179,903,near
9023,Belle,Missouri,MO,1389,38.27111,-91.73030,573,near
9024,Fairfax,South Carolina,SC,1389,32.95146,-81.25864,803,near
9025,Hazen,Arkansas,AR,1388,34.78383,-91.57670,501,near
9026,Chapman,Kansas,KS,1388,38.97223,-97.01696,785,near
9027,Thorndale,Texas,TX,1388,30.60824,-97.17645,512,near
9028,Germantown,Illinois,IL,1387,38.54868,-89.54134,618,near
9029,Grandview,Illinois,IL,1387,,,,
9030,Ladd,Illinois,IL,1387,41.38250,-89.21889,779,near
9031,Dillsboro,Indiana,IN,1387,38.99620,-85.05499,812,near
9032,Raymond,Mississippi,MS,1387,32.23922,-90.42409,601 769,near
9033,Gordonsville,Tennessee,TN,1387,36.18432,-86.00082,615,near
9034,Odon,Indiana,IN,1386,38.81867,-86.97521,812,near
9035,Burkesville,Kentucky,KY,1386,36.80679,-85.39703,270,near
9036,Crescent,Oklahoma,OK,1386,35.94200,-97.59692,405,near
9037,Vian,Oklahoma,OK,1386,35.54038,-94.98876,539,near
9038,Baldwin,Florida,FL,1385,,,,
9039,Philo,Illinois,IL,1385,40.00516,-88.15951,217,near
9040,Clermont,Indiana,IN,1385,,,,
9041,Vanceburg,Kentucky,KY,1385,38.55151,-83.35545,606,near
9042,Shoemakersville,Pennsylvania,PA,1385,40.49549,-75.96031,484 610,near
9043,Markesan,Wisconsin,WI,1385,43.71402,-89.00697,920,near
9044,Redington Beach,Florida,FL,1383,,,,
9045,Durand,Illinois,IL,1383,42.43365,-89.30938,779 815,near
9046,Neoga,Illinois,IL,1383,39.32202,-88.45029,217,near
9047,Woodward,Iowa,IA,1383,41.84522,-93.90562,515,near
9048,Irvington,Kentucky,KY,1383,37.87624,-86.29653,270,near
9049,Ravenna,Nebraska,NE,1383,41.02327,-98.90413,308,near
9050,Greenwich,Ohio,OH,1383,41.04068,-82.51334,419,near
9051,Old River-Winfree,Texas,TX,1383,,,,
9052,Sabinal,Texas,TX,1383,29.32667,-99.47811,830,near
9053,Tombstone,Arizona,AZ,1382,31.72160,-110.05845,520,near
9054,Winnebago,Minnesota,MN,1381,43.77549,-94.16324,507,near
9055,Marble Hill,Missouri,MO,1381,37.31346,-89.96273,573,near
9056,Bay City,Oregon,OR,1381,45.51966,-123.87608,503,near
9057,Smethport,Pennsylvania,PA,1380,41.80206,-78.47023,,
9058,Lockney,Texas,TX,1380,34.14583,-101.42593,806,near
9059,Saranac,Michigan,MI,1379,42.92853,-85.22994,616,near
9060,Carnegie,Oklahoma,OK,1379,35.12348,-98.57545,580,near
9061,Farwell,Texas,TX,1379,34.38602,-102.99006,806,near
9062,Oakland,Missouri,MO,1378,,,,
9063,Saxonburg,Pennsylvania,PA,1378,40.73610,-79.83522,412,near
9064,Granville,West Virginia,WV,1378,39.64583,-79.98750,304 681,near
9065,Bannockburn,Illinois,IL,1377,,,,
9066,Kent City,Michigan,MI,1377,43.23624,-85.73995,616,near
9067,Fosston,Minnesota,MN,1377,47.58158,-95.74308,218,near
9068,Elmer,New Jersey,NJ,1377,39.56915,-75.16302,856,near
9069,Clyde,North Carolina,NC,1377,35.55965,-82.92158,828,near
9070,Roland,Iowa,IA,1376,42.16459,-93.50631,515,near
9071,Appalachia,Virginia,VA,1376,36.90600,-82.79139,,
9072,Oceana,West Virginia,WV,1376,37.70387,-81.62156,304,near
9073,Felton,Delaware,DE,1375,39.02254,-75.58291,302,near
9074,Hill City,Kansas,KS,1374,39.35657,-99.84292,785,near
9075,Dayton,Indiana,IN,1372,40.37417,-86.76889,765,near
9076,Prince's Lakes,Indiana,IN,1372,,,,
9077,Pecos,New Mexico,NM,1372,35.57101,-105.67010,505,near
9078,Weldon,North Carolina,NC,1372,36.42064,-77.60346,252,near
9079,Dickson,Oklahoma,OK,1372,,,,
9080,Grantsburg,Wisconsin,WI,1372,45.76131,-92.66268,715,near
9081,Elmore,Ohio,OH,1371,41.46814,-83.27673,419,near
9082,Babbitt,Minnesota,MN,1370,47.70912,-91.95695,218,near
9083,Byhalia,Mississippi,MS,1370,34.88535,-89.67633,662,near
9084,Claycomo,Missouri,MO,1370,,,,
9085,Glyndon,Minnesota,MN,1369,46.88202,-96.55834,218,near
9086,Monticello,Mississippi,MS,1369,31.52378,-90.12796,601,near
9087,Park River,North Dakota,ND,1369,48.40388,-97.74390,701,near
9088,Crooks,South Dakota,SD,1369,43.64509,-96.81826,605,near
9089,Dover,Arkansas,AR,1368,35.40736,-93.13553,479,near
9090,St. Jacob,Illinois,IL,1368,,,,
9091,Glade Spring,Virginia,VA,1368,36.77790,-81.76764,,
9092,Remington,Indiana,IN,1367,40.76665,-87.15994,765,near
9093,Cascade Locks,Oregon,OR,1367,45.67145,-121.88241,458,near
9094,Mount Vernon,Alabama,AL,1366,31.09737,-88.03504,251,near
9095,Gardner,Illinois,IL,1366,41.17932,-88.29654,779,near
9096,Menahga,Minnesota,MN,1366,46.75723,-95.07143,,
9097,Sherburne,New York,NY,1366,42.68588,-75.48303,315,near
9098,Sackets Harbor,New York,NY,1364,43.93983,-76.10504,315,near
9099,Gleason,Tennessee,TN,1363,36.21174,-88.61844,731,near
9100,Parachute,Colorado,CO,1362,39.44073,-108.03804,970,near
9101,Guthrie,Kentucky,KY,1362,36.66427,-87.17093,270,near
9102,Medford,Minnesota,MN,1362,44.17415,-93.24372,507,near
9103,Broadway,North Carolina,NC,1362,35.41809,-79.04355,919 984,near
9104,Cornersville,Tennessee,TN,1362,35.34088,-86.82862,931,near
9105,Ferndale,California,CA,1361,40.57449,-124.25227,707,near
9106,Kinsley,Kansas,KS,1361,37.92471,-99.41156,620,near
9107,Hayfield,Minnesota,MN,1361,43.89226,-92.81749,507,near
9108,Tennessee Ridge,Tennessee,TN,1361,36.32971,-87.78076,931,near
9109,Wallis,Texas,TX,1360,29.63968,-96.04557,281 346 713 832,near
9110,Alpine,Wyoming,WY,1360,43.17528,-111.03389,,
9111,Palm Beach Shores,Florida,FL,1359,,,,
9112,New Berlin,Illinois,IL,1359,39.73605,-89.90572,217,near
9113,Gerald,Missouri,MO,1359,38.35072,-91.29306,636,near
9114,Loving,New Mexico,NM,1359,32.27403,-104.09138,575,near
9115,Munford,Alabama,AL,1358,33.54099,-85.93632,256,near
9116,Poncha Springs,Colorado,CO,1358,38.51278,-106.07667,719,near
9117,Spring Hope,North Carolina,NC,1358,35.93019,-78.10850,252,near
9118,Plains,Texas,TX,1358,33.18935,-102.82937,806,near
9119,Brookside,Alabama,AL,1357,33.63778,-86.91667,205,near
9120,Walford,Iowa,IA,1357,41.87833,-91.83444,319,near
9121,Luna Pier,Michigan,MI,1357,41.81537,-83.43617,734,near
9122,Bel-Nor,Missouri,MO,1357,,,,
9123,Shortsville,New York,NY,1357,42.96903,-77.22731,585,near
9124,Elizabeth,Pennsylvania,PA,1357,40.26557,-79.85684,412 878 724,near
9125,Hughestown,Pennsylvania,PA,1357,,,,
9126,Mullens,West Virginia,WV,1357,37.58417,-81.38902,304,near
9127,Elmore,Alabama,AL,1356,32.54538,-86.31613,334,near
9128,Natalia,Texas,TX,1356,29.21167,-98.85516,210,near
9129,Hayden,Alabama,AL,1355,33.88581,-86.81767,205,near
9130,Lenox,Iowa,IA,1355,40.88410,-94.56117,515,near
9131,Scottville,Michigan,MI,1355,43.97669,-86.31561,231,near
9132,Minneota,Minnesota,MN,1355,44.55873,-95.97671,,
9133,Oakland,Nebraska,NE,1355,41.83843,-96.46706,402,near
9134,Schuylerville,New York,NY,1354,43.08778,-73.60068,518,near
9135,Mantua,Utah,UT,1354,41.49750,-111.94165,435,near
9136,Palm Valley,Texas,TX,1353,,,,
9137,Appleton,Minnesota,MN,1352,45.20543,-95.99487,,
9138,Elizabethville,Pennsylvania,PA,1352,40.55497,-76.83548,717,near
9139,Logan,Iowa,IA,1351,41.62434,-95.75248,712,near
9140,Ortonville,Michigan,MI,1351,42.84094,-83.42881,248 947 810,near
9141,Stoneville,North Carolina,NC,1351,36.47048,-79.90130,336,near
9142,Frazeysburg,Ohio,OH,1351,40.13162,-82.12928,220 740,near
9143,Hanover,Ohio,OH,1351,,,,
9144,Chesterfield,South Carolina,SC,1351,34.72783,-80.09577,843,near
9145,Brackettville,Texas,TX,1351,29.30963,-100.41550,830,near
9146,Vienna,Illinois,IL,1350,37.42054,-88.88787,618,near
9147,Oak Grove,Louisiana,LA,1350,32.87226,-91.41290,318,near
9148,Huntsville,Missouri,MO,1350,39.43537,-92.55299,573,near
9149,Ashley,Ohio,OH,1350,40.41626,-82.95420,220 740,near
9150,Oologah,Oklahoma,OK,1350,36.44372,-95.72901,539,near
9151,Johnsonville,South Carolina,SC,1350,33.82987,-79.47826,843,near
9152,Oblong,Illinois,IL,1349,39.00104,-87.89502,217,near
9153,Oriskany,New York,NY,1349,43.15243,-75.34344,315,near
9154,Booker,Texas,TX,1349,36.44295,-100.52379,,
9155,Coburg,Oregon,OR,1348,,,,
9156,Rutledge,Tennessee,TN,1348,36.25008,-83.51247,423,near
9157,Greenup,Illinois,IL,1347,39.23945,-88.14450,217,near
9158,Okawville,Illinois,IL,1347,38.43186,-89.52304,618,near
9159,Shaw,Mississippi,MS,1347,33.58739,-90.81427,662,near
9160,Deadwood,South Dakota,SD,1347,44.35663,-103.69994,605,near
9161,Bellevue,Michigan,MI,1345,42.45247,-85.04887,269,near
9162,Wymore,Nebraska,NE,1345,40.11295,-96.66133,402,near
9163,Richlandtown,Pennsylvania,PA,1345,40.47217,-75.32193,484 610,near
9164,Sneedville,Tennessee,TN,1344,36.52752,-83.25289,423,near
9165,Bogart,Georgia,GA,1343,33.93404,-83.50546,706 762,near
9166,North Utica,Illinois,IL,1343,,,,
9167,Monroeville,Indiana,IN,1343,40.98704,-84.89373,260,near
9168,Medicine Lake,Minnesota,MN,1343,,,,
9169,Groton,South Dakota,SD,1343,45.45034,-98.10581,605,near
9170,Mason,Tennessee,TN,1343,35.43801,-89.55181,901,near
9171,Fayette,Mississippi,MS,1342,31.71206,-91.05823,601,near
9172,New Beaver,Pennsylvania,PA,1342,,,,
9173,Fanning Springs,Florida,FL,1341,,,,
9174,Lone Tree,Iowa,IA,1341,41.49880,-91.43626,319,near
9175,Duson,Louisiana,LA,1341,30.19122,-92.15246,337,near
9176,West Jefferson,North Carolina,NC,1341,36.37765,-81.48722,828,near
9177,Milan,Ohio,OH,1341,41.31106,-82.61257,419 567,near
9178,Susquehanna Depot,Pennsylvania,PA,1341,,,,
9179,Rosebud,Texas,TX,1341,31.09221,-96.97545,254,near
9180,Mendon,Utah,UT,1340,41.70999,-111.98169,435,near
9181,Sublette,Kansas,KS,1339,37.52215,-100.82077,620,near
9182,Tolar,Texas,TX,1339,32.37725,-97.88021,682,near
9183,Smithville,Ohio,OH,1338,40.85923,-81.86333,234 330,near
9184,Basin,Wyoming,WY,1337,44.37877,-108.04379,,
9185,Blowing Rock,North Carolina,NC,1336,36.09459,-81.75097,828,near
9186,Pemberville,Ohio,OH,1336,41.40226,-83.47364,419 567,near
9187,Advance,Missouri,MO,1335,37.09222,-89.91061,573,near
9188,Bloomfield,New York,NY,1335,42.88510,-77.45998,585,near
9189,Black Creek,Wisconsin,WI,1335,44.48560,-88.44478,920,near
9190,Lakewood Club,Michigan,MI,1334,,,,
9191,Wheaton,Minnesota,MN,1334,45.81110,-96.48660,,
9192,Broadalbin,New York,NY,1334,43.07269,-74.16837,518,near
9193,Burlington,North Dakota,ND,1334,48.27353,-101.42821,701,near
9194,New Rockford,North Dakota,ND,1334,47.67939,-99.07801,,
9195,Morris,Oklahoma,OK,1334,35.66188,-95.83186,539,near
9196,Enosburg Falls,Vermont,VT,1334,44.89849,-72.79104,802,near
9197,Ceredo,West Virginia,WV,1334,38.39639,-82.55889,304 681,near
9198,New Pekin,Indiana,IN,1333,,,,
9199,Logansport,Louisiana,LA,1333,31.99433,-93.96273,318,near
9200,Elwood,Utah,UT,1333,,,,
9201,Owensville,Indiana,IN,1332,38.27441,-87.70905,812,near
9202,Winthrop,Minnesota,MN,1332,44.54357,-94.36985,507,near
9203,Forest,Ohio,OH,1332,40.79955,-83.50977,419,near
9204,Granville,Illinois,IL,1331,41.26421,-89.22503,309,near
9205,Sweet Springs,Missouri,MO,1331,38.96595,-93.42468,660,near
9206,Baltic,South Dakota,SD,1331,43.73091,-96.75627,605,near
9207,Barneveld,Wisconsin,WI,1331,43.01580,-89.90423,608,near
9208,Blades,Delaware,DE,1330,,,,
9209,Zebulon,Georgia,GA,1330,33.10023,-84.31083,678 770,near
9210,Nora Springs,Iowa,IA,1330,43.14786,-93.00022,641,near
9211,Webb,Alabama,AL,1329,31.26562,-85.25438,334,near
9212,Oxford,New York,NY,1329,42.44338,-75.60626,607,near
9213,Inman,Kansas,KS,1328,38.22321,-97.79511,620,near
9214,Red Lake Falls,Minnesota,MN,1327,47.88229,-96.26810,218,near
9215,Pittsford,New York,NY,1327,43.06951,-77.51407,585,near
9216,Roslyn Estates,New York,NY,1327,,,,
9217,Maple Bluff,Wisconsin,WI,1327,,,,
9218,Fulda,Minnesota,MN,1326,43.87530,-95.59794,,
9219,Coldwater,Mississippi,MS,1326,34.69236,-89.98688,662,near
9220,Big Sandy,Texas,TX,1326,32.61682,-95.08803,903,near
9221,Waukomis,Oklahoma,OK,1325,36.27806,-97.89958,580,near
9222,Omega,Georgia,GA,1324,31.36043,-83.59394,229,near
9223,Hewlett Harbor,New York,NY,1324,,,,
9224,Rotan,Texas,TX,1324,32.85552,-100.47049,325,near
9225,Kingsford Heights,Indiana,IN,1323,41.48056,-86.69167,219,near
9226,Woodway,Washington,WA,1323,,,,
9227,Coldstream,Kentucky,KY,1322,,,,
9228,Cottage City,Maryland,MD,1322,,,,
9229,Centreville,Michigan,MI,1322,41.92168,-85.49630,269,near
9230,Girardville,Pennsylvania,PA,1322,40.79216,-76.28581,272,near
9231,Toluca,Illinois,IL,1321,41.00455,-89.13481,309,near
9232,Johnson,Vermont,VT,1321,44.64204,-72.67115,802,near
9233,Marshall,Arkansas,AR,1320,35.92670,-92.64020,479,near
9234,Arlington,Nebraska,NE,1320,41.44165,-96.30697,402 531,near
9235,Russells Point,Ohio,OH,1320,40.47496,-83.87982,937,near
9236,Atglen,Pennsylvania,PA,1320,39.94578,-75.97034,717,near
9237,Lexington,Texas,TX,1319,30.41914,-97.05239,512,near
9238,Logan,West Virginia,WV,1319,37.84749,-82.00209,304,near
9239,Taylorsville,Kentucky,KY,1317,38.04705,-85.38286,502,near
9240,Ringgold,Louisiana,LA,1317,32.32630,-93.29824,318,near
9241,West Alexandria,Ohio,OH,1317,39.72590,-84.53521,937,near
9242,Clymer,Pennsylvania,PA,1317,40.66881,-79.01186,814,near
9243,Sparta,Georgia,GA,1316,33.26552,-82.98595,478,near
9244,New London,Minnesota,MN,1316,45.29494,-94.94801,320,near
9245,Preston,Minnesota,MN,1316,43.66413,-92.09604,507,near
9246,Flippin,Arkansas,AR,1315,36.26822,-92.57800,,
9247,Rome City,Indiana,IN,1315,41.48491,-85.37430,574,near
9248,Buhler,Kansas,KS,1315,38.13090,-97.76909,620,near
9249,Yates Center,Kansas,KS,1315,37.88012,-95.72894,620,near
9250,Atkinson,Nebraska,NE,1315,42.54828,-98.97609,,
9251,Salem,South Dakota,SD,1315,43.73558,-97.37969,605,near
9252,Kincaid,Illinois,IL,1314,39.58861,-89.41444,217,near
9253,Russiaville,Indiana,IN,1314,40.41509,-86.26747,765,near
9254,Webberville,Michigan,MI,1314,42.66298,-84.17013,517,near
9255,Madison Lake,Minnesota,MN,1314,44.22207,-93.82889,507,near
9256,Estancia,New Mexico,NM,1314,34.76998,-106.13502,505,near
9257,Bryn Athyn,Pennsylvania,PA,1314,40.13139,-75.06778,215 267 484 610,near
9258,Middleburg,Pennsylvania,PA,1314,40.79766,-77.04680,272,near
9259,Gold Hill,Oregon,OR,1313,42.42444,-123.08543,458 541,near
9260,Pilot Rock,Oregon,OR,1313,45.42272,-118.84833,,
9261,Clintwood,Virginia,VA,1313,37.15921,-82.44534,,
9262,Nashotah,Wisconsin,WI,1313,43.11179,-88.40891,262,near
9263,Silver Lake,Kansas,KS,1312,39.11020,-95.85518,785,near
9264,Ness City,Kansas,KS,1310,38.43875,-99.90286,785,near
9265,Frazee,Minnesota,MN,1310,46.75647,-95.52116,218,near
9266,Brownsboro,Texas,TX,1309,32.29051,-95.62289,903,near
9267,Menard,Texas,TX,1309,30.91190,-99.78472,325,near
9268,Clarksville,Virginia,VA,1309,36.63144,-78.53529,434,near
9269,Sistersville,West Virginia,WV,1309,39.55837,-80.98183,304,near
9270,Duck Hill,Mississippi,MS,1308,33.68648,-89.73342,662,near
9271,Freeman,South Dakota,SD,1308,43.36050,-97.46007,605,near
9272,Miller,South Dakota,SD,1307,44.49664,-98.98940,605,near
9273,Carbondale,Kansas,KS,1306,38.82062,-95.68708,785,near
9274,Grand Marais,Minnesota,MN,1306,47.77577,-90.33911,,
9275,Parker,South Dakota,SD,1306,43.40204,-97.13330,605,near
9276,Lakeside City,Texas,TX,1306,,,,
9277,Sundown,Texas,TX,1306,33.45611,-102.48889,806,near
9278,Goodman,Missouri,MO,1305,36.73233,-94.39855,417,near
9279,Boulder,Montana,MT,1305,46.23065,-112.11376,406,near
9280,Brocton,New York,NY,1305,42.39397,-79.43443,716,near
9281,Bernice,Louisiana,LA,1304,32.82102,-92.62627,318,near
9282,Bagley,Minnesota,MN,1304,47.48702,-95.41334,,
9283,Stedman,North Carolina,NC,1303,35.03475,-78.69493,910,near
9284,Fountain Green,Utah,UT,1303,39.63000,-111.63444,385,near
9285,Muscoda,Wisconsin,WI,1303,43.20737,-90.45700,608,near
9286,Westfield,Wisconsin,WI,1303,43.89679,-89.50202,715,near
9287,Marthasville,Missouri,MO,1302,38.64862,-91.05546,636,near
9288,Green Springs,Ohio,OH,1302,41.22811,-83.08855,419,near
9289,Valley Mills,Texas,TX,1302,31.65988,-97.49346,254,near
9290,Fairview,Utah,UT,1302,39.64532,-111.49529,385,near
9291,Williamstown,Pennsylvania,PA,1301,40.58076,-76.62226,717,near
9292,Pelahatchie,Mississippi,MS,1300,32.31799,-89.79135,601,near
9293,Coosada,Alabama,AL,1299,32.49667,-86.33167,334,near
9294,Hooper Bay,Alaska,AK,1299,61.53716,-165.89104,,
9295,Panama,Oklahoma,OK,1299,35.16722,-94.67222,539,near
9296,Springfield,Colorado,CO,1298,37.40673,-102.61732,,
9297,Remerton,Georgia,GA,1298,,,,
9298,Stockbridge,Michigan,MI,1298,42.46040,-84.17518,517,near
9299,Mansfield,Missouri,MO,1298,37.12730,-92.59355,417,near
9300,Surf City,New Jersey,NJ,1298,,,,
9301,China,Texas,TX,1298,30.04778,-94.33556,409,near
9302,Clinton,Louisiana,LA,1297,30.82487,-90.93314,225,near
9303,Schwenksville,Pennsylvania,PA,1297,40.24709,-75.46016,484 610,near
9304,Cerro Gordo,Illinois,IL,1295,39.86806,-88.72563,217,near
9305,Clifton,Illinois,IL,1295,40.93944,-87.92024,779 815,near
9306,Onarga,Illinois,IL,1294,40.71200,-87.99584,779,near
9307,Olla,Louisiana,LA,1294,31.87339,-92.22139,318,near
9308,Powells Crossroads,Tennessee,TN,1294,,,,
9309,Clear Lake Shores,Texas,TX,1294,,,,
9310,Dike,Iowa,IA,1293,42.47301,-92.61215,319,near
9311,Harper,Kansas,KS,1293,37.29094,-98.01798,316,near
9312,Beechwood Village,Kentucky,KY,1293,,,,
9313,Dalton,Pennsylvania,PA,1293,41.53950,-75.70374,272 570,near
9314,Eastport,Maine,ME,1292,44.91997,-67.00739,,
9315,Brown City,Michigan,MI,1292,43.21707,-82.99784,810,near
9316,Due West,South Carolina,SC,1292,34.33443,-82.40016,864,near
9317,Woodsboro,Texas,TX,1291,28.22322,-97.31921,361,near
9318,Fredonia,Arizona,AZ,1290,36.90440,-112.49786,,
9319,Terre Hill,Pennsylvania,PA,1290,40.15854,-76.05108,484 610,near
9320,Pine Mountain,Georgia,GA,1288,32.87349,-84.89595,706 762,near
9321,Glenns Ferry,Idaho,ID,1288,42.96220,-115.31597,208,near
9322,Newark,Texas,TX,1288,33.00710,-97.51070,682,near
9323,Tioga,Texas,TX,1288,33.46749,-96.90971,903,near
9324,Cape Charles,Virginia,VA,1288,37.27987,-75.97213,757,near
9325,Ansted,West Virginia,WV,1288,38.13686,-81.09549,304,near
9326,Geneva,Indiana,IN,1287,40.60713,-84.96207,765,near
9327,Oberlin,Louisiana,LA,1287,30.61620,-92.75267,337,near
9328,Edwardsburg,Michigan,MI,1287,41.79126,-86.02625,269,near
9329,Courtland,Virginia,VA,1287,36.72252,-77.07827,757,near
9330,Parsons,West Virginia,WV,1287,39.10586,-79.67345,304,near
9331,Princeville,North Carolina,NC,1286,,,,
9332,Monroeville,Ohio,OH,1286,41.21807,-82.70233,419,near
9333,Waymart,Pennsylvania,PA,1286,41.57028,-75.40648,272,near
9334,Marion,Wisconsin,WI,1286,44.67941,-88.87671,715,near
9335,Gretna,Florida,FL,1284,30.61694,-84.66000,850,near
9336,Blair,Wisconsin,WI,1284,44.29684,-91.22350,608,near
9337,Leesburg,Ohio,OH,1283,39.34577,-83.54815,220,near
9338,Lowell,Oregon,OR,1283,43.92099,-122.78063,458 541,near
9339,Kempner,Texas,TX,1283,31.07305,-97.97207,254,near
9340,Grant Park,Illinois,IL,1282,41.24768,-87.64799,779 815,near
9341,St. Francis,Kansas,KS,1282,,,,
9342,Fayette,Ohio,OH,1282,41.67172,-84.32500,419,near
9343,Ridgway,Colorado,CO,1281,38.13807,-107.75334,,
9344,Chesapeake,West Virginia,WV,1281,,,,
9345,Royalton,Minnesota,MN,1280,45.85893,-94.22106,320,near
9346,Charlack,Missouri,MO,1280,,,,
9347,Theresa,Wisconsin,WI,1280,43.50448,-88.44777,262,near
9348,Archie,Missouri,MO,1279,38.49861,-94.36299,816,near
9349,North Charleroi,Pennsylvania,PA,1279,,,,
9350,Velda City,Missouri,MO,1278,,,,
9351,Mabscott,West Virginia,WV,1278,37.77083,-81.20861,304,near
9352,Edmore,Michigan,MI,1277,43.41158,-85.02800,989,near
9353,Ballard,Utah,UT,1277,,,,
9354,Warren,Illinois,IL,1276,42.48900,-89.98599,779,near
9355,Frankfort,Michigan,MI,1276,44.63112,-86.22120,,
9356,Elbow Lake,Minnesota,MN,1276,45.99527,-95.96715,218,near
9357,Gretna,Virginia,VA,1276,36.96952,-79.33887,434,near
9358,Oakwood,Illinois,IL,1275,40.11666,-87.78250,217,near
9359,Galveston,Indiana,IN,1275,40.58625,-86.19720,765,near
9360,Washburn,North Dakota,ND,1275,47.31139,-101.01157,701,near
9361,Osborne,Kansas,KS,1274,39.41940,-98.69608,785,near
9362,Camillus,New York,NY,1274,43.04165,-76.28073,315,near
9363,Avondale,Pennsylvania,PA,1274,39.82190,-75.76869,484 610,near
9364,Chrisman,Illinois,IL,1273,39.79957,-87.65555,217,near
9365,Gillett,Wisconsin,WI,1273,44.90175,-88.32422,920,near
9366,Mancos,Colorado,CO,1272,37.34713,-108.29824,,
9367,Auburn,Kansas,KS,1272,38.91667,-95.81994,785,near
9368,Pierce City,Missouri,MO,1272,36.97299,-94.00241,417,near
9369,Parker City,Indiana,IN,1271,40.19384,-85.19626,765,near
9370,Renville,Minnesota,MN,1271,44.77761,-95.19888,507,near
9371,Montrose,Pennsylvania,PA,1271,41.83958,-75.88205,272,near
9372,Harristown,Illinois,IL,1270,39.85389,-89.08389,217,near
9373,Mansura,Louisiana,LA,1270,31.06147,-92.05433,318,near
9374,Robbins,North Carolina,NC,1270,35.45284,-79.58203,336,near
9375,Eagle Butte,South Dakota,SD,1270,45.02389,-101.10417,605,near
9376,Gregory,South Dakota,SD,1270,43.22691,-99.43021,,
9377,Princeton,Wisconsin,WI,1270,43.84383,-89.12491,920,near
9378,Wyoming,Illinois,IL,1269,41.05988,-89.77824,309,near
9379,Breckenridge,Michigan,MI,1269,43.39346,-84.50232,989,near
9380,North Collins,New York,NY,1269,42.58965,-78.91073,716,near
9381,Orangeville,Utah,UT,1269,39.22722,-111.05278,385,near
9382,Flemington,Pennsylvania,PA,1268,,,,
9383,Mountain View,Wyoming,WY,1268,41.26889,-110.33917,,
9384,Georgiana,Alabama,AL,1267,31.62866,-86.73396,334,near
9385,Plainview,Nebraska,NE,1267,42.34670,-97.77862,402,near
9386,Elroy,Wisconsin,WI,1267,43.75162,-90.28886,608,near
9387,Glenwood City,Wisconsin,WI,1267,45.06234,-92.18159,715,near
9388,Dysart,Iowa,IA,1266,42.16902,-92.31873,319,near
9389,Pleasant Hill,Ohio,OH,1266,40.05314,-84.34363,937,near
9390,Elkhart,Texas,TX,1266,31.63509,-95.55323,903,near
9391,Martindale,Texas,TX,1266,29.79333,-97.79332,512 737,near
9392,Walnut,Illinois,IL,1265,41.55304,-89.59224,309,near
9393,Shell Rock,Iowa,IA,1265,42.70611,-92.58878,319,near
9394,Nashville,Indiana,IN,1264,39.23671,-86.22199,812,near
9395,Lindsay,Texas,TX,1264,33.63601,-97.22144,940,near
9396,Cleveland,Alabama,AL,1263,33.99211,-86.55935,205,near
9397,Bronson,Florida,FL,1263,29.46095,-82.63564,352,near
9398,Coleman,Michigan,MI,1262,43.74940,-84.59106,989,near
9399,Harbor Springs,Michigan,MI,1262,45.46453,-84.98030,,
9400,Ontonagon,Michigan,MI,1262,46.82748,-89.34847,,
9401,Reese,Michigan,MI,1261,43.45309,-83.70153,989,near
9402,Hildale,Utah,UT,1261,37.00361,-112.96611,435,near
9403,Farmland,Indiana,IN,1260,40.19445,-85.12538,765,near
9404,Wathena,Kansas,KS,1260,39.76250,-94.92546,913,near
9405,North Bend,Nebraska,NE,1260,41.46892,-96.78133,402 531,near
9406,Holly Hill,South Carolina,SC,1259,33.32759,-80.40239,843,near
9407,Willacoochee,Georgia,GA,1258,31.34548,-83.04493,229,near
9408,Coon Rapids,Iowa,IA,1258,41.89396,-94.67998,515,near
9409,De Graff,Ohio,OH,1258,40.30577,-83.91530,937,near
9410,Bloomfield,Pennsylvania,PA,1258,,,,
9411,Georgetown,Colorado,CO,1257,39.70611,-105.69694,303,near
9412,Rehoboth Beach,Delaware,DE,1257,38.71471,-75.10735,302,near
9413,Earlington,Kentucky,KY,1257,37.26790,-87.52268,270,near
9414,Iota,Louisiana,LA,1257,30.30008,-92.53220,337,near
9415,Rich Hill,Missouri,MO,1257,38.09438,-94.36345,816,near
9416,Haskins,Ohio,OH,1256,41.46516,-83.70586,419 567,near
9417,Biglerville,Pennsylvania,PA,1256,39.92812,-77.28855,717,near
9418,Goodwater,Alabama,AL,1255,33.07464,-86.07815,256,near
9419,East Hazel Crest,Illinois,IL,1254,,,,
9420,Utica,Indiana,IN,1254,,,,
9421,Central City,Iowa,IA,1254,42.19823,-91.49140,319,near
9422,Rice,Texas,TX,1254,32.22579,-96.46061,903,near
9423,Barry,Illinois,IL,1253,39.70466,-91.02648,217,near
9424,Laurens,Iowa,IA,1253,42.84094,-94.85082,515,near
9425,Killian,Louisiana,LA,1253,,,,
9426,Tangent,Oregon,OR,1253,44.54973,-123.11082,458 541,near
9427,Centre Hall,Pennsylvania,PA,1253,40.82543,-77.67423,814,near
9428,Bainbridge,New York,NY,1252,42.31197,-75.48941,607,near
9429,Beaver,Oklahoma,OK,1252,36.79556,-100.53294,,
9430,Bowling Green,Virginia,VA,1252,38.01365,-77.18024,804,near
9431,Mount Hope,West Virginia,WV,1252,37.91105,-81.17042,304,near
9432,Fletcher,Oklahoma,OK,1251,34.78466,-98.20025,580,near
9433,Kenton,Tennessee,TN,1250,36.19058,-89.02288,731,near
9434,Bellefonte,Delaware,DE,1249,,,,
9435,Lapwai,Idaho,ID,1249,46.41240,-116.79023,208,near
9436,New Sharon,Iowa,IA,1249,41.46398,-92.68482,641,near
9437,Platte,South Dakota,SD,1249,43.40242,-98.88966,,
9438,Hanna City,Illinois,IL,1248,40.67978,-89.79524,309,near
9439,Alton,Iowa,IA,1248,42.97818,-96.01727,712,near
9440,Blue Ridge,Texas,TX,1248,33.30613,-96.39006,214 469 972,near
9441,Albany,Louisiana,LA,1247,30.51487,-90.59641,985,near
9442,Blue Ridge,Georgia,GA,1246,34.85552,-84.32809,706,near
9443,Konawa,Oklahoma,OK,1246,34.97082,-96.73428,405,near
9444,West Easton,Pennsylvania,PA,1246,,,,
9445,Marsing,Idaho,ID,1245,43.53987,-116.82397,208,near
9446,Franklinville,North Carolina,NC,1245,35.79174,-79.71318,336 743,near
9447,Troy,Pennsylvania,PA,1245,41.77815,-76.77114,272,near
9448,Marmaduke,Arkansas,AR,1244,36.19512,-90.38368,870,near
9449,Goodhue,Minnesota,MN,1244,44.40218,-92.57174,507,near
9450,La Plata,Missouri,MO,1244,40.02083,-92.50767,573,near
9451,Plains,Montana,MT,1244,47.47345,-114.89301,406,near
9452,Sperry,Oklahoma,OK,1244,36.29547,-95.98037,539 918,near
9453,West Leechburg,Pennsylvania,PA,1244,,,,
9454,Prosperity,South Carolina,SC,1244,34.18324,-81.53235,803,near
9455,St. Elmo,Illinois,IL,1243,,,,
9456,Point Venture,Texas,TX,1243,,,,
9457,Wells,Nevada,NV,1242,41.12980,-114.53275,,
9458,Latta,South Carolina,SC,1242,34.33983,-79.44170,843,near
9459,Coulee Dam,Washington,WA,1242,48.17386,-119.18091,509,near
9460,Heritage Creek,Kentucky,KY,1241,,,,
9461,Marks,Mississippi,MS,1241,34.26073,-90.28160,662,near
9462,Moravia,New York,NY,1241,42.73546,-76.39898,315,near
9463,Tye,Texas,TX,1241,32.44773,-99.86843,325,near
9464,Greenland,Arkansas,AR,1240,35.99417,-94.17500,479,near
9465,Mountain Village,Colorado,CO,1240,,,,
9466,Heidelberg,Pennsylvania,PA,1240,,,,
9467,Larimore,North Dakota,ND,1239,47.90405,-97.65179,701,near
9468,Hurt,Virginia,VA,1239,37.07979,-79.29999,434,near
9469,Clarksville,Iowa,IA,1238,42.80408,-92.65883,319,near
9470,Rock Port,Missouri,MO,1238,40.43058,-95.52740,816,near
9471,Stryker,Ohio,OH,1238,41.48612,-84.40891,419,near
9472,Barbourmeade,Kentucky,KY,1237,,,,
9473,La Grulla,Texas,TX,1237,,,,
9474,Black River,New York,NY,1236,44.00416,-75.79578,315,near
9475,Jeffersonville,Ohio,OH,1236,39.65896,-83.56873,937,near
9476,Kingston,Ohio,OH,1236,39.44143,-82.84881,220 740,near
9477,Ardmore,Tennessee,TN,1236,35.05745,-86.87955,931,near
9478,Weber City,Virginia,VA,1236,36.62021,-82.54523,,
9479,Locust Fork,Alabama,AL,1235,33.90750,-86.61528,205,near
9480,Boston,Georgia,GA,1235,30.78555,-83.79708,229,near
9481,Morningside,Maryland,MD,1235,,,,
9482,Jewell Junction,Iowa,IA,1234,,,,
9483,Fowler,Michigan,MI,1234,42.99414,-84.75997,517,near
9484,Bally,Pennsylvania,PA,1234,40.40056,-75.58748,484 610,near
9485,Ridgeville,South Carolina,SC,1234,33.10802,-80.30861,843 854,near
9486,Oyster Creek,Texas,TX,1234,,,,
9487,Manly,Iowa,IA,1233,43.28912,-93.20180,641,near
9488,Wisner,Nebraska,NE,1233,41.99799,-96.91697,402,near
9489,Long Creek,Illinois,IL,1232,,,,
9490,Hurley,New Mexico,NM,1232,32.64799,-108.15162,,
9491,Central High,Oklahoma,OK,1232,,,,
9492,Edgerton,Minnesota,MN,1231,43.88242,-96.14633,,
9493,Gholson,Texas,TX,1231,,,,
9494,Sutherland,Nebraska,NE,1230,41.15575,-101.13603,308,near
9495,Shullsburg,Wisconsin,WI,1230,42.57856,-90.22662,608,near
9496,Keedysville,Maryland,MD,1229,39.45632,-77.69443,240 301,near
9497,Robersonville,North Carolina,NC,1229,35.82180,-77.26004,252,near
9498,Snyder,Oklahoma,OK,1229,34.65478,-98.95075,580,near
9499,Goodman,Mississippi,MS,1228,32.97213,-89.98215,601,near
9500,Rutherford College,North Carolina,NC,1228,35.74833,-81.52278,828,near
9501,Lake Waccamaw,North Carolina,NC,1227,34.33936,-78.51021,910,near
9502,Ostrander,Ohio,OH,1227,40.27397,-83.19781,220 740 614,near
9503,Topeka,Indiana,IN,1226,41.56344,-85.53167,574,near
9504,St. Martins,Missouri,MO,1226,,,,
9505,Milford,New Jersey,NJ,1226,40.59294,-75.10252,609,near
9506,Moyie Springs,Idaho,ID,1225,48.74643,-116.17960,,
9507,Reeds Spring,Missouri,MO,1224,36.69466,-93.37218,417,near
9508,Greenback,Tennessee,TN,1224,35.65674,-84.17096,865,near
9509,Julesburg,Colorado,CO,1223,40.97083,-102.25750,,
9510,Atwood,Kansas,KS,1223,39.79261,-101.03177,,
9511,Elm City,North Carolina,NC,1223,35.81095,-77.85603,252,near
9512,Mulberry,Indiana,IN,1222,40.34330,-86.66126,765,near
9513,Bismarck,Missouri,MO,1222,37.76987,-90.62073,314,near
9514,LaCoste,Texas,TX,1222,,,,
9515,Culver,Indiana,IN,1220,41.22307,-86.41289,219,near
9516,Cavalier,North Dakota,ND,1220,48.79434,-97.65719,701,near
9517,Tiltonsville,Ohio,OH,1220,40.16808,-80.69965,234,near
9518,Lyons,Oregon,OR,1220,44.77679,-122.82008,503,near
9519,Riddle,Oregon,OR,1220,42.93887,-123.36125,458,near
9520,Erin,Tennessee,TN,1220,36.30668,-87.67896,931,near
9521,Iola,Wisconsin,WI,1220,44.53218,-89.13731,715,near
9522,Wilson,New York,NY,1219,43.29681,-78.82440,716,near
9523,Ucon,Idaho,ID,1218,43.59639,-111.96306,208,near
9524,Hawley,Pennsylvania,PA,1218,41.47868,-75.19782,272,near
9525,Fairfax,Minnesota,MN,1217,44.53294,-94.72563,507,near
9526,Fullerton,Nebraska,NE,1217,41.36604,-98.00536,402,near
9527,Duncansville,Pennsylvania,PA,1217,40.42623,-78.43833,814,near
9528,Millbourne,Pennsylvania,PA,1217,,,,
9529,Hilbert,Wisconsin,WI,1217,44.12713,-88.20696,920,near
9530,Mahnomen,Minnesota,MN,1216,47.33615,-95.88561,218,near
9531,Avalon,New Jersey,NJ,1216,39.09510,-74.72618,609,near
9532,Rio Vista,Texas,TX,1216,32.25317,-97.36782,682 817,near
9533,Cave Spring,Georgia,GA,1215,34.11668,-85.33791,706 762,near
9534,Dixon,Missouri,MO,1215,37.98477,-92.08966,573,near
9535,Boonville,North Carolina,NC,1215,36.23401,-80.63569,336,near
9536,Yamhill,Oregon,OR,1215,45.33505,-123.20364,503 971,near
9537,North Apollo,Pennsylvania,PA,1215,40.59611,-79.55583,412 724 878,near
9538,Von Ormy,Texas,TX,1215,29.27498,-98.66774,210,near
9539,Valmeyer,Illinois,IL,1214,38.29516,-90.30923,618,near
9540,Arnolds Park,Iowa,IA,1214,43.36358,-95.13126,,
9541,Beaverton,Michigan,MI,1214,43.88658,-84.42406,989,near
9542,Greenfield,Missouri,MO,1214,37.41966,-93.84069,417,near
9543,Port Byron,New York,NY,1214,43.04265,-76.64492,315,near
9544,Westfield Center,Ohio,OH,1214,41.02639,-81.93333,234 330,near
9545,Red Boiling Springs,Tennessee,TN,1214,36.53128,-85.84633,931,near
9546,Munday,Texas,TX,1214,33.45609,-99.63262,325,near
9547,Eclectic,Alabama,AL,1213,32.65419,-86.03161,334,near
9548,Tower Lakes,Illinois,IL,1213,,,,
9549,Edinburg,Virginia,VA,1213,38.84321,-78.60033,540,near
9550,Siletz,Oregon,OR,1212,44.73133,-123.90624,458,near
9551,Lincolnville,South Carolina,SC,1212,,,,
9552,Diaz,Arkansas,AR,1211,35.63833,-91.26500,870,near
9553,Litchfield,Connecticut,CT,1211,41.75407,-73.20001,860 959,near
9554,Silver Grove,Kentucky,KY,1211,39.03426,-84.39085,859,near
9555,Florence,Texas,TX,1211,30.78137,-97.83442,512 737,near
9556,Mexico Beach,Florida,FL,1210,29.94778,-85.41806,850,near
9557,Palm Shores,Florida,FL,1210,,,,
9558,Bergen,New York,NY,1210,43.08694,-77.96033,585,near
9559,Ames,Texas,TX,1210,,,,
9560,Beverly,Ohio,OH,1209,39.57144,-81.63459,220,near
9561,Granger,Texas,TX,1209,30.73981,-97.44506,512,near
9562,Roscoe,Texas,TX,1209,32.42756,-100.53909,325,near
9563,Tripoli,Iowa,IA,1208,42.81054,-92.26593,319,near
9564,La Crosse,Kansas,KS,1208,38.53114,-99.30973,785,near
9565,Jordan,New York,NY,1208,43.06514,-76.45978,315,near
9566,Palestine,Illinois,IL,1207,39.00282,-87.61570,217,near
9567,Fremont,North Carolina,NC,1207,35.51856,-77.99630,919 984 252,near
9568,Buchanan,Virginia,VA,1207,37.52844,-79.70529,540,near
9569,Hillcrest,Illinois,IL,1206,,,,
9570,Oran,Missouri,MO,1205,37.08698,-89.67336,573,near
9571,Eagle,Nebraska,NE,1205,40.81691,-96.42897,402 531,near
9572,Millbury,Ohio,OH,1205,41.56106,-83.43808,419 567,near
9573,Livermore,Kentucky,KY,1204,37.50445,-87.12386,270,near
9574,Kensington,New York,NY,1204,,,,
9575,Benwood,West Virginia,WV,1204,40.01330,-80.71603,304 681,near
9576,Colfax,Wisconsin,WI,1204,44.99933,-91.73574,715,near
9577,Fowler,Colorado,CO,1203,38.12307,-104.02991,719,near
9578,Somerset,Maryland,MD,1203,,,,
9579,Shafer,Minnesota,MN,1203,45.35756,-92.76089,651,near
9580,Lincoln,Missouri,MO,1203,38.40727,-93.36680,660,near
9581,Williamsburg,Pennsylvania,PA,1203,40.43736,-78.22555,814,near
9582,Spring Grove,Minnesota,MN,1202,43.56234,-91.63679,507,near
9583,West Yellowstone,Montana,MT,1202,44.91250,-111.18595,406,near
9584,Gnadenhutten,Ohio,OH,1202,40.37212,-81.40586,234,near
9585,Stamps,Arkansas,AR,1201,33.35688,-93.50131,870,near
9586,Clear Lake,South Dakota,SD,1201,44.76370,-96.70054,605,near
9587,Rock Hall,Maryland,MD,1200,39.13437,-76.23047,410,near
9588,Buffalo,West Virginia,WV,1200,38.60924,-81.94997,304,near
9589,Ohatchee,Alabama,AL,1199,33.77878,-86.02536,256,near
9590,Britton,South Dakota,SD,1199,45.80230,-97.74183,605,near
9591,Ore City,Texas,TX,1199,32.78559,-94.75140,903,near
9592,Bethany,Illinois,IL,1198,39.63475,-88.75430,217,near
9593,Warren,Indiana,IN,1198,40.68865,-85.41834,765,near
9594,Adrian,Minnesota,MN,1198,43.61968,-95.92726,,
9595,Laverne,Oklahoma,OK,1198,36.70625,-99.89177,,
9596,Drain,Oregon,OR,1198,43.68766,-123.29292,458,near
9597,Montgomery,West Virginia,WV,1198,38.14123,-81.28135,304,near
9598,West Blocton,Alabama,AL,1197,33.14243,-87.13694,205,near
9599,Morristown,Indiana,IN,1197,39.66748,-85.69342,317,near
9600,North Haven,New York,NY,1197,,,,
9601,Boswell,Pennsylvania,PA,1197,40.19181,-79.03618,814,near
9602,White Haven,Pennsylvania,PA,1197,41.07905,-75.77149,272 570,near
9603,Barrackville,West Virginia,WV,1197,39.50361,-80.16694,304 681,near
9604,Winterville,Georgia,GA,1196,33.95425,-83.29064,706 762,near
9605,Colon,Michigan,MI,1196,41.95761,-85.33059,269,near
9606,Pinetops,North Carolina,NC,1196,35.81961,-77.69195,252,near
9607,Clinton,Ohio,OH,1196,40.93906,-81.58708,234 330,near
9608,Chatham,Virginia,VA,1195,36.83099,-79.42966,434,near
9609,Sidney,Illinois,IL,1194,40.02321,-88.06903,217,near
9610,Fayette,Iowa,IA,1193,42.84941,-91.81389,319,near
9611,Melcher-Dallas,Iowa,IA,1193,,,,
9612,Okarche,Oklahoma,OK,1193,35.75016,-97.92999,405,near
9613,Reedsville,Wisconsin,WI,1193,44.15757,-87.96603,920,near
9614,Winter Park,Colorado,CO,1192,39.89167,-105.76250,303,near
9615,Elkader,Iowa,IA,1192,42.84963,-91.41431,563,near
9616,Honaker,Virginia,VA,1192,37.02729,-81.99688,,
9617,Asotin,Washington,WA,1192,46.13432,-117.00155,509,near
9618,Shattuck,Oklahoma,OK,1191,36.28892,-99.87930,,
9619,Iva,South Carolina,SC,1191,34.31985,-82.65744,864,near
9620,Clio,Alabama,AL,1190,31.68521,-85.59042,334,near
9621,Indian Shores,Florida,FL,1190,,,,
9622,Pigeon,Michigan,MI,1190,43.81791,-83.27551,989,near
9623,Cut and Shoot,Texas,TX,1190,,,,
9624,Rainelle,West Virginia,WV,1190,37.96611,-80.78206,304,near
9625,New Richland,Minnesota,MN,1189,43.89372,-93.49954,507,near
9626,Altamont,Tennessee,TN,1189,35.42578,-85.76351,423,near
9627,Ashland,Illinois,IL,1188,39.89168,-90.02872,217,near
9628,University Heights,Iowa,IA,1188,,,,
9629,Loyal,Wisconsin,WI,1187,44.72724,-90.49224,715,near
9630,Basile,Louisiana,LA,1186,30.49779,-92.57357,337,near
9631,Banner Elk,North Carolina,NC,1186,36.17046,-81.84119,828,near
9632,Apple Creek,Ohio,OH,1186,40.75512,-81.80926,234 330,near
9633,Lakeview,Ohio,OH,1186,40.50303,-83.90814,419,near
9634,Pandora,Ohio,OH,1186,40.95087,-83.95207,419,near
9635,Duboistown,Pennsylvania,PA,1186,,,,
9636,Downs,Illinois,IL,1185,40.38086,-88.87081,309,near
9637,Pleasanton,Kansas,KS,1185,38.18229,-94.70567,913,near
9638,Pinconning,Michigan,MI,1185,43.84908,-84.00816,989,near
9639,Hillsdale,Missouri,MO,1185,,,,
9640,Mount Gilead,North Carolina,NC,1185,35.22745,-79.98709,336,near
9641,Bethesda,Ohio,OH,1184,40.01922,-81.07674,220,near
9642,Beggs,Oklahoma,OK,1184,35.78959,-96.02640,539,near
9643,Athena,Oregon,OR,1184,45.82889,-118.49715,,
9644,Billings,Missouri,MO,1183,37.06284,-93.54763,417,near
9645,Angel Fire,New Mexico,NM,1183,36.55472,-105.26306,505,near
9646,Botkins,Ohio,OH,1183,40.46590,-84.17799,937,near
9647,Rossville,Tennessee,TN,1183,35.07676,-89.56785,901,near
9648,Pine Island,Texas,TX,1183,,,,
9649,Berry,Alabama,AL,1182,33.69449,-87.62256,205,near
9650,Oxford,Indiana,IN,1182,40.52171,-87.25258,765,near
9651,Orange Grove,Texas,TX,1182,27.94866,-97.98383,361,near
9652,Pleak,Texas,TX,1182,,,,
9653,Mammoth,Arizona,AZ,1181,32.72387,-110.64396,520,near
9654,Franklin Springs,Georgia,GA,1181,34.28472,-83.14444,706,near
9655,Clinton,Kentucky,KY,1180,36.66753,-88.96757,270,near
9656,Payne,Ohio,OH,1180,41.08069,-84.73413,419,near
9657,Ransom Canyon,Texas,TX,1180,33.53302,-101.69080,806,near
9658,Dimondale,Michigan,MI,1179,42.65009,-84.64859,517,near
9659,Monticello,Wisconsin,WI,1179,42.74148,-89.60807,608,near
9660,Battle Creek,Nebraska,NE,1178,41.99428,-97.59815,402 531,near
9661,Athens,West Virginia,WV,1178,37.43230,-80.99736,,
9662,Newark,Arkansas,AR,1177,35.71183,-91.43940,870,near
9663,Paris,Missouri,MO,1177,39.49322,-92.01132,573,near
9664,Hastings,Pennsylvania,PA,1177,40.66587,-78.70292,814,near
9665,Daisetta,Texas,TX,1177,30.11306,-94.64278,409,near
9666,Archer,Florida,FL,1176,29.55974,-82.51084,352,near
9667,Hoxie,Kansas,KS,1176,39.33219,-100.47583,785,near
9668,Clay City,Kentucky,KY,1176,37.86057,-83.93469,859,near
9669,Hazel Green,Wisconsin,WI,1176,42.53591,-90.51178,608,near
9670,Ranchester,Wyoming,WY,1176,44.90479,-107.15983,,
9671,Taos,Missouri,MO,1175,,,,
9672,Joseph,Oregon,OR,1175,45.34943,-117.21281,,
9673,Claude,Texas,TX,1175,35.09672,-101.38127,806,near
9674,St. John,Kansas,KS,1173,,,,
9675,Bellerose,New York,NY,1173,40.73474,-73.72302,516 347 718 917 929 914 212 646,near
9676,Waitsburg,Washington,WA,1173,46.26909,-118.14473,509,near
9677,Ash Flat,Arkansas,AR,1172,36.21973,-91.61075,870,near
9678,Ogden Dunes,Indiana,IN,1172,,,,
9679,St. Ansgar,Iowa,IA,1172,,,,
9680,Cole Camp,Missouri,MO,1172,38.45312,-93.19153,660,near
9681,Nelson,Georgia,GA,1171,34.38139,-84.37111,678,near
9682,Montague,California,CA,1170,41.72429,-122.46380,,
9683,Roseboro,North Carolina,NC,1170,34.99408,-78.50411,910,near
9684,Hallstead,Pennsylvania,PA,1170,41.95980,-75.78260,272,near
9685,Sister Bay,Wisconsin,WI,1170,45.18754,-87.11387,920,near
9686,Yellville,Arkansas,AR,1169,36.22532,-92.72447,479,near
9687,Garretson,South Dakota,SD,1169,43.71617,-96.51963,605,near
9688,Long Beach,Indiana,IN,1168,,,,
9689,Haven,Kansas,KS,1168,37.86859,-97.77724,620,near
9690,Andalusia,Illinois,IL,1167,41.43532,-90.72839,309,near
9691,Salineville,Ohio,OH,1167,40.61953,-80.83498,234,near
9692,Clark,South Dakota,SD,1167,44.87800,-97.72654,605,near
9693,Port Gibson,Mississippi,MS,1166,31.92660,-91.02303,601,near
9694,McCaysville,Georgia,GA,1165,,,,
9695,Toulon,Illinois,IL,1165,41.10095,-89.86058,309,near
9696,Fruitport,Michigan,MI,1165,43.14428,-86.13883,231,near
9697,West Mayfield,Pennsylvania,PA,1165,,,,
9698,Wood River,Nebraska,NE,1164,40.81063,-98.60651,308,near
9699,Oak Grove Heights,Arkansas,AR,1163,,,,
9700,Kamiah,Idaho,ID,1163,46.21856,-116.03474,208,near
9701,Buffalo,Iowa,IA,1163,41.45639,-90.72333,563,near
9702,New Waterford,Ohio,OH,1163,40.84894,-80.62086,234 330,near
9703,Chatsworth,Illinois,IL,1162,40.74844,-88.29366,779,near
9704,Rossville,Illinois,IL,1162,40.36255,-87.66918,217,near
9705,Grabill,Indiana,IN,1162,41.21075,-84.94059,260,near
9706,Petersburg,Michigan,MI,1162,41.87566,-83.68767,734,near
9707,Chinook,Montana,MT,1162,48.57985,-109.22246,,
9708,Springville,Iowa,IA,1161,42.06074,-91.43935,319,near
9709,Livonia,Louisiana,LA,1161,30.55235,-91.53322,225,near
9710,Middleburgh,New York,NY,1161,42.56373,-74.32917,518,near
9711,Lincoln Center,Kansas,KS,1160,,,,
9712,Beulaville,North Carolina,NC,1160,34.93396,-77.76966,910,near
9713,Geronimo,Oklahoma,OK,1160,34.48050,-98.38752,580,near
9714,Onancock,Virginia,VA,1160,37.71024,-75.75280,757,near
9715,Blue Lake,California,CA,1159,40.92870,-123.89670,707,near
9716,Stromsburg,Nebraska,NE,1159,41.11183,-97.57418,402,near
9717,Aurora,South Dakota,SD,1159,44.28379,-96.70427,605,near
9718,Vernon,New York,NY,1158,43.09451,-75.56272,315,near
9719,Hampton,Arkansas,AR,1157,33.53761,-92.52951,870,near
9720,Edison,Georgia,GA,1157,31.55806,-84.73833,229,near
9721,Rolla,North Dakota,ND,1157,48.85942,-99.61339,,
9722,Cashton,Wisconsin,WI,1157,43.74565,-90.76120,608,near
9723,Rochelle,Georgia,GA,1155,31.94912,-83.44498,478,near
9724,Lake Park,Iowa,IA,1155,43.44524,-95.32160,,
9725,Grand Meadow,Minnesota,MN,1155,43.71007,-92.56920,507,near
9726,Leadwood,Missouri,MO,1155,37.86408,-90.59101,314,near
9727,Stanberry,Missouri,MO,1154,40.22928,-94.53869,816,near
9728,Stevensville,Michigan,MI,1153,42.02197,-86.51186,269,near
9729,West Kittanning,Pennsylvania,PA,1153,,,,
9730,Eustace,Texas,TX,1153,32.29648,-96.01369,903,near
9731,Hartford,Illinois,IL,1152,38.82985,-90.07453,618,near
9732,French Settlement,Louisiana,LA,1152,30.33639,-90.77322,225,near
9733,Nunda,New York,NY,1152,42.58671,-77.91801,585,near
9734,Houston,Pennsylvania,PA,1151,40.24249,-80.22094,412 724 878,near
9735,St. George,Kansas,KS,1150,,,,
9736,Ansonia,Ohio,OH,1149,40.21506,-84.64064,937,near
9737,Rutherford,Tennessee,TN,1149,36.13003,-88.98486,731,near
9738,Kinderhook,New York,NY,1148,42.37667,-73.71826,518,near
9739,Waterville,Washington,WA,1148,47.62951,-119.98874,509,near
9740,Waverly,Illinois,IL,1147,39.58698,-89.94490,217,near
9741,Dellwood,Minnesota,MN,1147,,,,
9742,East Gull Lake,Minnesota,MN,1147,,,,
9743,Cottonwood,Minnesota,MN,1146,44.60025,-95.69251,,
9744,Mantachie,Mississippi,MS,1145,34.35868,-88.49603,662,near
9745,Loretto,Pennsylvania,PA,1145,40.51048,-78.62936,814,near
9746,Cloverport,Kentucky,KY,1144,37.82212,-86.59540,270,near
9747,Milford,Pennsylvania,PA,1144,41.32282,-74.88236,272,near
9748,Philadelphia,New York,NY,1143,44.15890,-75.70992,315,near
9749,Harris,Minnesota,MN,1142,45.59620,-93.03955,218,near
9750,Clermont,Georgia,GA,1141,34.47609,-83.78531,678 770,near
9751,Toledo,Illinois,IL,1141,39.27722,-88.24682,217,near
9752,Otterbein,Indiana,IN,1141,40.51701,-87.12249,765,near
9753,Strawberry Point,Iowa,IA,1141,42.68323,-91.54093,319,near
9754,Bradford Woods,Pennsylvania,PA,1141,,,,
9755,Lemmon,South Dakota,SD,1141,45.91589,-102.19277,,
9756,Frederic,Wisconsin,WI,1141,45.66531,-92.42648,715,near
9757,Glidden,Iowa,IA,1140,42.06182,-94.71478,515,near
9758,Carson City,Michigan,MI,1140,43.16950,-84.86533,989,near
9759,Elgin,Minnesota,MN,1139,44.13584,-92.25349,507,near
9760,Ellendale,North Dakota,ND,1139,46.00732,-98.51383,,
9761,Langley,Washington,WA,1139,48.01867,-122.45299,425 360,near
9762,Lambert,Mississippi,MS,1138,34.18372,-90.26299,662,near
9763,Thomas,Oklahoma,OK,1138,35.73817,-98.73884,405,near
9764,China Grove,Texas,TX,1138,,,,
9765,Plymouth,California,CA,1137,38.48811,-120.87026,916,near
9766,Arlington,Georgia,GA,1137,31.43972,-84.72500,229,near
9767,Resaca,Georgia,GA,1137,34.59200,-84.91625,706 762,near
9768,Dover,Idaho,ID,1137,48.25167,-116.61000,208,near
9769,Cuba,Illinois,IL,1137,40.49950,-90.18106,309,near
9770,La Harpe,Illinois,IL,1137,40.58459,-90.96875,309,near
9771,Malta,Illinois,IL,1137,41.91833,-88.86882,779 815,near
9772,Minier,Illinois,IL,1137,40.43589,-89.31648,309,near
9773,Elwood,Kansas,KS,1137,39.75556,-94.87222,913,near
9774,Benavides,Texas,TX,1137,27.59861,-98.40778,361,near
9775,Bull Valley,Illinois,IL,1136,,,,
9776,Oolitic,Indiana,IN,1136,38.89378,-86.52462,812,near
9777,Frankston,Texas,TX,1136,32.05349,-95.51628,903,near
9778,Lake Nebagamon,Wisconsin,WI,1136,46.50235,-91.74024,715,near
9779,Conway Springs,Kansas,KS,1135,37.39027,-97.62836,316,near
9780,Mooreland,Oklahoma,OK,1135,36.44283,-99.18321,580,near
9781,Whitaker,Pennsylvania,PA,1135,,,,
9782,Mission,South Dakota,SD,1135,43.28502,-100.59536,,
9783,Pembroke,Virginia,VA,1135,37.33027,-80.61551,540,near
9784,Calverton Park,Missouri,MO,1134,,,,
9785,Royalton,Pennsylvania,PA,1134,,,,
9786,Yarrow Point,Washington,WA,1134,,,,
9787,Macon,Illinois,IL,1133,39.70409,-88.98803,217,near
9788,Fairbank,Iowa,IA,1133,42.61624,-92.03259,319,near
9789,Wendover,Utah,UT,1133,40.59740,-113.99357,,
9790,Tonasket,Washington,WA,1133,48.71944,-119.39425,,
9791,Champlain,New York,NY,1132,44.97729,-73.44660,,
9792,Amherst,Wisconsin,WI,1132,44.42305,-89.30348,715,near
9793,Frederica,Delaware,DE,1131,39.03419,-75.45446,302,near
9794,Port Republic,New Jersey,NJ,1131,39.52720,-74.49026,609,near
9795,Island City,Oregon,OR,1131,,,,
9796,Newburg,Wisconsin,WI,1131,43.43167,-88.04639,262,near
9797,St. Anne,Illinois,IL,1130,,,,
9798,Victoria,Kansas,KS,1129,38.85893,-99.13906,785,near
9799,Holland,Texas,TX,1129,30.87998,-97.38569,254,near
9800,Franklin,Idaho,ID,1128,42.03039,-111.82286,208,near
9801,Grant,Nebraska,NE,1128,40.85107,-101.71959,308,near
9802,Bayboro,North Carolina,NC,1128,35.15260,-76.75179,252,near
9803,Urania,Louisiana,LA,1127,31.86361,-92.29583,318,near
9804,Centreville,Mississippi,MS,1127,31.08933,-91.09598,,
9805,Wetumka,Oklahoma,OK,1127,35.23955,-96.24208,405,near
9806,Yemassee,South Carolina,SC,1127,32.64298,-80.81293,843,near
9807,Sterling City,Texas,TX,1127,31.83506,-101.00173,432,near
9808,Rio,Wisconsin,WI,1126,43.42305,-89.23536,608,near
9809,Plummer,Idaho,ID,1125,47.32778,-116.86616,208,near
9810,Sandoval,Illinois,IL,1125,38.61311,-89.11401,618,near
9811,Converse,Indiana,IN,1125,40.57703,-85.87630,765,near
9812,Ship Bottom,New Jersey,NJ,1125,,,,
9813,Gueydan,Louisiana,LA,1124,30.02554,-92.53378,337,near
9814,Falkville,Alabama,AL,1123,34.34765,-86.91309,256,near
9815,Greenwood,Delaware,DE,1123,38.81752,-75.59355,302,near
9816,Albers,Illinois,IL,1123,38.53196,-89.62015,618,near
9817,Assumption,Illinois,IL,1123,39.50949,-89.03981,217,near
9818,Sheffield,Iowa,IA,1123,42.87788,-93.21558,641,near
9819,Lake Shore,Minnesota,MN,1123,,,,
9820,Linden,Tennessee,TN,1123,35.59978,-87.86558,931,near
9821,Sundance,Wyoming,WY,1123,44.40575,-104.38370,307,near
9822,Fort Deposit,Alabama,AL,1122,31.99598,-86.57614,334,near
9823,Cripple Creek,Colorado,CO,1122,38.74667,-105.17778,719,near
9824,Aurora,Oregon,OR,1122,45.22843,-122.80388,503 971,near
9825,Factoryville,Pennsylvania,PA,1122,41.57617,-75.76518,272 570,near
9826,Double Springs,Alabama,AL,1121,34.13868,-87.39743,256,near
9827,Lake View,Iowa,IA,1120,42.31537,-95.04856,515,near
9828,Tiki Island,Texas,TX,1120,,,,
9829,Highlands,North Carolina,NC,1119,35.07055,-83.21604,828,near
9830,Heppner,Oregon,OR,1119,45.34858,-119.53690,,
9831,Leetsdale,Pennsylvania,PA,1119,40.56616,-80.20987,412 878,near
9832,Hansen,Idaho,ID,1118,42.52490,-114.29936,208,near
9833,Hagaman,New York,NY,1118,42.95972,-74.16676,518,near
9834,McConnellsburg,Pennsylvania,PA,1118,,,,
9835,Crivitz,Wisconsin,WI,1118,45.25405,-88.06127,920,near
9836,Camp Point,Illinois,IL,1117,40.02929,-91.07693,217,near
9837,Caledonia,Mississippi,MS,1117,33.68646,-88.31454,662,near
9838,Divernon,Illinois,IL,1116,39.56768,-89.65465,217,near
9839,Whitehall,Montana,MT,1116,45.87715,-112.12453,406,near
9840,Third Lake,Illinois,IL,1114,,,,
9841,Mapleton,Iowa,IA,1114,42.15852,-95.79093,712,near
9842,Hebron,Maryland,MD,1114,38.40260,-75.69627,410 443 667,near
9843,Woodsboro,Maryland,MD,1114,39.53112,-77.29719,240 301,near
9844,Nicollet,Minnesota,MN,1114,44.27237,-94.18670,507,near
9845,Creighton,Nebraska,NE,1114,42.46805,-97.89323,402,near
9846,Port Orford,Oregon,OR,1114,42.75719,-124.49128,458,near
9847,Enigma,Georgia,GA,1112,31.37360,-83.35516,229,near
9848,Linn Valley,Kansas,KS,1112,,,,
9849,Brodhead,Kentucky,KY,1112,37.38152,-84.43358,859,near
9850,Point Marion,Pennsylvania,PA,1112,39.73512,-79.89899,412,near
9851,Ilwaco,Washington,WA,1112,46.31421,-124.02822,360,near
9852,Twisp,Washington,WA,1112,48.36323,-120.13504,509,near
9853,Milford,Illinois,IL,1111,40.62925,-87.68533,217,near
9854,Shelburn,Indiana,IN,1111,39.20992,-87.36119,812,near
9855,Taylorsville,Mississippi,MS,1111,31.83939,-89.40488,601,near
9856,Bayard,Nebraska,NE,1111,41.75792,-103.30189,,
9857,East Bangor,Pennsylvania,PA,1111,,,,
9858,Kenbridge,Virginia,VA,1111,36.93297,-78.12424,804,near
9859,Dane,Wisconsin,WI,1111,43.24241,-89.51174,608,near
9860,Pine Bluffs,Wyoming,WY,1111,41.17880,-104.06659,307,near
9861,Mantorville,Minnesota,MN,1110,44.07019,-92.75796,507,near
9862,Wanamingo,Minnesota,MN,1109,44.31214,-92.81026,507,near
9863,Ecru,Mississippi,MS,1109,34.33711,-88.95596,662,near
9864,Sardinia,Ohio,OH,1109,38.98323,-83.79665,513,near
9865,Fairland,Oklahoma,OK,1109,36.74178,-94.82793,539,near
9866,Bogata,Texas,TX,1109,33.46986,-95.19373,903,near
9867,Waldo,Arkansas,AR,1107,33.36002,-93.29492,870,near
9868,Louisville,Illinois,IL,1107,38.81186,-88.51005,217,near
9869,Frisco City,Alabama,AL,1106,31.42348,-87.38174,251,near
9870,George,Iowa,IA,1106,43.34390,-95.98938,712,near
9871,Villisca,Iowa,IA,1106,40.94372,-94.97959,712,near
9872,Salina,Oklahoma,OK,1106,36.31160,-95.11577,539,near
9873,Colbert,Oklahoma,OK,1105,33.85752,-96.49535,580,near
9874,Treynor,Iowa,IA,1104,41.22068,-95.61704,712,near
9875,North Branch,Michigan,MI,1104,43.20689,-83.22666,810,near
9876,Genesee,Idaho,ID,1103,46.57139,-116.92899,208,near
9877,Walnut Creek,North Carolina,NC,1103,,,,
9878,Chico,Texas,TX,1103,33.31932,-97.80313,940,near
9879,Clear Lake,Wisconsin,WI,1103,45.23648,-92.27488,715,near
9880,Medley,Florida,FL,1102,,,,
9881,Tyler,Minnesota,MN,1102,44.27734,-96.13023,,
9882,Fort Calhoun,Nebraska,NE,1102,41.43728,-96.03238,402 531,near
9883,Roslyn Harbor,New York,NY,1102,,,,
9884,Fairfax,Oklahoma,OK,1102,36.55769,-96.69969,580,near
9885,Elkhart Lake,Wisconsin,WI,1102,43.84355,-87.97667,920,near
9886,Wooster,Arkansas,AR,1101,35.19731,-92.45100,501,near
9887,Augusta,Kentucky,KY,1101,38.76299,-83.99535,859,near
9888,Grass Lake,Michigan,MI,1101,42.27107,-84.19404,517,near
9889,Kingston,Georgia,GA,1100,34.25005,-84.99730,706 762,near
9890,Norris City,Illinois,IL,1100,37.97730,-88.32434,618,near
9891,Calmar,Iowa,IA,1100,43.19740,-91.91258,319,near
9892,Christiana,Pennsylvania,PA,1100,39.93563,-76.02598,717,near
9893,Spicer,Minnesota,MN,1099,45.22411,-94.91157,320,near
9894,Cochranton,Pennsylvania,PA,1099,41.52049,-80.05727,724,near
9895,Westfield,Pennsylvania,PA,1099,41.91906,-77.53097,272,near
9896,Rogers,Texas,TX,1099,30.95501,-97.22279,254,near
9897,Conrad,Iowa,IA,1098,42.23419,-92.88653,641,near
9898,Atwater,Minnesota,MN,1098,45.11165,-94.79378,320,near
9899,Marion,Texas,TX,1098,29.56835,-98.15171,830,near
9900,Atwood,Illinois,IL,1097,39.80437,-88.44945,217,near
9901,Fremont Hills,Missouri,MO,1097,,,,
9902,Frankfort,Ohio,OH,1097,39.39102,-83.20336,220 740,near
9903,New Vienna,Ohio,OH,1097,39.33206,-83.68817,937,near
9904,Belle,West Virginia,WV,1097,38.22538,-81.50581,304 681,near
9905,Ladoga,Indiana,IN,1096,39.91325,-86.80310,317,near
9906,Panora,Iowa,IA,1096,41.69668,-94.36061,515,near
9907,Malvern,Ohio,OH,1096,40.68453,-81.18378,234,near
9908,Caraway,Arkansas,AR,1095,35.75895,-90.33580,870,near
9909,Kingston,Illinois,IL,1095,42.10565,-88.76950,779 815,near
9910,Albany,Wisconsin,WI,1094,42.71554,-89.43569,608,near
9911,Boyceville,Wisconsin,WI,1094,45.06424,-92.02480,715,near
9912,Elk Mound,Wisconsin,WI,1094,44.86697,-91.67523,715,near
9913,Guernsey,Wyoming,WY,1094,42.26551,-104.75116,,
9914,Cottonwood,Alabama,AL,1093,31.09893,-85.37566,334,near
9915,Thornville,Ohio,OH,1093,39.89736,-82.40706,220 740,near
9916,Southmayd,Texas,TX,1093,33.63028,-96.76889,903,near
9917,Poultney,Vermont,VT,1092,43.53321,-73.22528,802,near
9918,Akron,Indiana,IN,1091,41.03892,-86.03947,765,near
9919,Nassau,New York,NY,1091,42.52714,-73.61175,518,near
9920,Thompson,North Dakota,ND,1091,47.77658,-97.09620,701,near
9921,Blue Mound,Illinois,IL,1090,39.69781,-89.11356,217,near
9922,Rossville,Kansas,KS,1090,39.14511,-95.95530,785,near
9923,Richfield Springs,New York,NY,1090,42.85030,-74.99221,315,near
9924,Liberty Center,Ohio,OH,1090,41.45137,-83.98589,419,near
9925,Halifax,Virginia,VA,1090,36.76257,-78.94149,434,near
9926,Naches,Washington,WA,1090,46.73533,-120.82670,509,near
9927,Markle,Indiana,IN,1089,40.83797,-85.37399,260,near
9928,Bennet,Nebraska,NE,1089,40.63822,-96.51340,402 531,near
9929,Henderson,Nebraska,NE,1089,40.78137,-97.79787,308,near
9930,Pender,Nebraska,NE,1089,42.11772,-96.71891,402,near
9931,Morton,Washington,WA,1089,46.55806,-122.24957,253,near
9932,Aplington,Iowa,IA,1088,42.58704,-92.87514,319,near
9933,Concord,Michigan,MI,1088,42.18750,-84.65293,517,near
9934,Maysville,Missouri,MO,1088,39.91119,-94.35482,816,near
9935,Pierce,Colorado,CO,1087,40.63591,-104.76376,970,near
9936,Mayo,Florida,FL,1087,30.03998,-83.14621,352,near
9937,Maysville,Oklahoma,OK,1087,34.81132,-97.41314,405,near
9938,Ellport,Pennsylvania,PA,1087,,,,
9939,Dickeyville,Wisconsin,WI,1087,42.62722,-90.59194,608,near
9940,Big Rock,Illinois,IL,1086,41.75931,-88.53762,331 630,near
9941,Warrensburg,Illinois,IL,1086,39.93974,-89.06832,217,near
9942,Unadilla,New York,NY,1086,42.32520,-75.33659,607,near
9943,Wurtsboro,New York,NY,1086,41.58767,-74.50389,845,near
9944,Luttrell,Tennessee,TN,1086,36.20014,-83.75998,865,near
9945,Continental,Ohio,OH,1085,41.11477,-84.23578,419,near
9946,Boley,Oklahoma,OK,1085,35.49133,-96.47039,405,near
9947,Bethany Beach,Delaware,DE,1083,38.53101,-75.06740,302,near
9948,Kootenai,Idaho,ID,1083,48.31028,-116.51250,208,near
9949,Martinsville,Illinois,IL,1083,39.31744,-87.87074,217,near
9950,Memphis,Michigan,MI,1083,42.90595,-82.76962,810,near
9951,Dortches,North Carolina,NC,1083,,,,
9952,Colchester,Illinois,IL,1082,40.41564,-90.78456,309,near
9953,Bingham Farms,Michigan,MI,1082,,,,
9954,Prospect,Pennsylvania,PA,1082,40.90494,-80.06790,724,near
9955,Sykesville,Pennsylvania,PA,1082,41.05137,-78.81951,814,near
9956,Tyndall,South Dakota,SD,1082,42.99004,-97.86329,605,near
9957,Morocco,Indiana,IN,1081,40.96455,-87.41871,219,near
9958,Ennis,Montana,MT,1081,45.35446,-111.68703,406,near
9959,North Topsail Beach,North Carolina,NC,1081,,,,
9960,Sophia,West Virginia,WV,1081,37.70750,-81.25083,304,near
9961,Reading,Michigan,MI,1080,41.84419,-84.76475,517,near
9962,Appleton City,Missouri,MO,1080,38.18478,-94.02290,816,near
9963,Elkhart,Iowa,IA,1079,41.81138,-93.48546,515,near
9964,Greenup,Kentucky,KY,1079,38.54797,-82.86840,606,near
9965,Glasgow,Missouri,MO,1079,39.22574,-92.83181,573,near
9966,Sloan,Iowa,IA,1078,42.24273,-96.23063,712,near
9967,Union Springs,New York,NY,1078,42.83355,-76.67396,315,near
9968,Danvers,Illinois,IL,1077,40.53635,-89.18849,309,near
9969,Sibley,Louisiana,LA,1077,32.50954,-93.30090,318,near
9970,Boise City,Oklahoma,OK,1077,36.72833,-102.53552,,
9971,Milesburg,Pennsylvania,PA,1077,40.94167,-77.78528,814,near
9972,Jamaica Beach,Texas,TX,1077,,,,
9973,Broxton,Georgia,GA,1076,31.64843,-82.90495,229,near
9974,Homer,Illinois,IL,1076,40.03462,-87.96274,217,near
9975,Brookneal,Virginia,VA,1076,37.08266,-78.92268,434,near
9976,Redkey,Indiana,IN,1075,40.32649,-85.16197,765,near
9977,Washington,Kansas,KS,1075,39.82234,-97.04837,785,near
9978,Caddo,Oklahoma,OK,1075,34.11569,-96.26002,580,near
9979,Yale,Oklahoma,OK,1075,36.11006,-96.70221,405,near
9980,Oquawka,Illinois,IL,1074,40.94417,-90.93020,309,near
9981,Como,Mississippi,MS,1074,34.51373,-89.91551,662,near
9982,Laurie,Missouri,MO,1074,38.19917,-92.83333,660,near
9983,Knox,Pennsylvania,PA,1074,41.22452,-79.51940,724,near
9984,Greenwood,Wisconsin,WI,1074,44.74037,-90.62291,715,near
9985,Hustisford,Wisconsin,WI,1074,43.34500,-88.60167,920,near
9986,Oskaloosa,Kansas,KS,1073,39.21518,-95.31355,785,near
9987,St. Michaels,Maryland,MD,1073,,,,
9988,Raleigh,Mississippi,MS,1073,32.05084,-89.50882,601,near
9989,Little Valley,New York,NY,1073,42.25412,-78.80929,716,near
9990,South Corning,New York,NY,1073,,,,
9991,Sweetser,Indiana,IN,1072,40.57194,-85.76917,765,near
9992,Worden,Illinois,IL,1070,38.94490,-89.85321,618,near
9993,Marcus,Iowa,IA,1069,42.81996,-95.80343,712,near
9994,Truman,Minnesota,MN,1069,43.82001,-94.43186,507,near
9995,Beach Haven,New Jersey,NJ,1069,39.63635,-74.18903,732,near
9996,Clint,Texas,TX,1069,31.54942,-106.20383,915,near
9997,Eden Valley,Minnesota,MN,1068,45.30201,-94.60391,320,near
9998,Vardaman,Mississippi,MS,1068,33.91904,-89.19212,662,near
9999,New Salem,North Dakota,ND,1068,46.85125,-101.42445,701,near
10000,West Siloam Springs,Oklahoma,OK,1068,,,,
