state,city_slug,city_name,facilities,band,live
illinois,chicago,Chicago,194,20+,t
maryland,baltimore,Baltimore,152,20+,f
new-york,new-york,New York,113,20+,f
minnesota,minneapolis,Minneapolis,100,20+,t
new-york,brooklyn,Brooklyn,93,20+,f
utah,salt-lake-city,Salt Lake City,93,20+,f
arizona,glendale,Glendale,87,20+,t
pennsylvania,philadelphia,Philadelphia,87,20+,f
nevada,las-vegas,Las Vegas,84,20+,f
california,simi-valley,Simi Valley,83,20+,t
california,los-angeles,Los Angeles,81,20+,f
new-york,bronx,Bronx,77,20+,f
ohio,columbus,Columbus,77,20+,f
colorado,denver,Denver,76,20+,f
texas,houston,Houston,73,20+,f
indiana,indianapolis,Indianapolis,72,20+,f
arizona,tucson,Tucson,70,20+,t
florida,miami,Miami,70,20+,f
minnesota,saint-paul,Saint Paul,69,20+,f
california,riverside,Riverside,59,20+,t
ohio,cleveland,Cleveland,58,20+,f
new-york,buffalo,Buffalo,55,20+,f
ohio,cincinnati,Cincinnati,55,20+,f
california,escondido,Escondido,51,20+,t
michigan,detroit,Detroit,49,20+,f
arizona,gilbert,Gilbert,48,20+,t
kentucky,louisville,Louisville,48,20+,f
oregon,portland,Portland,48,20+,t
wisconsin,milwaukee,Milwaukee,48,20+,f
florida,fort-lauderdale,Fort Lauderdale,45,20+,t
georgia,atlanta,Atlanta,45,20+,t
idaho,boise,Boise,45,20+,f
missouri,saint-louis,Saint Louis,45,20+,f
new-mexico,albuquerque,Albuquerque,44,20+,f
pennsylvania,pittsburgh,Pittsburgh,44,20+,f
north-carolina,charlotte,Charlotte,43,20+,t
texas,denton,Denton,41,20+,t
california,roseville,Roseville,40,20+,t
nebraska,omaha,Omaha,40,20+,f
ohio,dayton,Dayton,40,20+,f
washington,seattle,Seattle,39,20+,f
florida,clearwater,Clearwater,38,20+,t
california,san-francisco,San Francisco,37,20+,f
new-york,rochester,Rochester,37,20+,f
arizona,phoenix,Phoenix,34,20+,f
district-of-columbia,washington,Washington,34,20+,f
kentucky,lexington,Lexington,34,20+,f
texas,san-antonio,San Antonio,34,20+,f
arizona,chandler,Chandler,33,20+,t
missouri,kansas-city,Kansas City,33,20+,f
california,malibu,Malibu,32,20+,f
tennessee,nashville,Nashville,32,20+,t
wisconsin,madison,Madison,32,20+,f
florida,orlando,Orlando,31,20+,f
florida,west-palm-beach,West Palm Beach,31,20+,f
michigan,grand-rapids,Grand Rapids,30,20+,f
washington,spokane,Spokane,30,20+,f
florida,jacksonville,Jacksonville,29,20+,f
ohio,akron,Akron,29,20+,f
california,fresno,Fresno,28,20+,f
minnesota,duluth,Duluth,28,20+,f
tennessee,knoxville,Knoxville,28,20+,f
alaska,anchorage,Anchorage,27,20+,f
texas,frisco,Frisco,27,20+,t
california,santa-rosa,Santa Rosa,26,20+,t
colorado,colorado-springs,Colorado Springs,26,20+,f
louisiana,baton-rouge,Baton Rouge,26,20+,f
massachusetts,worcester,Worcester,26,20+,f
north-carolina,raleigh,Raleigh,26,20+,f
ohio,youngstown,Youngstown,26,20+,f
oklahoma,oklahoma-city,Oklahoma City,26,20+,f
texas,round-rock,Round Rock,26,20+,t
idaho,idaho-falls,Idaho Falls,25,20+,f
kansas,wichita,Wichita,25,20+,t
nebraska,lincoln,Lincoln,25,20+,f
tennessee,memphis,Memphis,25,20+,f
arkansas,little-rock,Little Rock,24,20+,f
california,salinas,Salinas,24,20+,t
ohio,toledo,Toledo,24,20+,f
utah,orem,Orem,24,20+,f
california,pasadena,Pasadena,23,20+,f
alabama,birmingham,Birmingham,22,20+,t
florida,lakeland,Lakeland,22,20+,t
hawaii,honolulu,Honolulu,22,20+,f
idaho,nampa,Nampa,22,20+,t
indiana,evansville,Evansville,22,20+,f
maryland,frederick,Frederick,22,20+,f
new-york,albany,Albany,22,20+,f
oklahoma,tulsa,Tulsa,22,20+,f
california,thousand-oaks,Thousand Oaks,21,20+,t
minnesota,rochester,Rochester,21,20+,f
new-york,staten-island,Staten Island,21,20+,f
new-york,syracuse,Syracuse,21,20+,f
north-dakota,fargo,Fargo,21,20+,f
oregon,eugene,Eugene,21,20+,f
pennsylvania,lancaster,Lancaster,21,20+,f
texas,el-paso,El Paso,21,20+,f
virginia,richmond,Richmond,21,20+,f
california,long-beach,Long Beach,20,20+,f
california,sacramento,Sacramento,20,20+,f
california,san-diego,San Diego,20,20+,f
connecticut,new-haven,New Haven,20,20+,f
florida,pensacola,Pensacola,20,20+,t
iowa,des-moines,Des Moines,20,20+,f
new-jersey,newark,Newark,20,20+,f
north-carolina,asheville,Asheville,20,20+,t
north-carolina,greensboro,Greensboro,20,20+,f
pennsylvania,erie,Erie,20,20+,f
utah,ogden,Ogden,20,20+,f
arizona,prescott,Prescott,19,10-19,t
arizona,yuma,Yuma,19,10-19,t
colorado,englewood,Englewood,19,10-19,f
florida,fort-myers,Fort Myers,19,10-19,t
florida,port-st-lucie,Port St. Lucie,19,10-19,t
idaho,pocatello,Pocatello,19,10-19,f
indiana,fort-wayne,Fort Wayne,19,10-19,f
louisiana,new-orleans,New Orleans,19,10-19,f
maine,bangor,Bangor,19,10-19,f
north-carolina,durham,Durham,19,10-19,f
north-carolina,winston-salem,Winston Salem,19,10-19,f
pennsylvania,york,York,19,10-19,f
tennessee,chattanooga,Chattanooga,19,10-19,f
virginia,winchester,Winchester,19,10-19,f
california,bakersfield,Bakersfield,18,10-19,f
florida,sarasota,Sarasota,18,10-19,t
kentucky,elizabethtown,Elizabethtown,18,10-19,f
maryland,hagerstown,Hagerstown,18,10-19,f
massachusetts,boston,Boston,18,10-19,f
nevada,reno,Reno,18,10-19,t
new-jersey,cherry-hill,Cherry Hill,18,10-19,f
north-carolina,fayetteville,Fayetteville,18,10-19,f
ohio,canton,Canton,18,10-19,f
washington,tacoma,Tacoma,18,10-19,f
california,anaheim,Anaheim,17,10-19,f
california,costa-mesa,Costa Mesa,17,10-19,f
california,newport-beach,Newport Beach,17,10-19,f
california,san-jose,San Jose,17,10-19,f
connecticut,bridgeport,Bridgeport,17,10-19,f
florida,daytona-beach,Daytona Beach,17,10-19,f
florida,delray-beach,Delray Beach,17,10-19,f
iowa,cedar-rapids,Cedar Rapids,17,10-19,f
kentucky,bowling-green,Bowling Green,17,10-19,f
louisiana,shreveport,Shreveport,17,10-19,f
maine,portland,Portland,17,10-19,f
maryland,glen-burnie,Glen Burnie,17,10-19,f
north-carolina,wilmington,Wilmington,17,10-19,f
oregon,salem,Salem,17,10-19,f
pennsylvania,reading,Reading,17,10-19,f
south-dakota,sioux-falls,Sioux Falls,17,10-19,f
utah,provo,Provo,17,10-19,f
utah,saint-george,Saint George,17,10-19,f
connecticut,waterbury,Waterbury,16,10-19,f
florida,tampa,Tampa,16,10-19,f
illinois,joliet,Joliet,16,10-19,f
illinois,rockford,Rockford,16,10-19,f
maryland,rockville,Rockville,16,10-19,t
massachusetts,springfield,Springfield,16,10-19,f
michigan,flint,Flint,16,10-19,f
missouri,springfield,Springfield,16,10-19,f
new-hampshire,manchester,Manchester,16,10-19,f
rhode-island,providence,Providence,16,10-19,f
texas,college-station,College Station,16,10-19,t
washington,yakima,Yakima,16,10-19,f
arizona,flagstaff,Flagstaff,15,10-19,t
arizona,peoria,Peoria,15,10-19,t
california,oceanside,Oceanside,15,10-19,t
connecticut,hartford,Hartford,15,10-19,f
delaware,wilmington,Wilmington,15,10-19,f
florida,gainesville,Gainesville,15,10-19,t
florida,hollywood,Hollywood,15,10-19,t
idaho,meridian,Meridian,15,10-19,f
iowa,sioux-city,Sioux City,15,10-19,f
kentucky,ashland,Ashland,15,10-19,f
maryland,westminster,Westminster,15,10-19,f
michigan,lansing,Lansing,15,10-19,f
new-york,jamaica,Jamaica,15,10-19,f
north-dakota,bismarck,Bismarck,15,10-19,f
pennsylvania,harrisburg,Harrisburg,15,10-19,f
tennessee,johnson-city,Johnson City,15,10-19,f
texas,fort-worth,Fort Worth,15,10-19,f
alaska,wasilla,Wasilla,14,10-19,t
california,redding,Redding,14,10-19,f
california,santa-ana,Santa Ana,14,10-19,f
california,temecula,Temecula,14,10-19,t
colorado,aurora,Aurora,14,10-19,t
colorado,pueblo,Pueblo,14,10-19,f
illinois,peoria,Peoria,14,10-19,f
indiana,kokomo,Kokomo,14,10-19,f
indiana,richmond,Richmond,14,10-19,f
kentucky,owensboro,Owensboro,14,10-19,f
minnesota,saint-cloud,Saint Cloud,14,10-19,f
new-jersey,trenton,Trenton,14,10-19,f
ohio,warren,Warren,14,10-19,f
texas,austin,Austin,14,10-19,f
texas,beaumont,Beaumont,14,10-19,t
utah,west-jordan,West Jordan,14,10-19,f
virginia,norfolk,Norfolk,14,10-19,f
washington,longview,Longview,14,10-19,f
wisconsin,green-bay,Green Bay,14,10-19,f
california,oakland,Oakland,13,10-19,f
california,san-juan-capistrano,San Juan Capistrano,13,10-19,f
california,torrance,Torrance,13,10-19,f
florida,lake-worth,Lake Worth,13,10-19,f
georgia,savannah,Savannah,13,10-19,f
idaho,coeur-d-alene,Coeur d Alene,13,10-19,f
indiana,bloomington,Bloomington,13,10-19,f
indiana,jeffersonville,Jeffersonville,13,10-19,f
indiana,merrillville,Merrillville,13,10-19,f
indiana,terre-haute,Terre Haute,13,10-19,f
kentucky,paducah,Paducah,13,10-19,f
maryland,columbia,Columbia,13,10-19,f
maryland,hyattsville,Hyattsville,13,10-19,f
massachusetts,fall-river,Fall River,13,10-19,f
mississippi,jackson,Jackson,13,10-19,f
missouri,columbia,Columbia,13,10-19,f
nebraska,norfolk,Norfolk,13,10-19,f
north-carolina,gastonia,Gastonia,13,10-19,f
north-carolina,lumberton,Lumberton,13,10-19,f
oregon,bend,Bend,13,10-19,f
pennsylvania,bethlehem,Bethlehem,13,10-19,f
pennsylvania,washington,Washington,13,10-19,f
south-dakota,rapid-city,Rapid City,13,10-19,f
tennessee,jackson,Jackson,13,10-19,f
texas,longview,Longview,13,10-19,t
virginia,virginia-beach,Virginia Beach,13,10-19,f
washington,bellingham,Bellingham,13,10-19,f
california,oxnard,Oxnard,12,10-19,t
california,san-pedro,San Pedro,12,10-19,f
california,stockton,Stockton,12,10-19,f
illinois,springfield,Springfield,12,10-19,f
indiana,columbus,Columbus,12,10-19,f
louisiana,monroe,Monroe,12,10-19,f
maryland,salisbury,Salisbury,12,10-19,f
maryland,waldorf,Waldorf,12,10-19,f
massachusetts,brockton,Brockton,12,10-19,f
massachusetts,new-bedford,New Bedford,12,10-19,f
massachusetts,pittsfield,Pittsfield,12,10-19,f
michigan,saginaw,Saginaw,12,10-19,f
montana,billings,Billings,12,10-19,f
montana,missoula,Missoula,12,10-19,f
new-york,poughkeepsie,Poughkeepsie,12,10-19,f
north-carolina,greenville,Greenville,12,10-19,f
ohio,beachwood,Beachwood,12,10-19,f
ohio,chillicothe,Chillicothe,12,10-19,f
ohio,hamilton,Hamilton,12,10-19,f
pennsylvania,greensburg,Greensburg,12,10-19,f
south-carolina,columbia,Columbia,12,10-19,f
texas,corpus-christi,Corpus Christi,12,10-19,f
texas,dallas,Dallas,12,10-19,f
texas,waco,Waco,12,10-19,t
virginia,arlington,Arlington,12,10-19,f
washington,bellevue,Bellevue,12,10-19,f
alabama,huntsville,Huntsville,11,10-19,f
arizona,avondale,Avondale,11,10-19,t
california,huntington-beach,Huntington Beach,11,10-19,f
california,santa-maria,Santa Maria,11,10-19,f
colorado,boulder,Boulder,11,10-19,t
delaware,dover,Dover,11,10-19,f
florida,tallahassee,Tallahassee,11,10-19,f
georgia,decatur,Decatur,11,10-19,f
illinois,aurora,Aurora,11,10-19,f
illinois,elgin,Elgin,11,10-19,f
kentucky,london,London,11,10-19,f
louisiana,lafayette,Lafayette,11,10-19,f
maryland,cumberland,Cumberland,11,10-19,f
massachusetts,lowell,Lowell,11,10-19,f
michigan,kalamazoo,Kalamazoo,11,10-19,f
minnesota,grand-rapids,Grand Rapids,11,10-19,f
minnesota,mankato,Mankato,11,10-19,f
new-hampshire,nashua,Nashua,11,10-19,f
new-jersey,paterson,Paterson,11,10-19,f
new-jersey,toms-river,Toms River,11,10-19,f
ohio,mansfield,Mansfield,11,10-19,f
pennsylvania,butler,Butler,11,10-19,f
pennsylvania,wilkes-barre,Wilkes Barre,11,10-19,f
virginia,roanoke,Roanoke,11,10-19,f
washington,olympia,Olympia,11,10-19,f
washington,vancouver,Vancouver,11,10-19,f
west-virginia,charleston,Charleston,11,10-19,f
alabama,dothan,Dothan,10,10-19,f
california,laguna-beach,Laguna Beach,10,10-19,f
california,modesto,Modesto,10,10-19,f
connecticut,stamford,Stamford,10,10-19,f
florida,ocala,Ocala,10,10-19,f
florida,st-petersburg,St. Petersburg,10,10-19,t
georgia,athens,Athens,10,10-19,f
georgia,marietta,Marietta,10,10-19,f
indiana,anderson,Anderson,10,10-19,f
kansas,overland-park,Overland Park,10,10-19,t
kansas,topeka,Topeka,10,10-19,f
kentucky,morehead,Morehead,10,10-19,f
kentucky,pikeville,Pikeville,10,10-19,f
kentucky,prestonsburg,Prestonsburg,10,10-19,f
maryland,dundalk,Dundalk,10,10-19,f
maryland,silver-spring,Silver Spring,10,10-19,f
michigan,muskegon,Muskegon,10,10-19,f
missouri,joplin,Joplin,10,10-19,f
montana,helena,Helena,10,10-19,f
nevada,carson-city,Carson City,10,10-19,f
new-mexico,las-cruces,Las Cruces,10,10-19,f
new-york,far-rockaway,Far Rockaway,10,10-19,f
north-carolina,goldsboro,Goldsboro,10,10-19,f
north-carolina,high-point,High Point,10,10-19,f
ohio,lima,Lima,10,10-19,f
ohio,newark,Newark,10,10-19,f
ohio,springfield,Springfield,10,10-19,f
pennsylvania,altoona,Altoona,10,10-19,f
tennessee,franklin,Franklin,10,10-19,f
texas,lubbock,Lubbock,10,10-19,f
texas,midland,Midland,10,10-19,t
utah,logan,Logan,10,10-19,f
virginia,lynchburg,Lynchburg,10,10-19,f
west-virginia,huntington,Huntington,10,10-19,f
wisconsin,appleton,Appleton,10,10-19,f
wisconsin,eau-claire,Eau Claire,10,10-19,f
alabama,mobile,Mobile,9,5-9,f
arizona,casa-grande,Casa Grande,9,5-9,f
arizona,sierra-vista,Sierra Vista,9,5-9,f
arkansas,fort-smith,Fort Smith,9,5-9,f
arkansas,russellville,Russellville,9,5-9,f
california,concord,Concord,9,5-9,f
california,eureka,Eureka,9,5-9,f
california,indio,Indio,9,5-9,f
california,lancaster,Lancaster,9,5-9,f
california,santa-barbara,Santa Barbara,9,5-9,f
california,woodland-hills,Woodland Hills,9,5-9,f
colorado,littleton,Littleton,9,5-9,f
connecticut,middletown,Middletown,9,5-9,f
connecticut,torrington,Torrington,9,5-9,f
florida,boca-raton,Boca Raton,9,5-9,t
florida,kissimmee,Kissimmee,9,5-9,f
florida,port-saint-lucie,Port Saint Lucie,9,5-9,f
florida,saint-augustine,Saint Augustine,9,5-9,f
idaho,twin-falls,Twin Falls,9,5-9,f
illinois,waukegan,Waukegan,9,5-9,f
indiana,lawrenceburg,Lawrenceburg,9,5-9,f
indiana,south-bend,South Bend,9,5-9,f
kentucky,covington,Covington,9,5-9,f
kentucky,hazard,Hazard,9,5-9,f
louisiana,metairie,Metairie,9,5-9,f
maryland,elkton,Elkton,9,5-9,f
maryland,towson,Towson,9,5-9,f
maryland,upper-marlboro,Upper Marlboro,9,5-9,f
massachusetts,framingham,Framingham,9,5-9,f
michigan,ann-arbor,Ann Arbor,9,5-9,f
mississippi,hattiesburg,Hattiesburg,9,5-9,t
new-hampshire,concord,Concord,9,5-9,f
new-jersey,east-orange,East Orange,9,5-9,f
new-york,watertown,Watertown,9,5-9,f
new-york,yonkers,Yonkers,9,5-9,f
north-carolina,concord,Concord,9,5-9,f
north-carolina,shelby,Shelby,9,5-9,f
north-dakota,minot,Minot,9,5-9,f
ohio,ironton,Ironton,9,5-9,f
ohio,lancaster,Lancaster,9,5-9,f
ohio,portsmouth,Portsmouth,9,5-9,f
oregon,hillsboro,Hillsboro,9,5-9,f
pennsylvania,scranton,Scranton,9,5-9,f
south-carolina,florence,Florence,9,5-9,f
south-carolina,greenville,Greenville,9,5-9,t
tennessee,kingsport,Kingsport,9,5-9,f
utah,american-fork,American Fork,9,5-9,f
utah,brigham-city,Brigham City,9,5-9,f
utah,sandy,Sandy,9,5-9,f
virginia,alexandria,Alexandria,9,5-9,f
virginia,charlottesville,Charlottesville,9,5-9,f
washington,mount-vernon,Mount Vernon,9,5-9,f
wisconsin,kenosha,Kenosha,9,5-9,f
wisconsin,waukesha,Waukesha,9,5-9,f
alabama,montgomery,Montgomery,8,5-9,f
arizona,show-low,Show Low,8,5-9,f
arkansas,conway,Conway,8,5-9,f
arkansas,jonesboro,Jonesboro,8,5-9,f
arkansas,springdale,Springdale,8,5-9,f
california,chico,Chico,8,5-9,f
california,covina,Covina,8,5-9,f
california,hanford,Hanford,8,5-9,f
california,palm-springs,Palm Springs,8,5-9,f
california,ukiah,Ukiah,8,5-9,f
california,yuba-city,Yuba City,8,5-9,f
colorado,fort-collins,Fort Collins,8,5-9,f
colorado,longmont,Longmont,8,5-9,f
connecticut,danbury,Danbury,8,5-9,f
connecticut,east-hartford,East Hartford,8,5-9,f
florida,hialeah,Hialeah,8,5-9,f
georgia,augusta,Augusta,8,5-9,f
georgia,statesboro,Statesboro,8,5-9,f
idaho,caldwell,Caldwell,8,5-9,f
illinois,arlington-heights,Arlington Heights,8,5-9,f
illinois,quincy,Quincy,8,5-9,f
illinois,saint-charles,Saint Charles,8,5-9,f
indiana,lafayette,Lafayette,8,5-9,f
indiana,valparaiso,Valparaiso,8,5-9,f
indiana,vincennes,Vincennes,8,5-9,f
kansas,olathe,Olathe,8,5-9,f
kentucky,hopkinsville,Hopkinsville,8,5-9,f
louisiana,houma,Houma,8,5-9,f
louisiana,lake-charles,Lake Charles,8,5-9,f
maine,lewiston,Lewiston,8,5-9,f
maryland,annapolis,Annapolis,8,5-9,f
maryland,catonsville,Catonsville,8,5-9,f
maryland,easton,Easton,8,5-9,f
maryland,gaithersburg,Gaithersburg,8,5-9,f
maryland,windsor-mill,Windsor Mill,8,5-9,f
massachusetts,greenfield,Greenfield,8,5-9,f
massachusetts,roxbury,Roxbury,8,5-9,f
minnesota,alexandria,Alexandria,8,5-9,f
minnesota,brainerd,Brainerd,8,5-9,f
minnesota,willmar,Willmar,8,5-9,f
missouri,saint-charles,Saint Charles,8,5-9,f
montana,great-falls,Great Falls,8,5-9,f
montana,kalispell,Kalispell,8,5-9,f
new-mexico,espanola,Espanola,8,5-9,f
new-mexico,santa-fe,Santa Fe,8,5-9,t
new-york,auburn,Auburn,8,5-9,f
new-york,binghamton,Binghamton,8,5-9,f
new-york,niagara-falls,Niagara Falls,8,5-9,f
new-york,schenectady,Schenectady,8,5-9,f
new-york,utica,Utica,8,5-9,f
north-carolina,jacksonville,Jacksonville,8,5-9,f
north-carolina,morganton,Morganton,8,5-9,f
ohio,elyria,Elyria,8,5-9,f
ohio,marietta,Marietta,8,5-9,f
ohio,sandusky,Sandusky,8,5-9,f
ohio,waverly,Waverly,8,5-9,f
oregon,roseburg,Roseburg,8,5-9,f
pennsylvania,allentown,Allentown,8,5-9,f
rhode-island,pawtucket,Pawtucket,8,5-9,f
tennessee,clarksville,Clarksville,8,5-9,f
tennessee,cleveland,Cleveland,8,5-9,f
tennessee,cookeville,Cookeville,8,5-9,f
texas,amarillo,Amarillo,8,5-9,f
texas,laredo,Laredo,8,5-9,f
utah,bountiful,Bountiful,8,5-9,f
utah,draper,Draper,8,5-9,f
vermont,rutland,Rutland,8,5-9,f
virginia,chesapeake,Chesapeake,8,5-9,f
virginia,fredericksburg,Fredericksburg,8,5-9,f
virginia,hampton,Hampton,8,5-9,f
virginia,newport-news,Newport News,8,5-9,f
washington,aberdeen,Aberdeen,8,5-9,f
washington,everett,Everett,8,5-9,f
washington,wenatchee,Wenatchee,8,5-9,f
west-virginia,martinsburg,Martinsburg,8,5-9,f
alabama,jasper,Jasper,7,5-9,f
alaska,fairbanks,Fairbanks,7,5-9,f
alaska,juneau,Juneau,7,5-9,f
arizona,bullhead-city,Bullhead City,7,5-9,f
arizona,kingman,Kingman,7,5-9,f
arizona,mesa,Mesa,7,5-9,f
arizona,scottsdale,Scottsdale,7,5-9,f
arizona,surprise,Surprise,7,5-9,t
arkansas,fayetteville,Fayetteville,7,5-9,f
arkansas,hot-springs-national-park,Hot Springs National Park,7,5-9,f
arkansas,north-little-rock,North Little Rock,7,5-9,f
california,palmdale,Palmdale,7,5-9,f
california,san-rafael,San Rafael,7,5-9,f
california,visalia,Visalia,7,5-9,f
connecticut,new-britain,New Britain,7,5-9,f
connecticut,new-london,New London,7,5-9,f
connecticut,norwalk,Norwalk,7,5-9,f
delaware,newark,Newark,7,5-9,f
florida,pompano-beach,Pompano Beach,7,5-9,f
georgia,columbus,Columbus,7,5-9,f
georgia,valdosta,Valdosta,7,5-9,f
hawaii,kaneohe,Kaneohe,7,5-9,f
illinois,evanston,Evanston,7,5-9,f
illinois,northbrook,Northbrook,7,5-9,f
illinois,wheaton,Wheaton,7,5-9,f
indiana,marion,Marion,7,5-9,f
indiana,muncie,Muncie,7,5-9,f
iowa,davenport,Davenport,7,5-9,f
iowa,fort-dodge,Fort Dodge,7,5-9,f
iowa,iowa-city,Iowa City,7,5-9,f
kansas,kansas-city,Kansas City,7,5-9,f
kentucky,nicholasville,Nicholasville,7,5-9,f
kentucky,somerset,Somerset,7,5-9,f
louisiana,alexandria,Alexandria,7,5-9,f
louisiana,slidell,Slidell,7,5-9,f
maine,waterville,Waterville,7,5-9,f
maryland,bel-air,Bel Air,7,5-9,f
maryland,bethesda,Bethesda,7,5-9,f
maryland,brooklyn,Brooklyn,7,5-9,f
maryland,cambridge,Cambridge,7,5-9,f
maryland,laurel,Laurel,7,5-9,f
massachusetts,holyoke,Holyoke,7,5-9,f
massachusetts,lawrence,Lawrence,7,5-9,f
massachusetts,northampton,Northampton,7,5-9,f
massachusetts,taunton,Taunton,7,5-9,f
michigan,battle-creek,Battle Creek,7,5-9,f
michigan,gaylord,Gaylord,7,5-9,f
michigan,livonia,Livonia,7,5-9,f
michigan,midland,Midland,7,5-9,f
michigan,southfield,Southfield,7,5-9,f
michigan,traverse-city,Traverse City,7,5-9,f
minnesota,cloquet,Cloquet,7,5-9,f
minnesota,moorhead,Moorhead,7,5-9,f
missouri,jefferson-city,Jefferson City,7,5-9,f
nevada,north-las-vegas,North Las Vegas,7,5-9,f
new-jersey,mount-holly,Mount Holly,7,5-9,f
new-jersey,new-brunswick,New Brunswick,7,5-9,f
new-mexico,gallup,Gallup,7,5-9,f
new-york,astoria,Astoria,7,5-9,f
new-york,olean,Olean,7,5-9,f
new-york,white-plains,White Plains,7,5-9,f
north-carolina,hickory,Hickory,7,5-9,f
north-carolina,salisbury,Salisbury,7,5-9,f
north-carolina,statesville,Statesville,7,5-9,f
north-dakota,grand-forks,Grand Forks,7,5-9,f
north-dakota,williston,Williston,7,5-9,f
ohio,ashtabula,Ashtabula,7,5-9,f
ohio,chardon,Chardon,7,5-9,f
ohio,east-liverpool,East Liverpool,7,5-9,f
ohio,marion,Marion,7,5-9,f
ohio,ravenna,Ravenna,7,5-9,f
ohio,wooster,Wooster,7,5-9,f
oregon,medford,Medford,7,5-9,f
pennsylvania,chambersburg,Chambersburg,7,5-9,f
pennsylvania,easton,Easton,7,5-9,f
pennsylvania,johnstown,Johnstown,7,5-9,f
pennsylvania,meadville,Meadville,7,5-9,f
pennsylvania,norristown,Norristown,7,5-9,f
pennsylvania,williamsport,Williamsport,7,5-9,f
tennessee,brentwood,Brentwood,7,5-9,f
tennessee,dyersburg,Dyersburg,7,5-9,f
tennessee,murfreesboro,Murfreesboro,7,5-9,f
utah,south-jordan,South Jordan,7,5-9,f
utah,tooele,Tooele,7,5-9,f
vermont,burlington,Burlington,7,5-9,f
virginia,danville,Danville,7,5-9,f
virginia,williamsburg,Williamsburg,7,5-9,f
washington,auburn,Auburn,7,5-9,f
washington,port-angeles,Port Angeles,7,5-9,f
washington,shelton,Shelton,7,5-9,f
alabama,tuscaloosa,Tuscaloosa,6,5-9,f
arizona,douglas,Douglas,6,5-9,f
arkansas,benton,Benton,6,5-9,f
arkansas,clarksville,Clarksville,6,5-9,f
california,agoura-hills,Agoura Hills,6,5-9,f
california,desert-hot-springs,Desert Hot Springs,6,5-9,f
california,rancho-cucamonga,Rancho Cucamonga,6,5-9,f
california,van-nuys,Van Nuys,6,5-9,f
colorado,wheat-ridge,Wheat Ridge,6,5-9,f
connecticut,norwich,Norwich,6,5-9,f
delaware,georgetown,Georgetown,6,5-9,t
florida,boynton-beach,Boynton Beach,6,5-9,f
florida,homestead,Homestead,6,5-9,f
florida,north-palm-beach,North Palm Beach,6,5-9,f
florida,panama-city,Panama City,6,5-9,f
georgia,cumming,Cumming,6,5-9,f
georgia,lawrenceville,Lawrenceville,6,5-9,f
georgia,macon,Macon,6,5-9,f
georgia,roswell,Roswell,6,5-9,f
hawaii,waianae,Waianae,6,5-9,f
illinois,belleville,Belleville,6,5-9,f
illinois,bloomington,Bloomington,6,5-9,f
illinois,south-holland,South Holland,6,5-9,f
iowa,carroll,Carroll,6,5-9,f
iowa,ottumwa,Ottumwa,6,5-9,f
iowa,waterloo,Waterloo,6,5-9,f
kansas,newton,Newton,6,5-9,f
kansas,salina,Salina,6,5-9,f
kentucky,corbin,Corbin,6,5-9,f
kentucky,frankfort,Frankfort,6,5-9,f
kentucky,louisa,Louisa,6,5-9,f
kentucky,richmond,Richmond,6,5-9,f
maine,ellsworth,Ellsworth,6,5-9,f
maine,presque-isle,Presque Isle,6,5-9,f
maine,south-portland,South Portland,6,5-9,f
maryland,ellicott-city,Ellicott City,6,5-9,f
maryland,nottingham,Nottingham,6,5-9,f
massachusetts,fitchburg,Fitchburg,6,5-9,f
michigan,bay-city,Bay City,6,5-9,f
michigan,clinton-township,Clinton Township,6,5-9,f
michigan,holland,Holland,6,5-9,f
michigan,marquette,Marquette,6,5-9,f
michigan,port-huron,Port Huron,6,5-9,f
michigan,southgate,Southgate,6,5-9,f
minnesota,fergus-falls,Fergus Falls,6,5-9,f
minnesota,hibbing,Hibbing,6,5-9,f
minnesota,hopkins,Hopkins,6,5-9,f
minnesota,shakopee,Shakopee,6,5-9,f
minnesota,stillwater,Stillwater,6,5-9,f
minnesota,virginia,Virginia,6,5-9,f
missouri,cape-girardeau,Cape Girardeau,6,5-9,f
missouri,independence,Independence,6,5-9,f
missouri,saint-joseph,Saint Joseph,6,5-9,f
nebraska,grand-island,Grand Island,6,5-9,f
nebraska,north-platte,North Platte,6,5-9,f
nevada,henderson,Henderson,6,5-9,f
nevada,pahrump,Pahrump,6,5-9,f
new-jersey,absecon,Absecon,6,5-9,f
new-jersey,camden,Camden,6,5-9,f
new-jersey,eatontown,Eatontown,6,5-9,f
new-jersey,elizabeth,Elizabeth,6,5-9,f
new-jersey,hackensack,Hackensack,6,5-9,f
new-jersey,jersey-city,Jersey City,6,5-9,f
new-jersey,matawan,Matawan,6,5-9,f
new-jersey,princeton,Princeton,6,5-9,f
new-jersey,vineland,Vineland,6,5-9,f
new-york,elmira,Elmira,6,5-9,f
new-york,mount-vernon,Mount Vernon,6,5-9,f
new-york,new-rochelle,New Rochelle,6,5-9,f
new-york,richmond-hill,Richmond Hill,6,5-9,f
new-york,smithtown,Smithtown,6,5-9,f
north-carolina,morehead-city,Morehead City,6,5-9,f
north-carolina,smithfield,Smithfield,6,5-9,f
ohio,alliance,Alliance,6,5-9,f
ohio,athens,Athens,6,5-9,f
ohio,dublin,Dublin,6,5-9,f
ohio,fairfield,Fairfield,6,5-9,f
ohio,findlay,Findlay,6,5-9,f
ohio,gallipolis,Gallipolis,6,5-9,f
ohio,kent,Kent,6,5-9,f
ohio,mount-vernon,Mount Vernon,6,5-9,f
ohio,west-chester,West Chester,6,5-9,f
oklahoma,ada,Ada,6,5-9,f
oklahoma,muskogee,Muskogee,6,5-9,f
oregon,klamath-falls,Klamath Falls,6,5-9,f
oregon,ontario,Ontario,6,5-9,f
oregon,pendleton,Pendleton,6,5-9,f
oregon,redmond,Redmond,6,5-9,f
oregon,springfield,Springfield,6,5-9,f
pennsylvania,doylestown,Doylestown,6,5-9,f
pennsylvania,langhorne,Langhorne,6,5-9,f
pennsylvania,lebanon,Lebanon,6,5-9,f
pennsylvania,warren,Warren,6,5-9,f
pennsylvania,west-chester,West Chester,6,5-9,f
rhode-island,warwick,Warwick,6,5-9,f
tennessee,columbia,Columbia,6,5-9,f
texas,weatherford,Weatherford,6,5-9,f
utah,layton,Layton,6,5-9,f
utah,pleasant-grove,Pleasant Grove,6,5-9,f
vermont,montpelier,Montpelier,6,5-9,f
virginia,culpeper,Culpeper,6,5-9,f
virginia,galax,Galax,6,5-9,f
virginia,glen-allen,Glen Allen,6,5-9,f
virginia,leesburg,Leesburg,6,5-9,t
virginia,manassas,Manassas,6,5-9,f
virginia,martinsville,Martinsville,6,5-9,f
virginia,petersburg,Petersburg,6,5-9,f
virginia,suffolk,Suffolk,6,5-9,f
washington,kent,Kent,6,5-9,f
west-virginia,beckley,Beckley,6,5-9,f
west-virginia,morgantown,Morgantown,6,5-9,f
west-virginia,wheeling,Wheeling,6,5-9,f
wisconsin,fond-du-lac,Fond du Lac,6,5-9,f
alabama,opelika,Opelika,5,5-9,f
arizona,lake-havasu-city,Lake Havasu City,5,5-9,f
arkansas,monticello,Monticello,5,5-9,f
arkansas,paragould,Paragould,5,5-9,f
arkansas,searcy,Searcy,5,5-9,f
arkansas,texarkana,Texarkana,5,5-9,f
california,antioch,Antioch,5,5-9,f
california,berkeley,Berkeley,5,5-9,f
california,chula-vista,Chula Vista,5,5-9,f
california,downey,Downey,5,5-9,f
california,el-centro,El Centro,5,5-9,f
california,encino,Encino,5,5-9,f
california,fountain-valley,Fountain Valley,5,5-9,f
california,garden-grove,Garden Grove,5,5-9,f
california,grass-valley,Grass Valley,5,5-9,f
california,hayward,Hayward,5,5-9,f
california,laguna-hills,Laguna Hills,5,5-9,f
california,lake-forest,Lake Forest,5,5-9,f
california,marysville,Marysville,5,5-9,f
california,orange,Orange,5,5-9,f
california,santa-fe-springs,Santa Fe Springs,5,5-9,f
california,ventura,Ventura,5,5-9,f
california,victorville,Victorville,5,5-9,f
colorado,grand-junction,Grand Junction,5,5-9,f
colorado,greeley,Greeley,5,5-9,f
florida,cape-coral,Cape Coral,5,5-9,t
florida,cocoa,Cocoa,5,5-9,f
florida,deerfield-beach,Deerfield Beach,5,5-9,f
florida,leesburg,Leesburg,5,5-9,f
florida,melbourne,Melbourne,5,5-9,f
florida,naples,Naples,5,5-9,t
florida,stuart,Stuart,5,5-9,f
georgia,conyers,Conyers,5,5-9,f
georgia,fayetteville,Fayetteville,5,5-9,f
georgia,gainesville,Gainesville,5,5-9,f
georgia,griffin,Griffin,5,5-9,f
georgia,hinesville,Hinesville,5,5-9,f
georgia,waycross,Waycross,5,5-9,f
hawaii,kailua,Kailua,5,5-9,f
hawaii,kailua-kona,Kailua Kona,5,5-9,f
idaho,lewiston,Lewiston,5,5-9,f
idaho,rexburg,Rexburg,5,5-9,f
idaho,sandpoint,Sandpoint,5,5-9,f
illinois,cicero,Cicero,5,5-9,f
illinois,danville,Danville,5,5-9,f
illinois,decatur,Decatur,5,5-9,f
illinois,downers-grove,Downers Grove,5,5-9,f
illinois,kankakee,Kankakee,5,5-9,f
illinois,libertyville,Libertyville,5,5-9,f
illinois,loves-park,Loves Park,5,5-9,f
illinois,naperville,Naperville,5,5-9,f
illinois,park-ridge,Park Ridge,5,5-9,f
illinois,rock-island,Rock Island,5,5-9,f
illinois,westmont,Westmont,5,5-9,f
illinois,woodstock,Woodstock,5,5-9,f
indiana,auburn,Auburn,5,5-9,f
indiana,crawfordsville,Crawfordsville,5,5-9,f
iowa,ames,Ames,5,5-9,f
iowa,spencer,Spencer,5,5-9,f
iowa,west-des-moines,West Des Moines,5,5-9,f
kansas,lawrence,Lawrence,5,5-9,f
kentucky,danville,Danville,5,5-9,f
kentucky,florence,Florence,5,5-9,f
kentucky,georgetown,Georgetown,5,5-9,f
kentucky,henderson,Henderson,5,5-9,f
kentucky,hindman,Hindman,5,5-9,f
kentucky,mayfield,Mayfield,5,5-9,f
kentucky,murray,Murray,5,5-9,f
kentucky,olive-hill,Olive Hill,5,5-9,f
kentucky,whitesburg,Whitesburg,5,5-9,f
kentucky,winchester,Winchester,5,5-9,f
maine,brunswick,Brunswick,5,5-9,f
maine,houlton,Houlton,5,5-9,f
maine,rumford,Rumford,5,5-9,f
maryland,crownsville,Crownsville,5,5-9,f
maryland,gwynn-oak,Gwynn Oak,5,5-9,f
maryland,havre-de-grace,Havre de Grace,5,5-9,f
maryland,lanham,Lanham,5,5-9,f
maryland,lutherville-timonium,Lutherville Timonium,5,5-9,f
maryland,pikesville,Pikesville,5,5-9,f
massachusetts,falmouth,Falmouth,5,5-9,f
massachusetts,hyannis,Hyannis,5,5-9,f
massachusetts,leominster,Leominster,5,5-9,f
massachusetts,north-adams,North Adams,5,5-9,f
massachusetts,plymouth,Plymouth,5,5-9,f
massachusetts,quincy,Quincy,5,5-9,f
massachusetts,tewksbury,Tewksbury,5,5-9,f
massachusetts,woburn,Woburn,5,5-9,f
michigan,alpena,Alpena,5,5-9,f
michigan,brighton,Brighton,5,5-9,f
michigan,jackson,Jackson,5,5-9,f
michigan,petoskey,Petoskey,5,5-9,f
michigan,troy,Troy,5,5-9,f
michigan,westland,Westland,5,5-9,f
minnesota,bemidji,Bemidji,5,5-9,f
minnesota,burnsville,Burnsville,5,5-9,f
minnesota,eden-prairie,Eden Prairie,5,5-9,f
minnesota,owatonna,Owatonna,5,5-9,f
minnesota,red-wing,Red Wing,5,5-9,f
mississippi,columbus,Columbus,5,5-9,f
mississippi,meridian,Meridian,5,5-9,f
mississippi,tupelo,Tupelo,5,5-9,f
missouri,hannibal,Hannibal,5,5-9,f
missouri,rolla,Rolla,5,5-9,f
missouri,union,Union,5,5-9,f
missouri,warrensburg,Warrensburg,5,5-9,f
missouri,west-plains,West Plains,5,5-9,f
nebraska,columbus,Columbus,5,5-9,f
nebraska,hastings,Hastings,5,5-9,f
new-hampshire,portsmouth,Portsmouth,5,5-9,f
new-jersey,brick,Brick,5,5-9,f
new-jersey,deptford,Deptford,5,5-9,f
new-jersey,edison,Edison,5,5-9,f
new-jersey,freehold,Freehold,5,5-9,f
new-jersey,hoboken,Hoboken,5,5-9,f
new-jersey,neptune,Neptune,5,5-9,f
new-jersey,paramus,Paramus,5,5-9,f
new-jersey,passaic,Passaic,5,5-9,f
new-mexico,farmington,Farmington,5,5-9,f
new-mexico,rio-rancho,Rio Rancho,5,5-9,f
new-york,brentwood,Brentwood,5,5-9,f
new-york,dunkirk,Dunkirk,5,5-9,f
new-york,hempstead,Hempstead,5,5-9,f
new-york,hicksville,Hicksville,5,5-9,f
new-york,ithaca,Ithaca,5,5-9,f
new-york,jackson-heights,Jackson Heights,5,5-9,f
new-york,kingston,Kingston,5,5-9,f
new-york,lockport,Lockport,5,5-9,f
new-york,middletown,Middletown,5,5-9,f
new-york,rhinebeck,Rhinebeck,5,5-9,f
new-york,riverhead,Riverhead,5,5-9,f
new-york,rome,Rome,5,5-9,f
new-york,saranac-lake,Saranac Lake,5,5-9,f
north-carolina,ahoskie,Ahoskie,5,5-9,f
north-carolina,asheboro,Asheboro,5,5-9,f
north-carolina,cary,Cary,5,5-9,f
north-carolina,kinston,Kinston,5,5-9,f
north-carolina,laurinburg,Laurinburg,5,5-9,f
north-carolina,lenoir,Lenoir,5,5-9,f
north-carolina,lexington,Lexington,5,5-9,f
north-carolina,reidsville,Reidsville,5,5-9,f
ohio,eaton,Eaton,5,5-9,f
ohio,massillon,Massillon,5,5-9,f
ohio,norwalk,Norwalk,5,5-9,f
ohio,painesville,Painesville,5,5-9,f
ohio,steubenville,Steubenville,5,5-9,f
ohio,tiffin,Tiffin,5,5-9,f
ohio,zanesville,Zanesville,5,5-9,f
oklahoma,enid,Enid,5,5-9,f
oklahoma,lawton,Lawton,5,5-9,f
oklahoma,mcalester,McAlester,5,5-9,f
oklahoma,norman,Norman,5,5-9,f
pennsylvania,exton,Exton,5,5-9,f
pennsylvania,hazleton,Hazleton,5,5-9,f
pennsylvania,mechanicsburg,Mechanicsburg,5,5-9,f
pennsylvania,media,Media,5,5-9,f
pennsylvania,plymouth-meeting,Plymouth Meeting,5,5-9,f
pennsylvania,pottstown,Pottstown,5,5-9,f
pennsylvania,pottsville,Pottsville,5,5-9,f
pennsylvania,somerset,Somerset,5,5-9,f
pennsylvania,uniontown,Uniontown,5,5-9,f
south-carolina,aiken,Aiken,5,5-9,f
south-carolina,myrtle-beach,Myrtle Beach,5,5-9,f
south-carolina,sumter,Sumter,5,5-9,f
tennessee,gallatin,Gallatin,5,5-9,f
tennessee,lawrenceburg,Lawrenceburg,5,5-9,f
tennessee,madison,Madison,5,5-9,f
tennessee,morristown,Morristown,5,5-9,f
tennessee,oak-ridge,Oak Ridge,5,5-9,f
tennessee,savannah,Savannah,5,5-9,f
tennessee,shelbyville,Shelbyville,5,5-9,f
texas,abilene,Abilene,5,5-9,f
texas,angleton,Angleton,5,5-9,f
texas,cedar-park,Cedar Park,5,5-9,f
texas,lufkin,Lufkin,5,5-9,f
texas,sherman,Sherman,5,5-9,f
utah,cedar-city,Cedar City,5,5-9,f
utah,midvale,Midvale,5,5-9,f
utah,price,Price,5,5-9,f
virginia,abingdon,Abingdon,5,5-9,f
virginia,fairfax,Fairfax,5,5-9,t
virginia,henrico,Henrico,5,5-9,f
virginia,norton,Norton,5,5-9,f
virginia,vienna,Vienna,5,5-9,f
washington,bremerton,Bremerton,5,5-9,f
washington,centralia,Centralia,5,5-9,f
washington,edmonds,Edmonds,5,5-9,f
washington,lakewood,Lakewood,5,5-9,f
west-virginia,clarksburg,Clarksburg,5,5-9,f
west-virginia,weirton,Weirton,5,5-9,f
wisconsin,hudson,Hudson,5,5-9,f
wisconsin,janesville,Janesville,5,5-9,f
wisconsin,oshkosh,Oshkosh,5,5-9,f
wisconsin,racine,Racine,5,5-9,f
wisconsin,wausau,Wausau,5,5-9,f
wisconsin,wisconsin-rapids,Wisconsin Rapids,5,5-9,f
wyoming,cheyenne,Cheyenne,5,5-9,f
alabama,bessemer,Bessemer,4,1-4,f
alabama,decatur,Decatur,4,1-4,f
alabama,demopolis,Demopolis,4,1-4,f
alabama,florence,Florence,4,1-4,f
alabama,fort-payne,Fort Payne,4,1-4,f
alabama,gadsden,Gadsden,4,1-4,f
alabama,guntersville,Guntersville,4,1-4,f
alaska,sitka,Sitka,4,1-4,f
arizona,nogales,Nogales,4,1-4,f
arizona,payson,Payson,4,1-4,f
arizona,safford,Safford,4,1-4,f
arizona,tempe,Tempe,4,1-4,f
arizona,wickenburg,Wickenburg,4,1-4,f
arkansas,batesville,Batesville,4,1-4,f
arkansas,bentonville,Bentonville,4,1-4,t
arkansas,malvern,Malvern,4,1-4,f
arkansas,pine-bluff,Pine Bluff,4,1-4,f
arkansas,west-memphis,West Memphis,4,1-4,f
california,barstow,Barstow,4,1-4,f
california,beverly-hills,Beverly Hills,4,1-4,f
california,canoga-park,Canoga Park,4,1-4,f
california,el-monte,El Monte,4,1-4,f
california,elk-grove,Elk Grove,4,1-4,f
california,fremont,Fremont,4,1-4,f
california,lynwood,Lynwood,4,1-4,f
california,martinez,Martinez,4,1-4,f
california,merced,Merced,4,1-4,f
california,mission-viejo,Mission Viejo,4,1-4,f
california,palo-alto,Palo Alto,4,1-4,f
california,redlands,Redlands,4,1-4,f
california,san-luis-obispo,San Luis Obispo,4,1-4,f
california,walnut-creek,Walnut Creek,4,1-4,f
california,whittier,Whittier,4,1-4,f
colorado,alamosa,Alamosa,4,1-4,f
colorado,arvada,Arvada,4,1-4,f
colorado,brighton,Brighton,4,1-4,f
colorado,commerce-city,Commerce City,4,1-4,f
colorado,glenwood-springs,Glenwood Springs,4,1-4,f
colorado,parker,Parker,4,1-4,f
connecticut,branford,Branford,4,1-4,f
connecticut,groton,Groton,4,1-4,f
connecticut,west-haven,West Haven,4,1-4,f
florida,bunnell,Bunnell,4,1-4,f
florida,deland,Deland,4,1-4,f
florida,longwood,Longwood,4,1-4,f
florida,miami-beach,Miami Beach,4,1-4,f
florida,saint-petersburg,Saint Petersburg,4,1-4,f
florida,sanford,Sanford,4,1-4,f
florida,tequesta,Tequesta,4,1-4,f
florida,titusville,Titusville,4,1-4,f
georgia,alpharetta,Alpharetta,4,1-4,f
georgia,carrollton,Carrollton,4,1-4,f
georgia,dublin,Dublin,4,1-4,f
georgia,newnan,Newnan,4,1-4,f
georgia,peachtree-corners,Peachtree Corners,4,1-4,f
georgia,thomasville,Thomasville,4,1-4,f
georgia,winder,Winder,4,1-4,f
georgia,woodstock,Woodstock,4,1-4,f
hawaii,hilo,Hilo,4,1-4,f
hawaii,lihue,Lihue,4,1-4,f
hawaii,pearl-city,Pearl City,4,1-4,f
idaho,emmett,Emmett,4,1-4,f
idaho,payette,Payette,4,1-4,f
illinois,berwyn,Berwyn,4,1-4,f
illinois,buffalo-grove,Buffalo Grove,4,1-4,f
illinois,carbondale,Carbondale,4,1-4,f
illinois,champaign,Champaign,4,1-4,f
illinois,charleston,Charleston,4,1-4,f
illinois,chicago-heights,Chicago Heights,4,1-4,f
illinois,dixon,Dixon,4,1-4,f
illinois,elmhurst,Elmhurst,4,1-4,f
illinois,gurnee,Gurnee,4,1-4,f
illinois,lombard,Lombard,4,1-4,f
illinois,mattoon,Mattoon,4,1-4,f
illinois,maywood,Maywood,4,1-4,f
illinois,mchenry,McHenry,4,1-4,f
illinois,melrose-park,Melrose Park,4,1-4,f
illinois,moline,Moline,4,1-4,f
illinois,mount-vernon,Mount Vernon,4,1-4,f
illinois,palos-heights,Palos Heights,4,1-4,f
illinois,skokie,Skokie,4,1-4,f
indiana,bedford,Bedford,4,1-4,f
indiana,clarksville,Clarksville,4,1-4,f
indiana,gary,Gary,4,1-4,f
indiana,goshen,Goshen,4,1-4,f
indiana,greenwood,Greenwood,4,1-4,f
indiana,huntington,Huntington,4,1-4,f
indiana,la-porte,La Porte,4,1-4,f
indiana,martinsville,Martinsville,4,1-4,f
indiana,mishawaka,Mishawaka,4,1-4,f
indiana,new-albany,New Albany,4,1-4,f
indiana,seymour,Seymour,4,1-4,f
iowa,clinton,Clinton,4,1-4,f
iowa,council-bluffs,Council Bluffs,4,1-4,f
iowa,dubuque,Dubuque,4,1-4,f
iowa,mason-city,Mason City,4,1-4,f
iowa,spirit-lake,Spirit Lake,4,1-4,f
kentucky,campbellsville,Campbellsville,4,1-4,f
kentucky,columbia,Columbia,4,1-4,f
kentucky,fort-mitchell,Fort Mitchell,4,1-4,f
kentucky,glasgow,Glasgow,4,1-4,f
kentucky,madisonville,Madisonville,4,1-4,f
kentucky,maysville,Maysville,4,1-4,f
kentucky,mount-sterling,Mount Sterling,4,1-4,f
kentucky,paris,Paris,4,1-4,f
kentucky,radcliff,Radcliff,4,1-4,f
kentucky,williamsburg,Williamsburg,4,1-4,f
louisiana,bogalusa,Bogalusa,4,1-4,f
louisiana,covington,Covington,4,1-4,f
louisiana,gretna,Gretna,4,1-4,f
louisiana,ruston,Ruston,4,1-4,f
maine,auburn,Auburn,4,1-4,f
maine,augusta,Augusta,4,1-4,f
maine,biddeford,Biddeford,4,1-4,f
maine,caribou,Caribou,4,1-4,f
maine,machias,Machias,4,1-4,f
maryland,aberdeen,Aberdeen,4,1-4,f
maryland,chestertown,Chestertown,4,1-4,f
maryland,essex,Essex,4,1-4,f
maryland,owings-mills,Owings Mills,4,1-4,f
maryland,prince-frederick,Prince Frederick,4,1-4,f
maryland,princess-anne,Princess Anne,4,1-4,f
maryland,rosedale,Rosedale,4,1-4,f
massachusetts,cambridge,Cambridge,4,1-4,f
massachusetts,gardner,Gardner,4,1-4,f
massachusetts,haverhill,Haverhill,4,1-4,f
massachusetts,jamaica-plain,Jamaica Plain,4,1-4,f
massachusetts,millbury,Millbury,4,1-4,f
massachusetts,somerville,Somerville,4,1-4,f
massachusetts,south-weymouth,South Weymouth,4,1-4,f
massachusetts,waltham,Waltham,4,1-4,f
massachusetts,west-springfield,West Springfield,4,1-4,f
michigan,benton-harbor,Benton Harbor,4,1-4,f
michigan,clare,Clare,4,1-4,f
michigan,highland-park,Highland Park,4,1-4,f
michigan,lapeer,Lapeer,4,1-4,f
michigan,manistee,Manistee,4,1-4,f
michigan,monroe,Monroe,4,1-4,f
michigan,pontiac,Pontiac,4,1-4,f
michigan,royal-oak,Royal Oak,4,1-4,f
michigan,saint-ignace,Saint Ignace,4,1-4,f
michigan,sault-sainte-marie,Sault Sainte Marie,4,1-4,f
michigan,taylor,Taylor,4,1-4,f
michigan,walled-lake,Walled Lake,4,1-4,f
michigan,warren,Warren,4,1-4,f
minnesota,albert-lea,Albert Lea,4,1-4,f
minnesota,anoka,Anoka,4,1-4,f
minnesota,austin,Austin,4,1-4,f
minnesota,chaska,Chaska,4,1-4,f
minnesota,detroit-lakes,Detroit Lakes,4,1-4,f
minnesota,hastings,Hastings,4,1-4,f
minnesota,hutchinson,Hutchinson,4,1-4,f
minnesota,lakeville,Lakeville,4,1-4,f
minnesota,monticello,Monticello,4,1-4,t
minnesota,winona,Winona,4,1-4,f
mississippi,biloxi,Biloxi,4,1-4,f
mississippi,flowood,Flowood,4,1-4,f
mississippi,gulfport,Gulfport,4,1-4,f
mississippi,oxford,Oxford,4,1-4,f
missouri,branson,Branson,4,1-4,f
missouri,fulton,Fulton,4,1-4,f
missouri,lees-summit,Lees Summit,4,1-4,f
missouri,nevada,Nevada,4,1-4,f
missouri,o-fallon,O Fallon,4,1-4,f
missouri,poplar-bluff,Poplar Bluff,4,1-4,f
montana,butte,Butte,4,1-4,f
nevada,elko,Elko,4,1-4,f
new-hampshire,laconia,Laconia,4,1-4,f
new-hampshire,rochester,Rochester,4,1-4,f
new-jersey,asbury-park,Asbury Park,4,1-4,f
new-jersey,bridgeton,Bridgeton,4,1-4,f
new-jersey,clifton,Clifton,4,1-4,f
new-jersey,egg-harbor-township,Egg Harbor Township,4,1-4,f
new-jersey,fair-lawn,Fair Lawn,4,1-4,f
new-jersey,flemington,Flemington,4,1-4,f
new-jersey,monmouth-junction,Monmouth Junction,4,1-4,t
new-jersey,montclair,Montclair,4,1-4,f
new-jersey,morristown,Morristown,4,1-4,f
new-jersey,newton,Newton,4,1-4,f
new-jersey,north-brunswick,North Brunswick,4,1-4,f
new-jersey,parsippany,Parsippany,4,1-4,f
new-jersey,voorhees,Voorhees,4,1-4,f
new-mexico,carlsbad,Carlsbad,4,1-4,f
new-mexico,las-vegas,Las Vegas,4,1-4,f
new-mexico,roswell,Roswell,4,1-4,f
new-mexico,silver-city,Silver City,4,1-4,f
new-york,amsterdam,Amsterdam,4,1-4,f
new-york,batavia,Batavia,4,1-4,f
new-york,cortland,Cortland,4,1-4,f
new-york,flushing,Flushing,4,1-4,f
new-york,fulton,Fulton,4,1-4,f
new-york,hudson,Hudson,4,1-4,f
new-york,huntington,Huntington,4,1-4,f
new-york,jamestown,Jamestown,4,1-4,f
new-york,mount-kisco,Mount Kisco,4,1-4,f
new-york,newburgh,Newburgh,4,1-4,f
new-york,ogdensburg,Ogdensburg,4,1-4,f
new-york,patchogue,Patchogue,4,1-4,f
new-york,queensbury,Queensbury,4,1-4,f
new-york,tarrytown,Tarrytown,4,1-4,f
new-york,troy,Troy,4,1-4,f
new-york,wellsville,Wellsville,4,1-4,f
north-carolina,boone,Boone,4,1-4,f
north-carolina,burlington,Burlington,4,1-4,f
north-carolina,henderson,Henderson,4,1-4,f
north-carolina,hendersonville,Hendersonville,4,1-4,f
north-carolina,lillington,Lillington,4,1-4,f
north-carolina,lincolnton,Lincolnton,4,1-4,f
north-carolina,marion,Marion,4,1-4,f
north-carolina,monroe,Monroe,4,1-4,f
north-carolina,north-wilkesboro,North Wilkesboro,4,1-4,f
north-carolina,pinehurst,Pinehurst,4,1-4,f
north-carolina,rockingham,Rockingham,4,1-4,f
north-carolina,rocky-mount,Rocky Mount,4,1-4,f
north-carolina,wilson,Wilson,4,1-4,f
north-dakota,devils-lake,Devils Lake,4,1-4,f
ohio,circleville,Circleville,4,1-4,f
ohio,franklin,Franklin,4,1-4,f
ohio,lorain,Lorain,4,1-4,f
ohio,maumee,Maumee,4,1-4,f
ohio,medina,Medina,4,1-4,f
ohio,middletown,Middletown,4,1-4,f
ohio,napoleon,Napoleon,4,1-4,f
ohio,niles,Niles,4,1-4,f
ohio,wilmington,Wilmington,4,1-4,f
ohio,xenia,Xenia,4,1-4,f
oklahoma,miami,Miami,4,1-4,f
oklahoma,stillwater,Stillwater,4,1-4,f
oklahoma,tahlequah,Tahlequah,4,1-4,f
oregon,beaverton,Beaverton,4,1-4,f
oregon,corvallis,Corvallis,4,1-4,f
oregon,grants-pass,Grants Pass,4,1-4,f
oregon,hermiston,Hermiston,4,1-4,f
oregon,newport,Newport,4,1-4,f
pennsylvania,bradford,Bradford,4,1-4,f
pennsylvania,clearfield,Clearfield,4,1-4,f
pennsylvania,coatesville,Coatesville,4,1-4,f
pennsylvania,du-bois,Du Bois,4,1-4,f
pennsylvania,lehighton,Lehighton,4,1-4,f
pennsylvania,malvern,Malvern,4,1-4,f
pennsylvania,mansfield,Mansfield,4,1-4,f
pennsylvania,new-castle,New Castle,4,1-4,f
pennsylvania,waynesburg,Waynesburg,4,1-4,f
pennsylvania,wexford,Wexford,4,1-4,f
rhode-island,cranston,Cranston,4,1-4,f
south-carolina,anderson,Anderson,4,1-4,f
south-carolina,charleston,Charleston,4,1-4,t
south-carolina,greenwood,Greenwood,4,1-4,f
south-carolina,lancaster,Lancaster,4,1-4,f
south-carolina,lexington,Lexington,4,1-4,f
south-carolina,seneca,Seneca,4,1-4,f
south-dakota,huron,Huron,4,1-4,f
tennessee,maryville,Maryville,4,1-4,f
tennessee,mountain-city,Mountain City,4,1-4,f
tennessee,smyrna,Smyrna,4,1-4,f
tennessee,union-city,Union City,4,1-4,f
texas,cypress,Cypress,4,1-4,f
texas,greenville,Greenville,4,1-4,f
texas,mansfield,Mansfield,4,1-4,f
texas,mckinney,McKinney,4,1-4,t
texas,plano,Plano,4,1-4,f
texas,richmond,Richmond,4,1-4,f
texas,texarkana,Texarkana,4,1-4,f
texas,texas-city,Texas City,4,1-4,f
texas,wichita-falls,Wichita Falls,4,1-4,f
utah,heber-city,Heber City,4,1-4,f
utah,park-city,Park City,4,1-4,f
utah,riverton,Riverton,4,1-4,f
utah,spanish-fork,Spanish Fork,4,1-4,f
utah,west-valley-city,West Valley City,4,1-4,f
vermont,bennington,Bennington,4,1-4,f
vermont,brattleboro,Brattleboro,4,1-4,f
vermont,newport,Newport,4,1-4,f
vermont,randolph,Randolph,4,1-4,f
vermont,saint-albans,Saint Albans,4,1-4,f
virginia,clintwood,Clintwood,4,1-4,f
virginia,front-royal,Front Royal,4,1-4,f
virginia,salem,Salem,4,1-4,f
virginia,staunton,Staunton,4,1-4,f
virginia,woodbridge,Woodbridge,4,1-4,f
virginia,wytheville,Wytheville,4,1-4,f
washington,chehalis,Chehalis,4,1-4,f
washington,kirkland,Kirkland,4,1-4,f
washington,lynnwood,Lynnwood,4,1-4,f
washington,monroe,Monroe,4,1-4,f
washington,oak-harbor,Oak Harbor,4,1-4,f
washington,puyallup,Puyallup,4,1-4,f
washington,redmond,Redmond,4,1-4,f
west-virginia,fairmont,Fairmont,4,1-4,f
west-virginia,parkersburg,Parkersburg,4,1-4,f
west-virginia,williamson,Williamson,4,1-4,f
wisconsin,hayward,Hayward,4,1-4,f
wisconsin,la-crosse,La Crosse,4,1-4,f
wisconsin,marinette,Marinette,4,1-4,f
wisconsin,menomonie,Menomonie,4,1-4,f
wisconsin,sheboygan,Sheboygan,4,1-4,f
wisconsin,waupaca,Waupaca,4,1-4,f
wyoming,casper,Casper,4,1-4,f
alabama,anniston,Anniston,3,1-4,f
alabama,cullman,Cullman,3,1-4,f
alabama,daphne,Daphne,3,1-4,f
alabama,greenville,Greenville,3,1-4,f
alabama,luverne,Luverne,3,1-4,f
alabama,phenix-city,Phenix City,3,1-4,f
alaska,barrow,Barrow,3,1-4,f
alaska,homer,Homer,3,1-4,f
alaska,palmer,Palmer,3,1-4,f
arizona,apache-junction,Apache Junction,3,1-4,f
arizona,benson,Benson,3,1-4,f
arizona,buckeye,Buckeye,3,1-4,t
arizona,holbrook,Holbrook,3,1-4,f
arkansas,cabot,Cabot,3,1-4,f
arkansas,clinton,Clinton,3,1-4,f
arkansas,crossett,Crossett,3,1-4,f
arkansas,forrest-city,Forrest City,3,1-4,f
arkansas,harrison,Harrison,3,1-4,f
arkansas,maumelle,Maumelle,3,1-4,f
arkansas,mountain-home,Mountain Home,3,1-4,f
arkansas,newport,Newport,3,1-4,f
arkansas,rogers,Rogers,3,1-4,f
arkansas,van-buren,Van Buren,3,1-4,f
california,brea,Brea,3,1-4,f
california,calabasas,Calabasas,3,1-4,f
california,calexico,Calexico,3,1-4,f
california,campbell,Campbell,3,1-4,f
california,carlsbad,Carlsbad,3,1-4,f
california,chino,Chino,3,1-4,f
california,dana-point,Dana Point,3,1-4,f
california,davis,Davis,3,1-4,f
california,el-cajon,El Cajon,3,1-4,f
california,fairfield,Fairfield,3,1-4,f
california,fort-bragg,Fort Bragg,3,1-4,f
california,fullerton,Fullerton,3,1-4,f
california,gardena,Gardena,3,1-4,f
california,inglewood,Inglewood,3,1-4,f
california,irvine,Irvine,3,1-4,f
california,king-city,King City,3,1-4,f
california,la-mesa,La Mesa,3,1-4,f
california,lompoc,Lompoc,3,1-4,f
california,madera,Madera,3,1-4,f
california,manhattan-beach,Manhattan Beach,3,1-4,f
california,national-city,National City,3,1-4,f
california,north-hollywood,North Hollywood,3,1-4,f
california,northridge,Northridge,3,1-4,f
california,orland,Orland,3,1-4,f
california,oroville,Oroville,3,1-4,f
california,placerville,Placerville,3,1-4,f
california,porterville,Porterville,3,1-4,f
california,redondo-beach,Redondo Beach,3,1-4,f
california,redwood-city,Redwood City,3,1-4,f
california,reseda,Reseda,3,1-4,f
california,san-bernardino,San Bernardino,3,1-4,f
california,san-clemente,San Clemente,3,1-4,f
california,san-mateo,San Mateo,3,1-4,f
california,south-gate,South Gate,3,1-4,f
california,south-lake-tahoe,South Lake Tahoe,3,1-4,f
california,tarzana,Tarzana,3,1-4,f
california,tulare,Tulare,3,1-4,f
california,vista,Vista,3,1-4,f
california,west-covina,West Covina,3,1-4,f
colorado,broomfield,Broomfield,3,1-4,f
colorado,canon-city,Canon City,3,1-4,f
colorado,carbondale,Carbondale,3,1-4,t
colorado,castle-rock,Castle Rock,3,1-4,f
colorado,cortez,Cortez,3,1-4,f
colorado,craig,Craig,3,1-4,f
colorado,lafayette,Lafayette,3,1-4,t
colorado,loveland,Loveland,3,1-4,f
colorado,montrose,Montrose,3,1-4,f
colorado,trinidad,Trinidad,3,1-4,f
colorado,westminster,Westminster,3,1-4,f
connecticut,greenwich,Greenwich,3,1-4,f
connecticut,manchester,Manchester,3,1-4,f
connecticut,mansfield-center,Mansfield Center,3,1-4,f
connecticut,west-hartford,West Hartford,3,1-4,f
connecticut,westport,Westport,3,1-4,f
connecticut,willimantic,Willimantic,3,1-4,f
delaware,bear,Bear,3,1-4,f
delaware,milford,Milford,3,1-4,t
delaware,new-castle,New Castle,3,1-4,f
delaware,seaford,Seaford,3,1-4,f
florida,altamonte-springs,Altamonte Springs,3,1-4,f
florida,apopka,Apopka,3,1-4,f
florida,bradenton,Bradenton,3,1-4,f
florida,brooksville,Brooksville,3,1-4,f
florida,inverness,Inverness,3,1-4,f
florida,jacksonville-beach,Jacksonville Beach,3,1-4,f
florida,key-largo,Key Largo,3,1-4,f
florida,key-west,Key West,3,1-4,f
florida,largo,Largo,3,1-4,f
florida,maitland,Maitland,3,1-4,f
florida,new-port-richey,New Port Richey,3,1-4,f
florida,opa-locka,Opa Locka,3,1-4,f
florida,orange-city,Orange City,3,1-4,f
florida,orange-park,Orange Park,3,1-4,f
florida,ormond-beach,Ormond Beach,3,1-4,f
florida,palm-beach-gardens,Palm Beach Gardens,3,1-4,f
florida,quincy,Quincy,3,1-4,f
florida,saint-cloud,Saint Cloud,3,1-4,f
florida,spring-hill,Spring Hill,3,1-4,f
florida,vero-beach,Vero Beach,3,1-4,f
florida,winter-park,Winter Park,3,1-4,f
georgia,albany,Albany,3,1-4,f
georgia,brunswick,Brunswick,3,1-4,f
georgia,covington,Covington,3,1-4,f
georgia,jonesboro,Jonesboro,3,1-4,f
georgia,milledgeville,Milledgeville,3,1-4,f
georgia,norcross,Norcross,3,1-4,f
georgia,rome,Rome,3,1-4,f
georgia,swainsboro,Swainsboro,3,1-4,f
georgia,toccoa,Toccoa,3,1-4,f
georgia,vidalia,Vidalia,3,1-4,f
georgia,warner-robins,Warner Robins,3,1-4,f
hawaii,ewa-beach,Ewa Beach,3,1-4,f
hawaii,kapaa,Kapaa,3,1-4,f
hawaii,kapolei,Kapolei,3,1-4,f
hawaii,wailuku,Wailuku,3,1-4,f
hawaii,waipahu,Waipahu,3,1-4,f
idaho,blackfoot,Blackfoot,3,1-4,f
idaho,burley,Burley,3,1-4,f
idaho,gooding,Gooding,3,1-4,f
idaho,mccall,McCall,3,1-4,f
illinois,alton,Alton,3,1-4,f
illinois,belvidere,Belvidere,3,1-4,f
illinois,blue-island,Blue Island,3,1-4,f
illinois,bolingbrook,Bolingbrook,3,1-4,f
illinois,carterville,Carterville,3,1-4,f
illinois,centralia,Centralia,3,1-4,f
illinois,crystal-lake,Crystal Lake,3,1-4,f
illinois,des-plaines,Des Plaines,3,1-4,f
illinois,du-quoin,Du Quoin,3,1-4,f
illinois,franklin-park,Franklin Park,3,1-4,f
illinois,geneva,Geneva,3,1-4,f
illinois,hazel-crest,Hazel Crest,3,1-4,f
illinois,highland-park,Highland Park,3,1-4,f
illinois,hinsdale,Hinsdale,3,1-4,f
illinois,hoffman-estates,Hoffman Estates,3,1-4,f
illinois,jacksonville,Jacksonville,3,1-4,f
illinois,lincoln,Lincoln,3,1-4,f
illinois,lisle,Lisle,3,1-4,f
illinois,manteno,Manteno,3,1-4,f
illinois,marion,Marion,3,1-4,f
illinois,oak-lawn,Oak Lawn,3,1-4,f
illinois,orland-park,Orland Park,3,1-4,f
illinois,palatine,Palatine,3,1-4,f
illinois,palos-hills,Palos Hills,3,1-4,f
illinois,pekin,Pekin,3,1-4,f
illinois,pittsfield,Pittsfield,3,1-4,f
illinois,schaumburg,Schaumburg,3,1-4,f
illinois,sycamore,Sycamore,3,1-4,f
illinois,urbana,Urbana,3,1-4,f
indiana,batesville,Batesville,3,1-4,f
indiana,bloomfield,Bloomfield,3,1-4,f
indiana,charlestown,Charlestown,3,1-4,f
indiana,chesterton,Chesterton,3,1-4,f
indiana,corydon,Corydon,3,1-4,f
indiana,franklin,Franklin,3,1-4,f
indiana,greencastle,Greencastle,3,1-4,f
indiana,jasper,Jasper,3,1-4,f
indiana,lagrange,Lagrange,3,1-4,f
indiana,madison,Madison,3,1-4,f
indiana,plainfield,Plainfield,3,1-4,f
indiana,plymouth,Plymouth,3,1-4,f
indiana,rockville,Rockville,3,1-4,f
indiana,shelbyville,Shelbyville,3,1-4,f
indiana,wabash,Wabash,3,1-4,f
indiana,warsaw,Warsaw,3,1-4,f
indiana,washington,Washington,3,1-4,f
iowa,ankeny,Ankeny,3,1-4,f
iowa,burlington,Burlington,3,1-4,f
iowa,cherokee,Cherokee,3,1-4,f
iowa,independence,Independence,3,1-4,f
iowa,indianola,Indianola,3,1-4,f
iowa,newton,Newton,3,1-4,f
iowa,oskaloosa,Oskaloosa,3,1-4,f
iowa,sac-city,Sac City,3,1-4,f
iowa,storm-lake,Storm Lake,3,1-4,f
kansas,hutchinson,Hutchinson,3,1-4,f
kansas,junction-city,Junction City,3,1-4,f
kansas,mission,Mission,3,1-4,f
kansas,paola,Paola,3,1-4,f
kansas,pratt,Pratt,3,1-4,f
kansas,shawnee,Shawnee,3,1-4,f
kentucky,barbourville,Barbourville,3,1-4,f
kentucky,bardstown,Bardstown,3,1-4,f
kentucky,benton,Benton,3,1-4,f
kentucky,campton,Campton,3,1-4,f
kentucky,carrollton,Carrollton,3,1-4,f
kentucky,central-city,Central City,3,1-4,f
kentucky,grayson,Grayson,3,1-4,f
kentucky,harlan,Harlan,3,1-4,f
kentucky,hyden,Hyden,3,1-4,f
kentucky,jackson,Jackson,3,1-4,f
kentucky,la-grange,La Grange,3,1-4,f
kentucky,lancaster,Lancaster,3,1-4,f
kentucky,lebanon,Lebanon,3,1-4,f
kentucky,monticello,Monticello,3,1-4,f
kentucky,munfordville,Munfordville,3,1-4,f
kentucky,newport,Newport,3,1-4,f
kentucky,paintsville,Paintsville,3,1-4,f
kentucky,princeton,Princeton,3,1-4,f
kentucky,salyersville,Salyersville,3,1-4,f
kentucky,scottsville,Scottsville,3,1-4,f
kentucky,shepherdsville,Shepherdsville,3,1-4,f
louisiana,bastrop,Bastrop,3,1-4,f
louisiana,bossier-city,Bossier City,3,1-4,f
louisiana,deridder,Deridder,3,1-4,f
louisiana,harvey,Harvey,3,1-4,f
louisiana,jennings,Jennings,3,1-4,f
louisiana,mandeville,Mandeville,3,1-4,f
louisiana,morgan-city,Morgan City,3,1-4,f
louisiana,new-iberia,New Iberia,3,1-4,f
louisiana,opelousas,Opelousas,3,1-4,f
louisiana,tallulah,Tallulah,3,1-4,f
maine,calais,Calais,3,1-4,f
maine,damariscotta,Damariscotta,3,1-4,f
maryland,berlin,Berlin,3,1-4,f
maryland,centreville,Centreville,3,1-4,f
maryland,college-park,College Park,3,1-4,f
maryland,derwood,Derwood,3,1-4,f
maryland,edgewood,Edgewood,3,1-4,f
maryland,germantown,Germantown,3,1-4,f
maryland,halethorpe,Halethorpe,3,1-4,f
maryland,middle-river,Middle River,3,1-4,f
maryland,north-east,North East,3,1-4,f
maryland,oakland,Oakland,3,1-4,f
maryland,sykesville,Sykesville,3,1-4,f
massachusetts,attleboro,Attleboro,3,1-4,f
massachusetts,braintree,Braintree,3,1-4,f
massachusetts,chelsea,Chelsea,3,1-4,f
massachusetts,danvers,Danvers,3,1-4,f
massachusetts,gloucester,Gloucester,3,1-4,f
massachusetts,great-barrington,Great Barrington,3,1-4,f
massachusetts,lynn,Lynn,3,1-4,f
massachusetts,needham,Needham,3,1-4,t
massachusetts,orange,Orange,3,1-4,f
massachusetts,peabody,Peabody,3,1-4,f
massachusetts,southbridge,Southbridge,3,1-4,f
massachusetts,westborough,Westborough,3,1-4,f
michigan,adrian,Adrian,3,1-4,f
michigan,bad-axe,Bad Axe,3,1-4,f
michigan,big-rapids,Big Rapids,3,1-4,f
michigan,cadillac,Cadillac,3,1-4,f
michigan,canton,Canton,3,1-4,f
michigan,caro,Caro,3,1-4,f
michigan,cheboygan,Cheboygan,3,1-4,f
michigan,dearborn,Dearborn,3,1-4,f
michigan,escanaba,Escanaba,3,1-4,f
michigan,grand-haven,Grand Haven,3,1-4,f
michigan,grayling,Grayling,3,1-4,f
michigan,grosse-pointe,Grosse Pointe,3,1-4,f
michigan,hillsdale,Hillsdale,3,1-4,f
michigan,houghton-lake,Houghton Lake,3,1-4,f
michigan,howell,Howell,3,1-4,f
michigan,mount-pleasant,Mount Pleasant,3,1-4,f
michigan,munising,Munising,3,1-4,f
michigan,saint-clair-shores,Saint Clair Shores,3,1-4,f
michigan,waterford,Waterford,3,1-4,f
minnesota,buffalo,Buffalo,3,1-4,f
minnesota,cass-lake,Cass Lake,3,1-4,f
minnesota,east-grand-forks,East Grand Forks,3,1-4,f
minnesota,faribault,Faribault,3,1-4,f
minnesota,international-falls,International Falls,3,1-4,f
minnesota,marshall,Marshall,3,1-4,f
minnesota,onamia,Onamia,3,1-4,f
minnesota,princeton,Princeton,3,1-4,f
minnesota,saint-peter,Saint Peter,3,1-4,f
minnesota,wadena,Wadena,3,1-4,f
mississippi,brandon,Brandon,3,1-4,f
mississippi,corinth,Corinth,3,1-4,f
mississippi,pontotoc,Pontotoc,3,1-4,f
mississippi,ridgeland,Ridgeland,3,1-4,f
missouri,bolivar,Bolivar,3,1-4,f
missouri,boonville,Boonville,3,1-4,f
missouri,farmington,Farmington,3,1-4,f
missouri,harrisonville,Harrisonville,3,1-4,f
missouri,kennett,Kennett,3,1-4,f
missouri,mexico,Mexico,3,1-4,f
missouri,neosho,Neosho,3,1-4,f
missouri,nixa,Nixa,3,1-4,f
missouri,saint-peters,Saint Peters,3,1-4,f
missouri,warrenton,Warrenton,3,1-4,f
missouri,wentzville,Wentzville,3,1-4,f
montana,glendive,Glendive,3,1-4,f
montana,hamilton,Hamilton,3,1-4,f
montana,havre,Havre,3,1-4,f
montana,livingston,Livingston,3,1-4,f
nebraska,boys-town,Boys Town,3,1-4,f
nebraska,fremont,Fremont,3,1-4,f
nebraska,lexington,Lexington,3,1-4,f
nebraska,nebraska-city,Nebraska City,3,1-4,f
nevada,dayton,Dayton,3,1-4,f
nevada,fallon,Fallon,3,1-4,f
new-hampshire,keene,Keene,3,1-4,f
new-hampshire,lebanon,Lebanon,3,1-4,f
new-hampshire,plymouth,Plymouth,3,1-4,f
new-hampshire,salem,Salem,3,1-4,f
new-jersey,blackwood,Blackwood,3,1-4,f
new-jersey,bridgewater,Bridgewater,3,1-4,f
new-jersey,cape-may-court-house,Cape May Court House,3,1-4,f
new-jersey,denville,Denville,3,1-4,f
new-jersey,englewood,Englewood,3,1-4,f
new-jersey,florham-park,Florham Park,3,1-4,f
new-jersey,hammonton,Hammonton,3,1-4,f
new-jersey,irvington,Irvington,3,1-4,f
new-jersey,kearny,Kearny,3,1-4,f
new-jersey,lakewood,Lakewood,3,1-4,f
new-jersey,lanoka-harbor,Lanoka Harbor,3,1-4,f
new-jersey,lawrence-township,Lawrence Township,3,1-4,f
new-jersey,long-branch,Long Branch,3,1-4,f
new-jersey,mays-landing,Mays Landing,3,1-4,f
new-jersey,merchantville,Merchantville,3,1-4,f
new-jersey,northfield,Northfield,3,1-4,f
new-jersey,pemberton,Pemberton,3,1-4,f
new-jersey,perth-amboy,Perth Amboy,3,1-4,f
new-jersey,ramsey,Ramsey,3,1-4,f
new-jersey,red-bank,Red Bank,3,1-4,f
new-jersey,sewell,Sewell,3,1-4,f
new-jersey,somerset,Somerset,3,1-4,f
new-jersey,south-amboy,South Amboy,3,1-4,f
new-jersey,sparta,Sparta,3,1-4,t
new-jersey,summit,Summit,3,1-4,f
new-jersey,union,Union,3,1-4,f
new-jersey,west-orange,West Orange,3,1-4,f
new-mexico,los-lunas,Los Lunas,3,1-4,f
new-mexico,taos,Taos,3,1-4,f
new-york,ellenville,Ellenville,3,1-4,f
new-york,elmhurst,Elmhurst,3,1-4,f
new-york,garden-city,Garden City,3,1-4,f
new-york,glen-oaks,Glen Oaks,3,1-4,f
new-york,highland,Highland,3,1-4,f
new-york,huntington-station,Huntington Station,3,1-4,f
new-york,orchard-park,Orchard Park,3,1-4,f
new-york,peekskill,Peekskill,3,1-4,f
new-york,plattsburgh,Plattsburgh,3,1-4,f
new-york,port-jervis,Port Jervis,3,1-4,f
new-york,queens-village,Queens Village,3,1-4,f
new-york,rego-park,Rego Park,3,1-4,f
new-york,rockville-centre,Rockville Centre,3,1-4,f
new-york,ronkonkoma,Ronkonkoma,3,1-4,f
new-york,sanborn,Sanborn,3,1-4,f
new-york,saratoga-springs,Saratoga Springs,3,1-4,f
new-york,suffern,Suffern,3,1-4,f
new-york,woodside,Woodside,3,1-4,f
north-carolina,aberdeen,Aberdeen,3,1-4,f
north-carolina,chapel-hill,Chapel Hill,3,1-4,f
north-carolina,elizabeth-city,Elizabeth City,3,1-4,f
north-carolina,mooresville,Mooresville,3,1-4,f
north-carolina,new-bern,New Bern,3,1-4,f
north-carolina,roanoke-rapids,Roanoke Rapids,3,1-4,f
north-carolina,shallotte,Shallotte,3,1-4,f
north-carolina,tarboro,Tarboro,3,1-4,f
north-carolina,thomasville,Thomasville,3,1-4,f
ohio,ashland,Ashland,3,1-4,f
ohio,batavia,Batavia,3,1-4,f
ohio,cambridge,Cambridge,3,1-4,f
ohio,coshocton,Coshocton,3,1-4,f
ohio,defiance,Defiance,3,1-4,f
ohio,fairborn,Fairborn,3,1-4,f
ohio,georgetown,Georgetown,3,1-4,f
ohio,greenville,Greenville,3,1-4,f
ohio,hilliard,Hilliard,3,1-4,f
ohio,lisbon,Lisbon,3,1-4,f
ohio,mentor,Mentor,3,1-4,f
ohio,mount-gilead,Mount Gilead,3,1-4,f
ohio,mount-orab,Mount Orab,3,1-4,f
ohio,new-philadelphia,New Philadelphia,3,1-4,f
ohio,perrysburg,Perrysburg,3,1-4,f
ohio,saint-clairsville,Saint Clairsville,3,1-4,f
ohio,salem,Salem,3,1-4,f
ohio,urbana,Urbana,3,1-4,f
ohio,van-wert,Van Wert,3,1-4,t
ohio,wauseon,Wauseon,3,1-4,f
ohio,westerville,Westerville,3,1-4,f
oklahoma,bartlesville,Bartlesville,3,1-4,f
oklahoma,grove,Grove,3,1-4,f
oklahoma,idabel,Idabel,3,1-4,f
oklahoma,ponca-city,Ponca City,3,1-4,f
oklahoma,sallisaw,Sallisaw,3,1-4,f
oklahoma,shawnee,Shawnee,3,1-4,f
oregon,albany,Albany,3,1-4,f
oregon,clackamas,Clackamas,3,1-4,f
oregon,cottage-grove,Cottage Grove,3,1-4,f
oregon,enterprise,Enterprise,3,1-4,f
oregon,oregon-city,Oregon City,3,1-4,f
oregon,prineville,Prineville,3,1-4,f
oregon,saint-helens,Saint Helens,3,1-4,f
pennsylvania,aliquippa,Aliquippa,3,1-4,f
pennsylvania,beaver,Beaver,3,1-4,f
pennsylvania,beaver-falls,Beaver Falls,3,1-4,f
pennsylvania,bridgeville,Bridgeville,3,1-4,f
pennsylvania,bristol,Bristol,3,1-4,f
pennsylvania,broomall,Broomall,3,1-4,f
pennsylvania,clarion,Clarion,3,1-4,f
pennsylvania,coudersport,Coudersport,3,1-4,f
pennsylvania,east-stroudsburg,East Stroudsburg,3,1-4,f
pennsylvania,ephrata,Ephrata,3,1-4,f
pennsylvania,franklin,Franklin,3,1-4,f
pennsylvania,havertown,Havertown,3,1-4,f
pennsylvania,indiana,Indiana,3,1-4,f
pennsylvania,jenkintown,Jenkintown,3,1-4,f
pennsylvania,kittanning,Kittanning,3,1-4,f
pennsylvania,lake-ariel,Lake Ariel,3,1-4,f
pennsylvania,latrobe,Latrobe,3,1-4,f
pennsylvania,lewisburg,Lewisburg,3,1-4,f
pennsylvania,mckeesport,McKeesport,3,1-4,f
pennsylvania,monroeville,Monroeville,3,1-4,f
pennsylvania,nanticoke,Nanticoke,3,1-4,f
pennsylvania,new-kensington,New Kensington,3,1-4,f
pennsylvania,phoenixville,Phoenixville,3,1-4,f
pennsylvania,saint-marys,Saint Marys,3,1-4,f
pennsylvania,sellersville,Sellersville,3,1-4,f
pennsylvania,sharon,Sharon,3,1-4,f
pennsylvania,stroudsburg,Stroudsburg,3,1-4,f
pennsylvania,sunbury,Sunbury,3,1-4,f
pennsylvania,tunkhannock,Tunkhannock,3,1-4,f
pennsylvania,wellsboro,Wellsboro,3,1-4,f
rhode-island,johnston,Johnston,3,1-4,f
rhode-island,middletown,Middletown,3,1-4,f
rhode-island,newport,Newport,3,1-4,f
rhode-island,woonsocket,Woonsocket,3,1-4,f
south-carolina,bishopville,Bishopville,3,1-4,f
south-carolina,chesterfield,Chesterfield,3,1-4,f
south-carolina,clinton,Clinton,3,1-4,f
south-carolina,easley,Easley,3,1-4,f
south-carolina,georgetown,Georgetown,3,1-4,f
south-carolina,greer,Greer,3,1-4,f
south-carolina,north-charleston,North Charleston,3,1-4,f
south-carolina,rock-hill,Rock Hill,3,1-4,f
south-carolina,spartanburg,Spartanburg,3,1-4,f
south-carolina,walterboro,Walterboro,3,1-4,f
south-carolina,west-columbia,West Columbia,3,1-4,f
south-carolina,winnsboro,Winnsboro,3,1-4,f
south-dakota,hot-springs,Hot Springs,3,1-4,f
south-dakota,watertown,Watertown,3,1-4,f
tennessee,athens,Athens,3,1-4,f
tennessee,bolivar,Bolivar,3,1-4,f
tennessee,camden,Camden,3,1-4,f
tennessee,covington,Covington,3,1-4,f
tennessee,crossville,Crossville,3,1-4,f
tennessee,dickson,Dickson,3,1-4,f
tennessee,elizabethton,Elizabethton,3,1-4,f
tennessee,livingston,Livingston,3,1-4,f
tennessee,louisville,Louisville,3,1-4,f
tennessee,newport,Newport,3,1-4,f
tennessee,oneida,Oneida,3,1-4,f
tennessee,sevierville,Sevierville,3,1-4,f
tennessee,tullahoma,Tullahoma,3,1-4,f
tennessee,wartburg,Wartburg,3,1-4,f
texas,arlington,Arlington,3,1-4,f
texas,big-spring,Big Spring,3,1-4,f
texas,brownsville,Brownsville,3,1-4,f
texas,dickinson,Dickinson,3,1-4,f
texas,eagle-pass,Eagle Pass,3,1-4,f
texas,galveston,Galveston,3,1-4,f
texas,harlingen,Harlingen,3,1-4,f
texas,katy,Katy,3,1-4,f
texas,kerrville,Kerrville,3,1-4,f
texas,killeen,Killeen,3,1-4,t
texas,plainview,Plainview,3,1-4,f
texas,san-angelo,San Angelo,3,1-4,f
texas,spring,Spring,3,1-4,f
texas,victoria,Victoria,3,1-4,f
utah,clearfield,Clearfield,3,1-4,f
utah,delta,Delta,3,1-4,f
utah,mapleton,Mapleton,3,1-4,f
utah,payson,Payson,3,1-4,f
utah,richfield,Richfield,3,1-4,f
utah,springville,Springville,3,1-4,f
utah,syracuse,Syracuse,3,1-4,f
vermont,barre,Barre,3,1-4,f
vermont,bradford,Bradford,3,1-4,f
vermont,morrisville,Morrisville,3,1-4,f
vermont,springfield,Springfield,3,1-4,f
virginia,annandale,Annandale,3,1-4,f
virginia,bristol,Bristol,3,1-4,f
virginia,chantilly,Chantilly,3,1-4,f
virginia,fairfax-station,Fairfax Station,3,1-4,f
virginia,franklin,Franklin,3,1-4,f
virginia,gloucester,Gloucester,3,1-4,f
virginia,harrisonburg,Harrisonburg,3,1-4,f
virginia,mclean,McLean,3,1-4,t
virginia,pennington-gap,Pennington Gap,3,1-4,f
virginia,portsmouth,Portsmouth,3,1-4,f
virginia,woodstock,Woodstock,3,1-4,f
washington,arlington,Arlington,3,1-4,f
washington,federal-way,Federal Way,3,1-4,f
washington,kelso,Kelso,3,1-4,f
washington,kennewick,Kennewick,3,1-4,f
washington,marysville,Marysville,3,1-4,f
washington,pasco,Pasco,3,1-4,f
washington,port-orchard,Port Orchard,3,1-4,f
washington,raymond,Raymond,3,1-4,f
washington,renton,Renton,3,1-4,f
washington,richland,Richland,3,1-4,f
washington,sunnyside,Sunnyside,3,1-4,f
washington,yelm,Yelm,3,1-4,f
west-virginia,barboursville,Barboursville,3,1-4,f
west-virginia,new-martinsville,New Martinsville,3,1-4,f
wisconsin,ashland,Ashland,3,1-4,f
wisconsin,beloit,Beloit,3,1-4,f
wisconsin,chippewa-falls,Chippewa Falls,3,1-4,f
wisconsin,de-pere,De Pere,3,1-4,f
wisconsin,manitowoc,Manitowoc,3,1-4,f
wisconsin,mequon,Mequon,3,1-4,f
wisconsin,new-berlin,New Berlin,3,1-4,f
wisconsin,new-richmond,New Richmond,3,1-4,f
wisconsin,oconomowoc,Oconomowoc,3,1-4,f
wisconsin,rhinelander,Rhinelander,3,1-4,f
wisconsin,rice-lake,Rice Lake,3,1-4,f
wisconsin,shawano,Shawano,3,1-4,f
wisconsin,stevens-point,Stevens Point,3,1-4,f
wisconsin,watertown,Watertown,3,1-4,f
wyoming,cody,Cody,3,1-4,f
wyoming,gillette,Gillette,3,1-4,f
wyoming,rock-springs,Rock Springs,3,1-4,f
wyoming,sheridan,Sheridan,3,1-4,f
alabama,abbeville,Abbeville,2,1-4,f
alabama,alexander-city,Alexander City,2,1-4,f
alabama,andalusia,Andalusia,2,1-4,f
alabama,athens,Athens,2,1-4,f
alabama,attalla,Attalla,2,1-4,f
alabama,centre,Centre,2,1-4,f
alabama,clanton,Clanton,2,1-4,f
alabama,fayette,Fayette,2,1-4,f
alabama,madison,Madison,2,1-4,f
alabama,oxford,Oxford,2,1-4,f
alabama,ozark,Ozark,2,1-4,f
alabama,scottsboro,Scottsboro,2,1-4,f
alabama,sheffield,Sheffield,2,1-4,f
alabama,winfield,Winfield,2,1-4,f
alaska,eagle-river,Eagle River,2,1-4,f
alaska,kenai,Kenai,2,1-4,f
alaska,ketchikan,Ketchikan,2,1-4,f
alaska,kodiak,Kodiak,2,1-4,f
alaska,wrangell,Wrangell,2,1-4,f
arizona,bisbee,Bisbee,2,1-4,f
arizona,globe,Globe,2,1-4,f
arizona,goodyear,Goodyear,2,1-4,f
arizona,green-valley,Green Valley,2,1-4,f
arizona,lakeside,Lakeside,2,1-4,f
arizona,page,Page,2,1-4,f
arizona,parker,Parker,2,1-4,f
arizona,san-tan-valley,San Tan Valley,2,1-4,f
arizona,springerville,Springerville,2,1-4,f
arizona,vernon,Vernon,2,1-4,f
arizona,winslow,Winslow,2,1-4,f
arkansas,berryville,Berryville,2,1-4,f
arkansas,blytheville,Blytheville,2,1-4,f
arkansas,booneville,Booneville,2,1-4,f
arkansas,camden,Camden,2,1-4,f
arkansas,cherokee-village,Cherokee Village,2,1-4,f
arkansas,el-dorado,El Dorado,2,1-4,f
arkansas,hardy,Hardy,2,1-4,f
arkansas,heber-springs,Heber Springs,2,1-4,f
arkansas,hope,Hope,2,1-4,f
arkansas,mena,Mena,2,1-4,f
arkansas,morrilton,Morrilton,2,1-4,f
arkansas,mountain-view,Mountain View,2,1-4,f
arkansas,ozark,Ozark,2,1-4,f
arkansas,pocahontas,Pocahontas,2,1-4,f
arkansas,sheridan,Sheridan,2,1-4,f
arkansas,siloam-springs,Siloam Springs,2,1-4,f
arkansas,trumann,Trumann,2,1-4,f
arkansas,warren,Warren,2,1-4,f
arkansas,wynne,Wynne,2,1-4,f
california,alpine,Alpine,2,1-4,f
california,auburn,Auburn,2,1-4,f
california,baldwin-park,Baldwin Park,2,1-4,f
california,bangor,Bangor,2,1-4,f
california,banning,Banning,2,1-4,f
california,bell-gardens,Bell Gardens,2,1-4,f
california,bishop,Bishop,2,1-4,f
california,blythe,Blythe,2,1-4,f
california,brentwood,Brentwood,2,1-4,f
california,calistoga,Calistoga,2,1-4,f
california,carson,Carson,2,1-4,f
california,cathedral-city,Cathedral City,2,1-4,f
california,ceres,Ceres,2,1-4,f
california,chatsworth,Chatsworth,2,1-4,f
california,clearlake,Clearlake,2,1-4,f
california,colton,Colton,2,1-4,f
california,compton,Compton,2,1-4,f
california,corcoran,Corcoran,2,1-4,f
california,culver-city,Culver City,2,1-4,f
california,encinitas,Encinitas,2,1-4,f
california,fallbrook,Fallbrook,2,1-4,f
california,folsom,Folsom,2,1-4,f
california,glendale,Glendale,2,1-4,f
california,harbor-city,Harbor City,2,1-4,f
california,hesperia,Hesperia,2,1-4,f
california,la-puente,La Puente,2,1-4,f
california,laguna-niguel,Laguna Niguel,2,1-4,f
california,lakewood,Lakewood,2,1-4,f
california,los-alamitos,Los Alamitos,2,1-4,f
california,los-molinos,Los Molinos,2,1-4,f
california,lucerne,Lucerne,2,1-4,f
california,marina-del-rey,Marina del Rey,2,1-4,f
california,moorpark,Moorpark,2,1-4,f
california,murrieta,Murrieta,2,1-4,f
california,napa,Napa,2,1-4,f
california,newhall,Newhall,2,1-4,f
california,norwalk,Norwalk,2,1-4,f
california,novato,Novato,2,1-4,f
california,ontario,Ontario,2,1-4,f
california,pacoima,Pacoima,2,1-4,f
california,palm-desert,Palm Desert,2,1-4,f
california,pico-rivera,Pico Rivera,2,1-4,f
california,rancho-mirage,Rancho Mirage,2,1-4,f
california,rancho-santa-fe,Rancho Santa Fe,2,1-4,f
california,richmond,Richmond,2,1-4,f
california,san-leandro,San Leandro,2,1-4,f
california,san-ysidro,San Ysidro,2,1-4,f
california,santa-clarita,Santa Clarita,2,1-4,f
california,santa-cruz,Santa Cruz,2,1-4,f
california,santa-paula,Santa Paula,2,1-4,f
california,scotts-valley,Scotts Valley,2,1-4,f
california,sebastopol,Sebastopol,2,1-4,f
california,sherman-oaks,Sherman Oaks,2,1-4,f
california,sonora,Sonora,2,1-4,f
california,south-el-monte,South El Monte,2,1-4,f
california,south-san-francisco,South San Francisco,2,1-4,f
california,tuolumne,Tuolumne,2,1-4,f
california,willits,Willits,2,1-4,f
california,willows,Willows,2,1-4,f
california,woodland,Woodland,2,1-4,f
california,yreka,Yreka,2,1-4,f
colorado,durango,Durango,2,1-4,f
colorado,edwards,Edwards,2,1-4,t
colorado,evergreen,Evergreen,2,1-4,f
colorado,fort-morgan,Fort Morgan,2,1-4,f
colorado,lamar,Lamar,2,1-4,f
colorado,las-animas,Las Animas,2,1-4,f
colorado,monte-vista,Monte Vista,2,1-4,f
colorado,monument,Monument,2,1-4,t
colorado,steamboat-springs,Steamboat Springs,2,1-4,f
colorado,sterling,Sterling,2,1-4,f
colorado,walsenburg,Walsenburg,2,1-4,f
connecticut,ansonia,Ansonia,2,1-4,f
connecticut,bethlehem,Bethlehem,2,1-4,t
connecticut,bristol,Bristol,2,1-4,f
connecticut,canaan,Canaan,2,1-4,f
connecticut,danielson,Danielson,2,1-4,f
connecticut,darien,Darien,2,1-4,f
connecticut,dayville,Dayville,2,1-4,f
connecticut,derby,Derby,2,1-4,f
connecticut,enfield,Enfield,2,1-4,f
connecticut,fairfield,Fairfield,2,1-4,t
connecticut,farmington,Farmington,2,1-4,f
connecticut,hamden,Hamden,2,1-4,f
connecticut,madison,Madison,2,1-4,f
connecticut,meriden,Meriden,2,1-4,f
connecticut,stratford,Stratford,2,1-4,f
connecticut,wallingford,Wallingford,2,1-4,f
connecticut,winsted,Winsted,2,1-4,f
delaware,middletown,Middletown,2,1-4,f
delaware,millsboro,Millsboro,2,1-4,f
florida,clermont,Clermont,2,1-4,f
florida,crawfordville,Crawfordville,2,1-4,f
florida,debary,Debary,2,1-4,f
florida,fort-pierce,Fort Pierce,2,1-4,f
florida,hernando,Hernando,2,1-4,f
florida,jupiter,Jupiter,2,1-4,f
florida,lake-city,Lake City,2,1-4,f
florida,lutz,Lutz,2,1-4,f
florida,marianna,Marianna,2,1-4,f
florida,north-port,North Port,2,1-4,f
florida,okeechobee,Okeechobee,2,1-4,f
florida,pinellas-park,Pinellas Park,2,1-4,f
florida,ponte-vedra-beach,Ponte Vedra Beach,2,1-4,f
florida,port-orange,Port Orange,2,1-4,f
florida,rockledge,Rockledge,2,1-4,f
georgia,americus,Americus,2,1-4,f
georgia,austell,Austell,2,1-4,f
georgia,bainbridge,Bainbridge,2,1-4,f
georgia,barnesville,Barnesville,2,1-4,f
georgia,baxley,Baxley,2,1-4,f
georgia,blairsville,Blairsville,2,1-4,f
georgia,cairo,Cairo,2,1-4,f
georgia,cedartown,Cedartown,2,1-4,f
georgia,douglasville,Douglasville,2,1-4,f
georgia,duluth,Duluth,2,1-4,f
georgia,fort-oglethorpe,Fort Oglethorpe,2,1-4,f
georgia,jefferson,Jefferson,2,1-4,f
georgia,kennesaw,Kennesaw,2,1-4,f
georgia,lagrange,Lagrange,2,1-4,f
georgia,mcdonough,McDonough,2,1-4,f
georgia,monroe,Monroe,2,1-4,f
georgia,moultrie,Moultrie,2,1-4,f
georgia,ringgold,Ringgold,2,1-4,f
georgia,riverdale,Riverdale,2,1-4,f
georgia,snellville,Snellville,2,1-4,f
georgia,thomaston,Thomaston,2,1-4,f
georgia,tifton,Tifton,2,1-4,f
georgia,tucker,Tucker,2,1-4,f
georgia,villa-rica,Villa Rica,2,1-4,f
hawaii,aiea,Aiea,2,1-4,f
hawaii,kealakekua,Kealakekua,2,1-4,f
hawaii,waimea,Waimea,2,1-4,f
idaho,challis,Challis,2,1-4,f
idaho,garden-city,Garden City,2,1-4,f
idaho,mountain-home,Mountain Home,2,1-4,f
idaho,post-falls,Post Falls,2,1-4,f
idaho,rigby,Rigby,2,1-4,f
illinois,anna,Anna,2,1-4,f
illinois,beardstown,Beardstown,2,1-4,f
illinois,bellwood,Bellwood,2,1-4,f
illinois,calumet-city,Calumet City,2,1-4,f
illinois,carlinville,Carlinville,2,1-4,f
illinois,carmi,Carmi,2,1-4,f
illinois,carthage,Carthage,2,1-4,f
illinois,deerfield,Deerfield,2,1-4,f
illinois,dekalb,DeKalb,2,1-4,f
illinois,east-peoria,East Peoria,2,1-4,f
illinois,east-saint-louis,East Saint Louis,2,1-4,f
illinois,effingham,Effingham,2,1-4,f
illinois,elk-grove-village,Elk Grove Village,2,1-4,f
illinois,fairfield,Fairfield,2,1-4,f
illinois,flossmoor,Flossmoor,2,1-4,f
illinois,freeport,Freeport,2,1-4,f
illinois,hanover-park,Hanover Park,2,1-4,f
illinois,hines,Hines,2,1-4,f
illinois,lansing,Lansing,2,1-4,f
illinois,macomb,Macomb,2,1-4,f
illinois,matteson,Matteson,2,1-4,f
illinois,milan,Milan,2,1-4,f
illinois,monmouth,Monmouth,2,1-4,f
illinois,normal,Normal,2,1-4,f
illinois,north-aurora,North Aurora,2,1-4,f
illinois,oak-brook,Oak Brook,2,1-4,f
illinois,oregon,Oregon,2,1-4,f
illinois,ottawa,Ottawa,2,1-4,f
illinois,plainfield,Plainfield,2,1-4,f
illinois,rochelle,Rochelle,2,1-4,f
illinois,round-lake,Round Lake,2,1-4,f
illinois,salem,Salem,2,1-4,f
illinois,shawneetown,Shawneetown,2,1-4,f
illinois,shelbyville,Shelbyville,2,1-4,f
illinois,sterling,Sterling,2,1-4,f
illinois,taylorville,Taylorville,2,1-4,f
illinois,tinley-park,Tinley Park,2,1-4,f
illinois,vandalia,Vandalia,2,1-4,f
illinois,vernon-hills,Vernon Hills,2,1-4,f
illinois,wheeling,Wheeling,2,1-4,f
illinois,winfield,Winfield,2,1-4,f
illinois,woodridge,Woodridge,2,1-4,f
illinois,yorkville,Yorkville,2,1-4,f
indiana,albion,Albion,2,1-4,f
indiana,angola,Angola,2,1-4,f
indiana,avon,Avon,2,1-4,f
indiana,boonville,Boonville,2,1-4,f
indiana,brookville,Brookville,2,1-4,f
indiana,brownsburg,Brownsburg,2,1-4,f
indiana,carmel,Carmel,2,1-4,f
indiana,clinton,Clinton,2,1-4,f
indiana,connersville,Connersville,2,1-4,f
indiana,decatur,Decatur,2,1-4,f
indiana,east-chicago,East Chicago,2,1-4,f
indiana,elkhart,Elkhart,2,1-4,f
indiana,greenfield,Greenfield,2,1-4,f
indiana,greensburg,Greensburg,2,1-4,f
indiana,highland,Highland,2,1-4,f
indiana,hobart,Hobart,2,1-4,f
indiana,lebanon,Lebanon,2,1-4,f
indiana,linton,Linton,2,1-4,f
indiana,monticello,Monticello,2,1-4,f
indiana,mooresville,Mooresville,2,1-4,f
indiana,munster,Munster,2,1-4,f
indiana,nashville,Nashville,2,1-4,f
indiana,noblesville,Noblesville,2,1-4,f
indiana,north-vernon,North Vernon,2,1-4,f
indiana,peru,Peru,2,1-4,f
indiana,portage,Portage,2,1-4,f
indiana,rockport,Rockport,2,1-4,f
indiana,scottsburg,Scottsburg,2,1-4,f
indiana,spencer,Spencer,2,1-4,f
indiana,sullivan,Sullivan,2,1-4,f
indiana,tipton,Tipton,2,1-4,f
indiana,winchester,Winchester,2,1-4,f
iowa,albia,Albia,2,1-4,f
iowa,anamosa,Anamosa,2,1-4,f
iowa,atlantic,Atlantic,2,1-4,f
iowa,bettendorf,Bettendorf,2,1-4,f
iowa,centerville,Centerville,2,1-4,f
iowa,clarinda,Clarinda,2,1-4,f
iowa,corydon,Corydon,2,1-4,f
iowa,decorah,Decorah,2,1-4,f
iowa,elkader,Elkader,2,1-4,f
iowa,fairfield,Fairfield,2,1-4,f
iowa,jefferson,Jefferson,2,1-4,f
iowa,keokuk,Keokuk,2,1-4,f
iowa,knoxville,Knoxville,2,1-4,f
iowa,le-mars,Le Mars,2,1-4,f
iowa,manchester,Manchester,2,1-4,f
iowa,osceola,Osceola,2,1-4,f
iowa,perry,Perry,2,1-4,f
iowa,red-oak,Red Oak,2,1-4,f
iowa,shenandoah,Shenandoah,2,1-4,f
iowa,sigourney,Sigourney,2,1-4,f
iowa,vinton,Vinton,2,1-4,f
iowa,waverly,Waverly,2,1-4,f
kansas,anthony,Anthony,2,1-4,f
kansas,chanute,Chanute,2,1-4,f
kansas,columbus,Columbus,2,1-4,f
kansas,concordia,Concordia,2,1-4,f
kansas,dodge-city,Dodge City,2,1-4,f
kansas,emporia,Emporia,2,1-4,f
kansas,fort-scott,Fort Scott,2,1-4,f
kansas,garden-city,Garden City,2,1-4,f
kansas,great-bend,Great Bend,2,1-4,f
kansas,hays,Hays,2,1-4,f
kansas,larned,Larned,2,1-4,f
kansas,leavenworth,Leavenworth,2,1-4,f
kansas,leawood,Leawood,2,1-4,f
kansas,mcpherson,McPherson,2,1-4,f
kansas,medicine-lodge,Medicine Lodge,2,1-4,f
kansas,osawatomie,Osawatomie,2,1-4,f
kansas,pittsburg,Pittsburg,2,1-4,f
kansas,winfield,Winfield,2,1-4,f
kentucky,albany,Albany,2,1-4,f
kentucky,clarkson,Clarkson,2,1-4,f
kentucky,cynthiana,Cynthiana,2,1-4,f
kentucky,erlanger,Erlanger,2,1-4,f
kentucky,flemingsburg,Flemingsburg,2,1-4,f
kentucky,franklin,Franklin,2,1-4,f
kentucky,greenville,Greenville,2,1-4,f
kentucky,hardinsburg,Hardinsburg,2,1-4,f
kentucky,inez,Inez,2,1-4,f
kentucky,lawrenceburg,Lawrenceburg,2,1-4,f
kentucky,leitchfield,Leitchfield,2,1-4,f
kentucky,manchester,Manchester,2,1-4,f
kentucky,middlesboro,Middlesboro,2,1-4,f
kentucky,morgantown,Morgantown,2,1-4,f
kentucky,mount-washington,Mount Washington,2,1-4,f
kentucky,owingsville,Owingsville,2,1-4,f
kentucky,pineville,Pineville,2,1-4,f
kentucky,scuddy,Scuddy,2,1-4,f
kentucky,shelbyville,Shelbyville,2,1-4,f
kentucky,stanton,Stanton,2,1-4,f
kentucky,versailles,Versailles,2,1-4,f
kentucky,west-liberty,West Liberty,2,1-4,f
kentucky,williamstown,Williamstown,2,1-4,f
kentucky,willisburg,Willisburg,2,1-4,f
louisiana,abbeville,Abbeville,2,1-4,f
louisiana,crowley,Crowley,2,1-4,f
louisiana,denham-springs,Denham Springs,2,1-4,f
louisiana,farmerville,Farmerville,2,1-4,f
louisiana,hammond,Hammond,2,1-4,f
louisiana,jena,Jena,2,1-4,f
louisiana,la-place,,2,1-4,f
louisiana,laplace,Laplace,2,1-4,f
louisiana,leesville,Leesville,2,1-4,f
louisiana,mamou,Mamou,2,1-4,f
louisiana,marksville,Marksville,2,1-4,f
louisiana,minden,Minden,2,1-4,f
louisiana,new-roads,New Roads,2,1-4,f
louisiana,oak-grove,Oak Grove,2,1-4,f
louisiana,raceland,Raceland,2,1-4,f
louisiana,rayville,Rayville,2,1-4,f
louisiana,west-monroe,West Monroe,2,1-4,f
louisiana,winnsboro,Winnsboro,2,1-4,f
maine,alfred,Alfred,2,1-4,f
maine,belfast,Belfast,2,1-4,f
maine,brewer,Brewer,2,1-4,f
maine,bridgton,Bridgton,2,1-4,f
maine,dover-foxcroft,Dover Foxcroft,2,1-4,f
maine,fort-kent,Fort Kent,2,1-4,f
maine,gorham,Gorham,2,1-4,f
maine,livermore-falls,Livermore Falls,2,1-4,f
maine,madawaska,Madawaska,2,1-4,f
maine,manchester,Manchester,2,1-4,f
maine,millinocket,Millinocket,2,1-4,f
maine,old-orchard-beach,Old Orchard Beach,2,1-4,f
maine,rockland,Rockland,2,1-4,f
maine,saco,Saco,2,1-4,f
maine,scarborough,Scarborough,2,1-4,f
maine,springvale,Springvale,2,1-4,f
maine,windham,Windham,2,1-4,f
maine,york,York,2,1-4,f
maryland,abingdon,Abingdon,2,1-4,f
maryland,california,California,2,1-4,f
maryland,denton,Denton,2,1-4,f
maryland,elkridge,Elkridge,2,1-4,f
maryland,fort-washington,Fort Washington,2,1-4,f
maryland,greenbelt,Greenbelt,2,1-4,f
maryland,ocean-city,Ocean City,2,1-4,f
maryland,olney,Olney,2,1-4,f
maryland,oxon-hill,Oxon Hill,2,1-4,f
maryland,snow-hill,Snow Hill,2,1-4,f
maryland,suitland,Suitland,2,1-4,f
maryland,white-plains,White Plains,2,1-4,f
massachusetts,allston,Allston,2,1-4,f
massachusetts,amesbury,Amesbury,2,1-4,f
massachusetts,athol,Athol,2,1-4,f
massachusetts,bedford,Bedford,2,1-4,f
massachusetts,beverly,Beverly,2,1-4,f
massachusetts,brighton,Brighton,2,1-4,f
massachusetts,brookline,Brookline,2,1-4,f
massachusetts,canton,Canton,2,1-4,t
massachusetts,charlestown,Charlestown,2,1-4,f
massachusetts,chestnut-hill,Chestnut Hill,2,1-4,f
massachusetts,chicopee,Chicopee,2,1-4,f
massachusetts,cohasset,Cohasset,2,1-4,f
massachusetts,concord,Concord,2,1-4,f
massachusetts,dedham,Dedham,2,1-4,f
massachusetts,dorchester-center,Dorchester Center,2,1-4,f
massachusetts,easthampton,Easthampton,2,1-4,f
massachusetts,marlborough,Marlborough,2,1-4,f
massachusetts,milford,Milford,2,1-4,f
massachusetts,norton,Norton,2,1-4,f
massachusetts,norwell,Norwell,2,1-4,f
massachusetts,salem,Salem,2,1-4,f
massachusetts,stoughton,Stoughton,2,1-4,f
massachusetts,wakefield,Wakefield,2,1-4,f
massachusetts,westfield,Westfield,2,1-4,f
massachusetts,weymouth,Weymouth,2,1-4,f
michigan,allegan,Allegan,2,1-4,f
michigan,auburn-hills,Auburn Hills,2,1-4,f
michigan,augusta,Augusta,2,1-4,t
michigan,belding,Belding,2,1-4,f
michigan,calumet,Calumet,2,1-4,f
michigan,cassopolis,Cassopolis,2,1-4,f
michigan,charlevoix,Charlevoix,2,1-4,f
michigan,charlotte,Charlotte,2,1-4,f
michigan,clarkston,Clarkston,2,1-4,f
michigan,coldwater,Coldwater,2,1-4,f
michigan,east-lansing,East Lansing,2,1-4,f
michigan,farmington,Farmington,2,1-4,f
michigan,fenton,Fenton,2,1-4,t
michigan,gladwin,Gladwin,2,1-4,f
michigan,grandville,Grandville,2,1-4,f
michigan,greenville,Greenville,2,1-4,f
michigan,hamtramck,Hamtramck,2,1-4,f
michigan,hastings,Hastings,2,1-4,f
michigan,highland,Highland,2,1-4,f
michigan,jonesville,Jonesville,2,1-4,f
michigan,lincoln-park,Lincoln Park,2,1-4,f
michigan,ludington,Ludington,2,1-4,f
michigan,madison-heights,Madison Heights,2,1-4,f
michigan,manistique,Manistique,2,1-4,f
michigan,menominee,Menominee,2,1-4,f
michigan,mio,Mio,2,1-4,f
michigan,negaunee,Negaunee,2,1-4,f
michigan,niles,Niles,2,1-4,f
michigan,novi,Novi,2,1-4,f
michigan,oscoda,Oscoda,2,1-4,f
michigan,owosso,Owosso,2,1-4,f
michigan,portage,Portage,2,1-4,f
michigan,richmond,Richmond,2,1-4,f
michigan,rochester,Rochester,2,1-4,f
michigan,roseville,Roseville,2,1-4,f
michigan,sandusky,Sandusky,2,1-4,f
michigan,spring-lake,Spring Lake,2,1-4,f
michigan,standish,Standish,2,1-4,f
michigan,sterling-heights,Sterling Heights,2,1-4,f
michigan,tawas-city,Tawas City,2,1-4,f
michigan,west-bloomfield,West Bloomfield,2,1-4,f
michigan,west-branch,West Branch,2,1-4,f
minnesota,aitkin,Aitkin,2,1-4,f
minnesota,big-lake,Big Lake,2,1-4,f
minnesota,cambridge,Cambridge,2,1-4,f
minnesota,cottage-grove,Cottage Grove,2,1-4,f
minnesota,crookston,Crookston,2,1-4,f
minnesota,edina,Edina,2,1-4,f
minnesota,elk-river,Elk River,2,1-4,f
minnesota,fairmont,Fairmont,2,1-4,f
minnesota,litchfield,Litchfield,2,1-4,f
minnesota,little-falls,Little Falls,2,1-4,f
minnesota,long-prairie,Long Prairie,2,1-4,f
minnesota,montevideo,Montevideo,2,1-4,f
minnesota,montgomery,Montgomery,2,1-4,f
minnesota,new-ulm,New Ulm,2,1-4,f
minnesota,northfield,Northfield,2,1-4,f
minnesota,osseo,Osseo,2,1-4,f
minnesota,pine-city,Pine City,2,1-4,f
minnesota,sartell,Sartell,2,1-4,f
minnesota,south-saint-paul,South Saint Paul,2,1-4,f
minnesota,waconia,Waconia,2,1-4,f
minnesota,waite-park,Waite Park,2,1-4,f
minnesota,waverly,Waverly,2,1-4,f
minnesota,worthington,Worthington,2,1-4,f
mississippi,brookhaven,Brookhaven,2,1-4,f
mississippi,greenwood,Greenwood,2,1-4,f
mississippi,hazlehurst,Hazlehurst,2,1-4,f
mississippi,hernando,Hernando,2,1-4,f
mississippi,laurel,Laurel,2,1-4,f
mississippi,liberty,Liberty,2,1-4,f
mississippi,mccomb,McComb,2,1-4,f
mississippi,mendenhall,Mendenhall,2,1-4,f
mississippi,raleigh,Raleigh,2,1-4,f
mississippi,richton,Richton,2,1-4,f
mississippi,senatobia,Senatobia,2,1-4,f
mississippi,starkville,Starkville,2,1-4,f
mississippi,summit,Summit,2,1-4,f
mississippi,west-point,West Point,2,1-4,f
missouri,aurora,Aurora,2,1-4,f
missouri,camdenton,Camdenton,2,1-4,f
missouri,carthage,Carthage,2,1-4,f
missouri,clinton,Clinton,2,1-4,f
missouri,cuba,Cuba,2,1-4,f
missouri,el-dorado-springs,El Dorado Springs,2,1-4,f
missouri,festus,Festus,2,1-4,f
missouri,florissant,Florissant,2,1-4,f
missouri,hayti,Hayti,2,1-4,f
missouri,high-ridge,High Ridge,2,1-4,f
missouri,kirksville,Kirksville,2,1-4,f
missouri,liberty,Liberty,2,1-4,f
missouri,macon,Macon,2,1-4,f
missouri,marshall,Marshall,2,1-4,f
missouri,maryville,Maryville,2,1-4,f
missouri,moberly,Moberly,2,1-4,f
missouri,monett,Monett,2,1-4,f
missouri,osage-beach,Osage Beach,2,1-4,f
missouri,owensville,Owensville,2,1-4,f
missouri,perryville,Perryville,2,1-4,f
missouri,piedmont,Piedmont,2,1-4,f
missouri,raymore,Raymore,2,1-4,f
missouri,reeds-spring,Reeds Spring,2,1-4,f
missouri,salem,Salem,2,1-4,f
missouri,sedalia,Sedalia,2,1-4,f
missouri,sikeston,Sikeston,2,1-4,f
missouri,sullivan,Sullivan,2,1-4,f
missouri,trenton,Trenton,2,1-4,f
missouri,troy,Troy,2,1-4,f
montana,bozeman,Bozeman,2,1-4,t
montana,colstrip,Colstrip,2,1-4,f
montana,dillon,Dillon,2,1-4,f
montana,lewistown,Lewistown,2,1-4,f
montana,miles-city,Miles City,2,1-4,f
montana,sidney,Sidney,2,1-4,f
montana,wolf-point,Wolf Point,2,1-4,f
nebraska,alliance,Alliance,2,1-4,f
nebraska,beatrice,Beatrice,2,1-4,f
nebraska,bellevue,Bellevue,2,1-4,f
nebraska,falls-city,Falls City,2,1-4,f
nebraska,kearney,Kearney,2,1-4,f
nebraska,o-neill,O'Neill,2,1-4,f
nebraska,papillion,Papillion,2,1-4,f
nebraska,wahoo,Wahoo,2,1-4,f
nebraska,west-point,West Point,2,1-4,f
nevada,fernley,Fernley,2,1-4,f
nevada,gardnerville,Gardnerville,2,1-4,f
nevada,minden,Minden,2,1-4,f
nevada,silver-springs,Silver Springs,2,1-4,f
nevada,tonopah,Tonopah,2,1-4,f
nevada,winnemucca,Winnemucca,2,1-4,f
new-hampshire,berlin,Berlin,2,1-4,f
new-hampshire,claremont,Claremont,2,1-4,f
new-hampshire,derry,Derry,2,1-4,f
new-hampshire,dover,Dover,2,1-4,f
new-hampshire,franklin,Franklin,2,1-4,f
new-hampshire,littleton,Littleton,2,1-4,f
new-hampshire,londonderry,Londonderry,2,1-4,f
new-hampshire,newport,Newport,2,1-4,f
new-hampshire,somersworth,Somersworth,2,1-4,f
new-jersey,atlantic-city,Atlantic City,2,1-4,f
new-jersey,bayonne,Bayonne,2,1-4,f
new-jersey,belleville,Belleville,2,1-4,f
new-jersey,berlin,Berlin,2,1-4,f
new-jersey,blairstown,Blairstown,2,1-4,f
new-jersey,bloomfield,Bloomfield,2,1-4,f
new-jersey,burlington,Burlington,2,1-4,f
new-jersey,caldwell,Caldwell,2,1-4,f
new-jersey,clayton,Clayton,2,1-4,f
new-jersey,englishtown,Englishtown,2,1-4,f
new-jersey,hackettstown,Hackettstown,2,1-4,f
new-jersey,hillsborough,Hillsborough,2,1-4,f
new-jersey,holmdel,Holmdel,2,1-4,f
new-jersey,livingston,Livingston,2,1-4,f
new-jersey,lumberton,Lumberton,2,1-4,f
new-jersey,mahwah,Mahwah,2,1-4,f
new-jersey,marlboro,Marlboro,2,1-4,f
new-jersey,marlton,Marlton,2,1-4,f
new-jersey,medford,Medford,2,1-4,f
new-jersey,middlesex,Middlesex,2,1-4,f
new-jersey,moorestown,Moorestown,2,1-4,f
new-jersey,orange,Orange,2,1-4,f
new-jersey,phillipsburg,Phillipsburg,2,1-4,f
new-jersey,piscataway,Piscataway,2,1-4,f
new-jersey,plainfield,Plainfield,2,1-4,f
new-jersey,pompton-plains,Pompton Plains,2,1-4,f
new-jersey,ridgewood,Ridgewood,2,1-4,f
new-jersey,rio-grande,Rio Grande,2,1-4,f
new-jersey,riverton,Riverton,2,1-4,f
new-jersey,rochelle-park,Rochelle Park,2,1-4,f
new-jersey,rockaway,Rockaway,2,1-4,f
new-jersey,shrewsbury,Shrewsbury,2,1-4,f
new-jersey,somerville,Somerville,2,1-4,f
new-jersey,springfield,Springfield,2,1-4,f
new-jersey,succasunna,Succasunna,2,1-4,f
new-jersey,williamstown,Williamstown,2,1-4,f
new-mexico,clovis,Clovis,2,1-4,f
new-mexico,crownpoint,Crownpoint,2,1-4,f
new-mexico,cuba,Cuba,2,1-4,f
new-mexico,deming,Deming,2,1-4,f
new-mexico,lordsburg,Lordsburg,2,1-4,f
new-mexico,socorro,Socorro,2,1-4,f
new-york,albion,Albion,2,1-4,f
new-york,beacon,Beacon,2,1-4,f
new-york,briarcliff-manor,Briarcliff Manor,2,1-4,f
new-york,canandaigua,Canandaigua,2,1-4,f
new-york,carmel,Carmel,2,1-4,f
new-york,clifton-springs,Clifton Springs,2,1-4,f
new-york,copiague,Copiague,2,1-4,f
new-york,derby,Derby,2,1-4,f
new-york,east-meadow,East Meadow,2,1-4,f
new-york,farmingville,Farmingville,2,1-4,f
new-york,forest-hills,Forest Hills,2,1-4,f
new-york,freeport,Freeport,2,1-4,f
new-york,geneva,Geneva,2,1-4,f
new-york,glen-cove,Glen Cove,2,1-4,f
new-york,glens-falls,Glens Falls,2,1-4,f
new-york,hamburg,Hamburg,2,1-4,f
new-york,hampton-bays,Hampton Bays,2,1-4,f
new-york,hauppauge,Hauppauge,2,1-4,f
new-york,herkimer,Herkimer,2,1-4,f
new-york,highland-mills,Highland Mills,2,1-4,f
new-york,hudson-falls,Hudson Falls,2,1-4,f
new-york,hyde-park,Hyde Park,2,1-4,f
new-york,long-beach,Long Beach,2,1-4,f
new-york,long-island-city,Long Island City,2,1-4,f
new-york,malone,Malone,2,1-4,f
new-york,massena,Massena,2,1-4,f
new-york,medford,Medford,2,1-4,f
new-york,mineola,Mineola,2,1-4,f
new-york,new-city,New City,2,1-4,f
new-york,newark,Newark,2,1-4,f
new-york,orangeburg,Orangeburg,2,1-4,f
new-york,oswego,Oswego,2,1-4,f
new-york,philadelphia,Philadelphia,2,1-4,f
new-york,port-jefferson,Port Jefferson,2,1-4,f
new-york,potsdam,Potsdam,2,1-4,f
new-york,salamanca,Salamanca,2,1-4,f
new-york,shirley,Shirley,2,1-4,f
new-york,south-ozone-park,South Ozone Park,2,1-4,f
new-york,spring-valley,Spring Valley,2,1-4,f
new-york,valley-cottage,Valley Cottage,2,1-4,f
new-york,valley-stream,Valley Stream,2,1-4,f
new-york,warsaw,Warsaw,2,1-4,f
new-york,watkins-glen,Watkins Glen,2,1-4,f
new-york,west-hempstead,West Hempstead,2,1-4,f
new-york,weston-mills,Weston Mills,2,1-4,f
north-carolina,albemarle,Albemarle,2,1-4,f
north-carolina,bailey,Bailey,2,1-4,f
north-carolina,dobson,Dobson,2,1-4,f
north-carolina,kernersville,Kernersville,2,1-4,f
north-carolina,maxton,Maxton,2,1-4,f
north-carolina,mill-spring,Mill Spring,2,1-4,f
north-carolina,mocksville,Mocksville,2,1-4,f
north-carolina,mount-airy,Mount Airy,2,1-4,f
north-carolina,newland,Newland,2,1-4,f
north-carolina,pembroke,Pembroke,2,1-4,f
north-carolina,raeford,Raeford,2,1-4,f
north-carolina,red-springs,Red Springs,2,1-4,f
north-carolina,rocky-point,Rocky Point,2,1-4,f
north-carolina,roxboro,Roxboro,2,1-4,f
north-carolina,rutherfordton,Rutherfordton,2,1-4,f
north-carolina,sanford,Sanford,2,1-4,f
north-carolina,siler-city,Siler City,2,1-4,f
north-carolina,taylorsville,Taylorsville,2,1-4,f
north-carolina,wadesboro,Wadesboro,2,1-4,f
north-carolina,wake-forest,Wake Forest,2,1-4,f
north-carolina,whiteville,Whiteville,2,1-4,f
north-carolina,williamston,Williamston,2,1-4,f
north-carolina,windsor,Windsor,2,1-4,f
north-carolina,yadkinville,Yadkinville,2,1-4,f
north-carolina,zebulon,Zebulon,2,1-4,f
north-dakota,dickinson,Dickinson,2,1-4,f
north-dakota,rolla,Rolla,2,1-4,f
ohio,barberton,Barberton,2,1-4,f
ohio,bedford,Bedford,2,1-4,f
ohio,bowling-green,Bowling Green,2,1-4,f
ohio,bryan,Bryan,2,1-4,f
ohio,cadiz,Cadiz,2,1-4,f
ohio,cuyahoga-falls,Cuyahoga Falls,2,1-4,f
ohio,delaware,Delaware,2,1-4,f
ohio,dover,Dover,2,1-4,f
ohio,euclid,Euclid,2,1-4,f
ohio,fremont,Fremont,2,1-4,f
ohio,grove-city,Grove City,2,1-4,f
ohio,hillsboro,Hillsboro,2,1-4,f
ohio,hudson,Hudson,2,1-4,f
ohio,independence,Independence,2,1-4,f
ohio,jackson,Jackson,2,1-4,f
ohio,kenton,Kenton,2,1-4,f
ohio,lebanon,Lebanon,2,1-4,f
ohio,lewis-center,Lewis Center,2,1-4,f
ohio,logan,Logan,2,1-4,f
ohio,mason,Mason,2,1-4,f
ohio,middlefield,Middlefield,2,1-4,f
ohio,milford,Milford,2,1-4,f
ohio,new-lexington,New Lexington,2,1-4,f
ohio,newton-falls,Newton Falls,2,1-4,f
ohio,pickerington,Pickerington,2,1-4,f
ohio,piqua,Piqua,2,1-4,f
ohio,reynoldsburg,Reynoldsburg,2,1-4,f
ohio,rocky-river,Rocky River,2,1-4,f
ohio,saint-marys,Saint Marys,2,1-4,f
ohio,shelby,Shelby,2,1-4,f
ohio,sidney,Sidney,2,1-4,f
ohio,the-plains,The Plains,2,1-4,f
ohio,troy,Troy,2,1-4,f
ohio,westlake,Westlake,2,1-4,f
ohio,wheelersburg,Wheelersburg,2,1-4,f
ohio,willoughby,Willoughby,2,1-4,f
ohio,woodsfield,Woodsfield,2,1-4,f
oklahoma,ardmore,Ardmore,2,1-4,f
oklahoma,checotah,Checotah,2,1-4,f
oklahoma,duncan,Duncan,2,1-4,f
oklahoma,durant,Durant,2,1-4,f
oklahoma,edmond,Edmond,2,1-4,f
oklahoma,el-reno,El Reno,2,1-4,f
oklahoma,elk-city,Elk City,2,1-4,f
oklahoma,eufaula,Eufaula,2,1-4,f
oklahoma,holdenville,Holdenville,2,1-4,f
oklahoma,hugo,Hugo,2,1-4,f
oklahoma,jay,Jay,2,1-4,f
oklahoma,kansas,Kansas,2,1-4,f
oklahoma,nowata,Nowata,2,1-4,f
oklahoma,okmulgee,Okmulgee,2,1-4,f
oklahoma,poteau,Poteau,2,1-4,f
oklahoma,sand-springs,Sand Springs,2,1-4,f
oklahoma,sapulpa,Sapulpa,2,1-4,f
oklahoma,seminole,Seminole,2,1-4,f
oklahoma,stigler,Stigler,2,1-4,f
oklahoma,wagoner,Wagoner,2,1-4,f
oklahoma,warner,Warner,2,1-4,f
oklahoma,weatherford,Weatherford,2,1-4,f
oregon,astoria,Astoria,2,1-4,f
oregon,coos-bay,Coos Bay,2,1-4,f
oregon,florence,Florence,2,1-4,f
oregon,happy-valley,Happy Valley,2,1-4,f
oregon,hood-river,Hood River,2,1-4,f
oregon,la-grande,La Grande,2,1-4,f
oregon,mcminnville,McMinnville,2,1-4,f
oregon,newberg,Newberg,2,1-4,f
oregon,port-orford,Port Orford,2,1-4,f
oregon,tualatin,Tualatin,2,1-4,f
pennsylvania,abbottstown,Abbottstown,2,1-4,f
pennsylvania,bangor,Bangor,2,1-4,f
pennsylvania,bedford,Bedford,2,1-4,f
pennsylvania,bellefonte,Bellefonte,2,1-4,f
pennsylvania,bensalem,Bensalem,2,1-4,f
pennsylvania,bloomsburg,Bloomsburg,2,1-4,f
pennsylvania,bolivar,Bolivar,2,1-4,f
pennsylvania,brookville,Brookville,2,1-4,f
pennsylvania,camp-hill,Camp Hill,2,1-4,f
pennsylvania,carbondale,Carbondale,2,1-4,f
pennsylvania,chester,Chester,2,1-4,f
pennsylvania,cheswick,Cheswick,2,1-4,f
pennsylvania,coal-township,Coal Township,2,1-4,f
pennsylvania,collegeville,Collegeville,2,1-4,f
pennsylvania,corry,Corry,2,1-4,f
pennsylvania,devon,Devon,2,1-4,f
pennsylvania,duncansville,Duncansville,2,1-4,f
pennsylvania,ebensburg,Ebensburg,2,1-4,f
pennsylvania,elizabethtown,Elizabethtown,2,1-4,f
pennsylvania,farrell,Farrell,2,1-4,f
pennsylvania,feasterville-trevose,Feasterville Trevose,2,1-4,f
pennsylvania,gettysburg,Gettysburg,2,1-4,f
pennsylvania,greenville,Greenville,2,1-4,f
pennsylvania,grove-city,Grove City,2,1-4,f
pennsylvania,henryville,Henryville,2,1-4,t
pennsylvania,hollidaysburg,Hollidaysburg,2,1-4,f
pennsylvania,homestead,Homestead,2,1-4,f
pennsylvania,huntingdon,Huntingdon,2,1-4,f
pennsylvania,irwin,Irwin,2,1-4,f
pennsylvania,jamison,Jamison,2,1-4,f
pennsylvania,kane,Kane,2,1-4,f
pennsylvania,kennett-square,Kennett Square,2,1-4,f
pennsylvania,king-of-prussia,King of Prussia,2,1-4,f
pennsylvania,kingston,Kingston,2,1-4,f
pennsylvania,levittown,Levittown,2,1-4,f
pennsylvania,milford,Milford,2,1-4,f
pennsylvania,morrisville,Morrisville,2,1-4,f
pennsylvania,mount-pleasant,Mount Pleasant,2,1-4,f
pennsylvania,new-bloomfield,New Bloomfield,2,1-4,f
pennsylvania,orefield,Orefield,2,1-4,f
pennsylvania,punxsutawney,Punxsutawney,2,1-4,f
pennsylvania,quakertown,Quakertown,2,1-4,f
pennsylvania,ridgway,Ridgway,2,1-4,f
pennsylvania,rochester,Rochester,2,1-4,f
pennsylvania,southampton,Southampton,2,1-4,f
pennsylvania,state-college,State College,2,1-4,f
pennsylvania,towanda,Towanda,2,1-4,f
pennsylvania,warminster,Warminster,2,1-4,f
rhode-island,north-kingstown,North Kingstown,2,1-4,f
rhode-island,riverside,Riverside,2,1-4,f
rhode-island,wakefield,Wakefield,2,1-4,f
south-carolina,abbeville,Abbeville,2,1-4,f
south-carolina,barnwell,Barnwell,2,1-4,f
south-carolina,beaufort,Beaufort,2,1-4,f
south-carolina,camden,Camden,2,1-4,f
south-carolina,chester,Chester,2,1-4,f
south-carolina,conway,Conway,2,1-4,f
south-carolina,dillon,Dillon,2,1-4,f
south-carolina,edgefield,Edgefield,2,1-4,f
south-carolina,gaffney,Gaffney,2,1-4,f
south-carolina,hartsville,Hartsville,2,1-4,f
south-carolina,manning,Manning,2,1-4,f
south-carolina,moncks-corner,Moncks Corner,2,1-4,f
south-carolina,newberry,Newberry,2,1-4,f
south-carolina,orangeburg,Orangeburg,2,1-4,f
south-carolina,ridgeland,Ridgeland,2,1-4,f
south-carolina,simpsonville,Simpsonville,2,1-4,f
south-carolina,summerville,Summerville,2,1-4,f
south-dakota,flandreau,Flandreau,2,1-4,f
south-dakota,howard,Howard,2,1-4,f
south-dakota,madison,Madison,2,1-4,f
south-dakota,spearfish,Spearfish,2,1-4,f
south-dakota,yankton,Yankton,2,1-4,f
tennessee,alcoa,Alcoa,2,1-4,f
tennessee,bristol,Bristol,2,1-4,f
tennessee,brownsville,Brownsville,2,1-4,f
tennessee,clinton,Clinton,2,1-4,f
tennessee,goodlettsville,Goodlettsville,2,1-4,f
tennessee,greeneville,Greeneville,2,1-4,f
tennessee,harriman,Harriman,2,1-4,f
tennessee,hermitage,Hermitage,2,1-4,f
tennessee,hohenwald,Hohenwald,2,1-4,f
tennessee,huntingdon,Huntingdon,2,1-4,f
tennessee,jacksboro,Jacksboro,2,1-4,f
tennessee,kodak,Kodak,2,1-4,f
tennessee,la-follette,La Follette,2,1-4,f
tennessee,lebanon,Lebanon,2,1-4,f
tennessee,lexington,Lexington,2,1-4,f
tennessee,milan,Milan,2,1-4,f
tennessee,pulaski,Pulaski,2,1-4,f
tennessee,rockwood,Rockwood,2,1-4,f
tennessee,selmer,Selmer,2,1-4,f
tennessee,seymour,Seymour,2,1-4,f
tennessee,somerville,Somerville,2,1-4,f
tennessee,sparta,Sparta,2,1-4,f
tennessee,springfield,Springfield,2,1-4,f
tennessee,trenton,Trenton,2,1-4,f
tennessee,white-pine,White Pine,2,1-4,f
texas,addison,Addison,2,1-4,f
texas,bonham,Bonham,2,1-4,f
texas,brookshire,Brookshire,2,1-4,f
texas,brownwood,Brownwood,2,1-4,f
texas,canton,Canton,2,1-4,f
texas,canyon-lake,Canyon Lake,2,1-4,f
texas,carrizo-springs,Carrizo Springs,2,1-4,f
texas,carrollton,Carrollton,2,1-4,f
texas,cleburne,Cleburne,2,1-4,f
texas,conroe,Conroe,2,1-4,f
texas,decatur,Decatur,2,1-4,f
texas,del-rio,Del Rio,2,1-4,f
texas,edinburg,Edinburg,2,1-4,f
texas,floresville,Floresville,2,1-4,f
texas,fredericksburg,Fredericksburg,2,1-4,f
texas,georgetown,Georgetown,2,1-4,f
texas,huntsville,Huntsville,2,1-4,f
texas,jourdanton,Jourdanton,2,1-4,f
texas,kaufman,Kaufman,2,1-4,f
texas,lockhart,Lockhart,2,1-4,f
texas,nacogdoches,Nacogdoches,2,1-4,f
texas,palestine,Palestine,2,1-4,f
texas,paris,Paris,2,1-4,f
texas,pasadena,Pasadena,2,1-4,f
texas,pearland,Pearland,2,1-4,f
texas,pearsall,Pearsall,2,1-4,f
texas,pharr,Pharr,2,1-4,f
texas,port-arthur,Port Arthur,2,1-4,f
texas,porter,Porter,2,1-4,f
texas,quanah,Quanah,2,1-4,f
texas,san-marcos,San Marcos,2,1-4,f
texas,seguin,Seguin,2,1-4,f
texas,stafford,Stafford,2,1-4,f
texas,stephenville,Stephenville,2,1-4,f
texas,sugar-land,Sugar Land,2,1-4,f
texas,terrell,Terrell,2,1-4,f
texas,uvalde,Uvalde,2,1-4,f
texas,zapata,Zapata,2,1-4,f
utah,castle-dale,Castle Dale,2,1-4,f
utah,eagle-mountain,Eagle Mountain,2,1-4,f
utah,farmington,Farmington,2,1-4,f
utah,hurricane,Hurricane,2,1-4,f
utah,kaysville,Kaysville,2,1-4,f
utah,lehi,Lehi,2,1-4,f
utah,midway,Midway,2,1-4,f
utah,moab,Moab,2,1-4,f
utah,oakley,Oakley,2,1-4,t
utah,paradise,Paradise,2,1-4,f
utah,roy,Roy,2,1-4,f
utah,saratoga-springs,Saratoga Springs,2,1-4,f
vermont,saint-johnsbury,Saint Johnsbury,2,1-4,f
vermont,south-burlington,South Burlington,2,1-4,f
vermont,white-river-junction,White River Junction,2,1-4,f
virginia,ashburn,Ashburn,2,1-4,f
virginia,big-stone-gap,Big Stone Gap,2,1-4,f
virginia,blacksburg,Blacksburg,2,1-4,f
virginia,chesterfield,Chesterfield,2,1-4,f
virginia,christiansburg,Christiansburg,2,1-4,f
virginia,covington,Covington,2,1-4,f
virginia,falls-church,Falls Church,2,1-4,f
virginia,lebanon,Lebanon,2,1-4,f
virginia,luray,Luray,2,1-4,f
virginia,marion,Marion,2,1-4,f
virginia,parksley,Parksley,2,1-4,f
virginia,pulaski,Pulaski,2,1-4,f
virginia,richlands,Richlands,2,1-4,f
virginia,south-boston,South Boston,2,1-4,f
virginia,sterling,Sterling,2,1-4,f
virginia,tappahannock,Tappahannock,2,1-4,f
washington,airway-heights,Airway Heights,2,1-4,f
washington,burlington,Burlington,2,1-4,f
washington,duvall,Duvall,2,1-4,f
washington,gig-harbor,Gig Harbor,2,1-4,f
washington,hoquiam,Hoquiam,2,1-4,f
washington,issaquah,Issaquah,2,1-4,f
washington,lacey,Lacey,2,1-4,f
washington,mukilteo,Mukilteo,2,1-4,f
washington,sequim,Sequim,2,1-4,f
washington,snoqualmie,Snoqualmie,2,1-4,f
washington,toppenish,Toppenish,2,1-4,f
washington,walla-walla,Walla Walla,2,1-4,f
west-virginia,bluefield,Bluefield,2,1-4,f
west-virginia,branchland,Branchland,2,1-4,f
west-virginia,buckhannon,Buckhannon,2,1-4,f
west-virginia,elkins,Elkins,2,1-4,f
west-virginia,hinton,Hinton,2,1-4,f
west-virginia,kearneysville,Kearneysville,2,1-4,f
west-virginia,lewisburg,Lewisburg,2,1-4,f
west-virginia,logan,Logan,2,1-4,f
west-virginia,maxwelton,Maxwelton,2,1-4,f
west-virginia,point-pleasant,Point Pleasant,2,1-4,f
west-virginia,princeton,Princeton,2,1-4,f
west-virginia,ripley,Ripley,2,1-4,f
west-virginia,saint-albans,Saint Albans,2,1-4,f
west-virginia,summersville,Summersville,2,1-4,f
west-virginia,wayne,Wayne,2,1-4,f
wisconsin,amery,Amery,2,1-4,f
wisconsin,augusta,Augusta,2,1-4,f
wisconsin,baraboo,Baraboo,2,1-4,f
wisconsin,black-river-falls,Black River Falls,2,1-4,f
wisconsin,brookfield,Brookfield,2,1-4,f
wisconsin,hurley,Hurley,2,1-4,f
wisconsin,kewaskum,Kewaskum,2,1-4,f
wisconsin,kiel,Kiel,2,1-4,f
wisconsin,marshfield,Marshfield,2,1-4,f
wisconsin,medford,Medford,2,1-4,f
wisconsin,monroe,Monroe,2,1-4,f
wisconsin,mukwonago,Mukwonago,2,1-4,f
wisconsin,neenah,Neenah,2,1-4,f
wisconsin,onalaska,Onalaska,2,1-4,f
wisconsin,prairie-du-chien,Prairie du Chien,2,1-4,f
wisconsin,reedsburg,Reedsburg,2,1-4,f
wisconsin,richland-center,Richland Center,2,1-4,f
wisconsin,siren,Siren,2,1-4,f
wisconsin,sparta,Sparta,2,1-4,f
wisconsin,superior,Superior,2,1-4,f
wisconsin,tomah,Tomah,2,1-4,f
wisconsin,west-bend,West Bend,2,1-4,f
wisconsin,whitewater,Whitewater,2,1-4,f
wyoming,jackson,Jackson,2,1-4,f
wyoming,lander,Lander,2,1-4,f
wyoming,laramie,Laramie,2,1-4,f
wyoming,riverton,Riverton,2,1-4,f
wyoming,wheatland,Wheatland,2,1-4,f
alabama,alabaster,Alabaster,1,1-4,f
alabama,arley,Arley,1,1-4,f
alabama,ashford,Ashford,1,1-4,f
alabama,ashland,Ashland,1,1-4,f
alabama,butler,Butler,1,1-4,f
alabama,calera,Calera,1,1-4,f
alabama,centreville,Centreville,1,1-4,f
alabama,chatom,Chatom,1,1-4,f
alabama,chelsea,Chelsea,1,1-4,f
alabama,childersburg,Childersburg,1,1-4,f
alabama,enterprise,Enterprise,1,1-4,f
alabama,eufaula,Eufaula,1,1-4,f
alabama,eutaw,Eutaw,1,1-4,f
alabama,geneva,Geneva,1,1-4,f
alabama,greensboro,Greensboro,1,1-4,f
alabama,haleyville,Haleyville,1,1-4,f
alabama,hamilton,Hamilton,1,1-4,f
alabama,jackson,Jackson,1,1-4,f
alabama,livingston,Livingston,1,1-4,f
alabama,mckenzie,McKenzie,1,1-4,f
alabama,moulton,Moulton,1,1-4,f
alabama,newton,Newton,1,1-4,f
alabama,northport,Northport,1,1-4,f
alabama,oneonta,Oneonta,1,1-4,f
alabama,opp,Opp,1,1-4,f
alabama,pelham,Pelham,1,1-4,f
alabama,pell-city,Pell City,1,1-4,f
alabama,prattville,Prattville,1,1-4,f
alabama,rainbow-city,Rainbow City,1,1-4,f
alabama,selma,Selma,1,1-4,f
alabama,spanish-fort,Spanish Fort,1,1-4,f
alabama,stevenson,Stevenson,1,1-4,f
alabama,sylacauga,Sylacauga,1,1-4,f
alabama,talladega,Talladega,1,1-4,f
alabama,tallassee,Tallassee,1,1-4,f
alabama,troy,Troy,1,1-4,f
alabama,tuskegee,Tuskegee,1,1-4,f
alabama,valley,Valley,1,1-4,f
alabama,warrior,Warrior,1,1-4,f
alabama,webb,Webb,1,1-4,f
alabama,wedowee,Wedowee,1,1-4,f
alaska,anderson,Anderson,1,1-4,f
alaska,bethel,Bethel,1,1-4,f
alaska,cordova,Cordova,1,1-4,f
alaska,craig,Craig,1,1-4,f
alaska,delta-junction,Delta Junction,1,1-4,f
alaska,girdwood,Girdwood,1,1-4,f
alaska,haines,Haines,1,1-4,f
alaska,healy,Healy,1,1-4,f
alaska,klawock,Klawock,1,1-4,f
alaska,kotzebue,Kotzebue,1,1-4,f
alaska,nenana,Nenana,1,1-4,f
alaska,petersburg,Petersburg,1,1-4,f
alaska,seward,Seward,1,1-4,f
alaska,soldotna,Soldotna,1,1-4,f
alaska,unalaska,Unalaska,1,1-4,f
alaska,valdez,Valdez,1,1-4,f
arizona,anthem,Anthem,1,1-4,f
arizona,camp-verde,Camp Verde,1,1-4,f
arizona,chino-valley,Chino Valley,1,1-4,f
arizona,clifton,Clifton,1,1-4,f
arizona,coolidge,Coolidge,1,1-4,f
arizona,duncan,Duncan,1,1-4,f
arizona,elfrida,Elfrida,1,1-4,t
arizona,eloy,Eloy,1,1-4,f
arizona,fort-defiance,Fort Defiance,1,1-4,f
arizona,fountain-hills,,1,1-4,f
arizona,fredonia,Fredonia,1,1-4,f
arizona,grand-canyon,Grand Canyon,1,1-4,f
arizona,kayenta,Kayenta,1,1-4,f
arizona,litchfield-park,Litchfield Park,1,1-4,f
arizona,littlefield,Littlefield,1,1-4,f
arizona,marana,Marana,1,1-4,f
arizona,maricopa,Maricopa,1,1-4,f
arizona,overgaard,Overgaard,1,1-4,f
arizona,paradise-valley,Paradise Valley,1,1-4,f
arizona,peach-springs,Peach Springs,1,1-4,f
arizona,sahuarita,Sahuarita,1,1-4,f
arizona,saint-johns,Saint Johns,1,1-4,f
arizona,second-mesa,Second Mesa,1,1-4,f
arizona,sedona,Sedona,1,1-4,f
arizona,sells,Sells,1,1-4,f
arizona,snowflake,Snowflake,1,1-4,f
arizona,thatcher,Thatcher,1,1-4,f
arizona,whiteriver,Whiteriver,1,1-4,f
arizona,willcox,Willcox,1,1-4,f
arizona,williams,Williams,1,1-4,f
arkansas,augusta,Augusta,1,1-4,f
arkansas,barling,Barling,1,1-4,f
arkansas,bismarck,Bismarck,1,1-4,f
arkansas,brinkley,Brinkley,1,1-4,f
arkansas,bryant,Bryant,1,1-4,f
arkansas,corning,Corning,1,1-4,f
arkansas,danville,Danville,1,1-4,f
arkansas,de-queen,De Queen,1,1-4,f
arkansas,dumas,Dumas,1,1-4,f
arkansas,eureka-springs,Eureka Springs,1,1-4,f
arkansas,fordyce,Fordyce,1,1-4,f
arkansas,hamburg,Hamburg,1,1-4,f
arkansas,helena,Helena,1,1-4,f
arkansas,hot-springs-village,Hot Springs Village,1,1-4,f
arkansas,hoxie,Hoxie,1,1-4,f
arkansas,huntsville,Huntsville,1,1-4,f
arkansas,jessieville,Jessieville,1,1-4,f
arkansas,lake-village,Lake Village,1,1-4,f
arkansas,lonoke,Lonoke,1,1-4,f
arkansas,magnolia,Magnolia,1,1-4,f
arkansas,marianna,Marianna,1,1-4,f
arkansas,marshall,Marshall,1,1-4,f
arkansas,mcgehee,McGehee,1,1-4,f
arkansas,melbourne,Melbourne,1,1-4,f
arkansas,nashville,Nashville,1,1-4,f
arkansas,osceola,Osceola,1,1-4,f
arkansas,oxford,Oxford,1,1-4,f
arkansas,paris,Paris,1,1-4,f
arkansas,perryville,Perryville,1,1-4,f
arkansas,ratcliff,Ratcliff,1,1-4,f
arkansas,salem,Salem,1,1-4,f
arkansas,star-city,Star City,1,1-4,f
arkansas,stuttgart,Stuttgart,1,1-4,f
arkansas,waldron,Waldron,1,1-4,f
arkansas,walnut-ridge,Walnut Ridge,1,1-4,f
arkansas,white-hall,White Hall,1,1-4,f
arkansas,yellville,Yellville,1,1-4,f
california,acton,Acton,1,1-4,f
california,alameda,Alameda,1,1-4,f
california,aliso-viejo,Aliso Viejo,1,1-4,f
california,altadena,Altadena,1,1-4,f
california,angels-camp,Angels Camp,1,1-4,f
california,angwin,Angwin,1,1-4,f
california,apple-valley,Apple Valley,1,1-4,f
california,aptos,Aptos,1,1-4,f
california,arcata,Arcata,1,1-4,f
california,arnold,Arnold,1,1-4,f
california,arroyo-grande,Arroyo Grande,1,1-4,f
california,atascadero,Atascadero,1,1-4,f
california,atwater,Atwater,1,1-4,f
california,azusa,Azusa,1,1-4,f
california,baker,Baker,1,1-4,f
california,bellflower,Bellflower,1,1-4,f
california,boron,Boron,1,1-4,f
california,boulevard,Boulevard,1,1-4,f
california,buena-park,Buena Park,1,1-4,f
california,burbank,Burbank,1,1-4,f
california,burlingame,Burlingame,1,1-4,f
california,burney,Burney,1,1-4,f
california,camarillo,Camarillo,1,1-4,f
california,camp-pendleton,Camp Pendleton,1,1-4,f
california,campo,Campo,1,1-4,f
california,canyon-country,Canyon Country,1,1-4,f
california,capistrano-beach,Capistrano Beach,1,1-4,f
california,capitola,Capitola,1,1-4,f
california,carmichael,Carmichael,1,1-4,f
california,cerritos,Cerritos,1,1-4,f
california,chowchilla,Chowchilla,1,1-4,f
california,claremont,Claremont,1,1-4,f
california,clayton,Clayton,1,1-4,f
california,clearlake-oaks,Clearlake Oaks,1,1-4,f
california,coachella,Coachella,1,1-4,f
california,colusa,Colusa,1,1-4,f
california,corona,Corona,1,1-4,f
california,crescent-city,Crescent City,1,1-4,f
california,del-mar,Del Mar,1,1-4,f
california,delano,Delano,1,1-4,f
california,diamond-springs,Diamond Springs,1,1-4,f
california,downieville,Downieville,1,1-4,f
california,east-palo-alto,East Palo Alto,1,1-4,f
california,el-segundo,El Segundo,1,1-4,f
california,fiddletown,Fiddletown,1,1-4,f
california,fillmore,Fillmore,1,1-4,f
california,fontana,Fontana,1,1-4,f
california,forest-knolls,Forest Knolls,1,1-4,f
california,fort-jones,Fort Jones,1,1-4,f
california,galt,Galt,1,1-4,f
california,garberville,Garberville,1,1-4,f
california,gilroy,Gilroy,1,1-4,f
california,glendora,Glendora,1,1-4,f
california,goleta,Goleta,1,1-4,f
california,granite-bay,Granite Bay,1,1-4,f
california,happy-camp,Happy Camp,1,1-4,f
california,hawaiian-gardens,Hawaiian Gardens,1,1-4,f
california,hawthorne,Hawthorne,1,1-4,f
california,hayfork,Hayfork,1,1-4,f
california,hemet,Hemet,1,1-4,f
california,imperial-beach,Imperial Beach,1,1-4,f
california,jamul,Jamul,1,1-4,f
california,la-crescenta,La Crescenta,1,1-4,f
california,la-mirada,La Mirada,1,1-4,f
california,la-verne,La Verne,1,1-4,f
california,lagunitas-forest-knolls,,1,1-4,f
california,lakeside,,1,1-4,f
california,lebec,Lebec,1,1-4,f
california,lemoore,Lemoore,1,1-4,f
california,live-oak,Live Oak,1,1-4,f
california,lodi,Lodi,1,1-4,f
california,los-banos,Los Banos,1,1-4,f
california,loyalton,Loyalton,1,1-4,f
california,mammoth-lakes,Mammoth Lakes,1,1-4,f
california,manteca,Manteca,1,1-4,f
california,marina,Marina,1,1-4,f
california,mariposa,Mariposa,1,1-4,f
california,markleeville,Markleeville,1,1-4,f
california,menlo-park,Menlo Park,1,1-4,f
california,montclair,Montclair,1,1-4,f
california,morgan-hill,Morgan Hill,1,1-4,f
california,morro-bay,Morro Bay,1,1-4,f
california,mount-shasta,Mount Shasta,1,1-4,f
california,needles,Needles,1,1-4,f
california,newark,Newark,1,1-4,f
california,newbury-park,Newbury Park,1,1-4,f
california,north-highlands,North Highlands,1,1-4,f
california,oakdale,Oakdale,1,1-4,f
california,oakhurst,Oakhurst,1,1-4,f
california,oakley,Oakley,1,1-4,f
california,ojai,Ojai,1,1-4,f
california,olivehurst,Olivehurst,1,1-4,f
california,orangevale,Orangevale,1,1-4,f
california,orleans,Orleans,1,1-4,f
california,pacific-grove,Pacific Grove,1,1-4,f
california,paramount,Paramount,1,1-4,f
california,pittsburg,Pittsburg,1,1-4,f
california,pleasanton,Pleasanton,1,1-4,f
california,poway,Poway,1,1-4,f
california,quartz-hill,Quartz Hill,1,1-4,f
california,quincy,Quincy,1,1-4,f
california,ridgecrest,Ridgecrest,1,1-4,f
california,rio-vista,Rio Vista,1,1-4,f
california,rosemead,Rosemead,1,1-4,f
california,round-mountain,Round Mountain,1,1-4,f
california,rowland-heights,Rowland Heights,1,1-4,f
california,san-andreas,San Andreas,1,1-4,f
california,san-bruno,San Bruno,1,1-4,f
california,san-dimas,San Dimas,1,1-4,f
california,san-fernando,San Fernando,1,1-4,f
california,san-marcos,San Marcos,1,1-4,f
california,san-martin,San Martin,1,1-4,f
california,san-pablo,San Pablo,1,1-4,f
california,san-ramon,San Ramon,1,1-4,f
california,sanger,Sanger,1,1-4,f
california,santa-monica,Santa Monica,1,1-4,f
california,santa-rosa-valley,,1,1-4,f
california,sausalito,Sausalito,1,1-4,f
california,sonoma,,1,1-4,f
california,south-pasadena,South Pasadena,1,1-4,f
california,stanford,Stanford,1,1-4,f
california,stanton,Stanton,1,1-4,f
california,sunnyvale,Sunnyvale,1,1-4,f
california,sunol,Sunol,1,1-4,t
california,susanville,Susanville,1,1-4,f
california,sylmar,Sylmar,1,1-4,f
california,tehachapi,Tehachapi,1,1-4,f
california,thermal,Thermal,1,1-4,f
california,topanga,,1,1-4,f
california,travis-afb,Travis AFB,1,1-4,f
california,truckee,Truckee,1,1-4,f
california,tustin,Tustin,1,1-4,f
california,upland,Upland,1,1-4,f
california,vacaville,Vacaville,1,1-4,f
california,valencia,Valencia,1,1-4,f
california,vallejo,Vallejo,1,1-4,f
california,venice,Venice,1,1-4,f
california,walnut,Walnut,1,1-4,f
california,watsonville,Watsonville,1,1-4,f
california,weaverville,Weaverville,1,1-4,f
california,weimar,Weimar,1,1-4,f
california,west-hollywood,West Hollywood,1,1-4,f
california,west-sacramento,West Sacramento,1,1-4,f
california,westlake-village,Westlake Village,1,1-4,f
california,westminster,Westminster,1,1-4,f
california,wilmington,Wilmington,1,1-4,f
california,yorba-linda,Yorba Linda,1,1-4,f
california,yucaipa,Yucaipa,1,1-4,f
california,yucca-valley,Yucca Valley,1,1-4,f
colorado,akron,Akron,1,1-4,f
colorado,antonito,Antonito,1,1-4,f
colorado,aspen,Aspen,1,1-4,f
colorado,black-hawk,Black Hawk,1,1-4,f
colorado,burlington,Burlington,1,1-4,f
colorado,cascade,Cascade,1,1-4,f
colorado,center,Center,1,1-4,f
colorado,cheyenne-wells,Cheyenne Wells,1,1-4,f
colorado,clifton,Clifton,1,1-4,f
colorado,del-norte,Del Norte,1,1-4,f
colorado,delta,Delta,1,1-4,f
colorado,dillon,Dillon,1,1-4,f
colorado,dove-creek,Dove Creek,1,1-4,f
colorado,eads,Eads,1,1-4,f
colorado,elizabeth,Elizabeth,1,1-4,f
colorado,estes-park,Estes Park,1,1-4,f
colorado,fort-garland,Fort Garland,1,1-4,f
colorado,fountain,Fountain,1,1-4,f
colorado,frederick,Frederick,1,1-4,f
colorado,frisco,Frisco,1,1-4,f
colorado,golden,Golden,1,1-4,f
colorado,granby,Granby,1,1-4,f
colorado,gunnison,Gunnison,1,1-4,f
colorado,holyoke,Holyoke,1,1-4,f
colorado,idaho-springs,Idaho Springs,1,1-4,f
colorado,julesburg,Julesburg,1,1-4,f
colorado,la-jara,La Jara,1,1-4,f
colorado,la-junta,La Junta,1,1-4,f
colorado,lakewood,Lakewood,1,1-4,f
colorado,limon,Limon,1,1-4,f
colorado,louisville,Louisville,1,1-4,f
colorado,morrison,Morrison,1,1-4,f
colorado,norwood,Norwood,1,1-4,f
colorado,ordway,Ordway,1,1-4,f
colorado,pagosa-springs,Pagosa Springs,1,1-4,f
colorado,palmer-lake,Palmer Lake,1,1-4,f
colorado,rifle,Rifle,1,1-4,f
colorado,san-luis,San Luis,1,1-4,f
colorado,south-fork,South Fork,1,1-4,f
colorado,springfield,Springfield,1,1-4,f
colorado,telluride,Telluride,1,1-4,f
colorado,watkins,Watkins,1,1-4,f
colorado,yuma,Yuma,1,1-4,f
connecticut,avon,Avon,1,1-4,f
connecticut,bloomfield,Bloomfield,1,1-4,f
connecticut,cheshire,Cheshire,1,1-4,f
connecticut,chester,Chester,1,1-4,f
connecticut,colchester,Colchester,1,1-4,f
connecticut,glastonbury,Glastonbury,1,1-4,f
connecticut,haddam,Haddam,1,1-4,t
connecticut,jewett-city,Jewett City,1,1-4,f
connecticut,kent,Kent,1,1-4,f
connecticut,lebanon,Lebanon,1,1-4,f
connecticut,litchfield,Litchfield,1,1-4,f
connecticut,milford,Milford,1,1-4,f
connecticut,moosup,Moosup,1,1-4,f
connecticut,naugatuck,Naugatuck,1,1-4,f
connecticut,new-canaan,New Canaan,1,1-4,f
connecticut,new-milford,New Milford,1,1-4,f
connecticut,newington,Newington,1,1-4,f
connecticut,north-branford,North Branford,1,1-4,f
connecticut,north-haven,North Haven,1,1-4,f
connecticut,north-stonington,North Stonington,1,1-4,f
connecticut,old-saybrook,Old Saybrook,1,1-4,f
connecticut,pawcatuck,Pawcatuck,1,1-4,f
connecticut,quaker-hill,Quaker Hill,1,1-4,f
connecticut,sandy-hook,Sandy Hook,1,1-4,f
connecticut,sharon,Sharon,1,1-4,f
connecticut,shelton,Shelton,1,1-4,f
connecticut,southport,Southport,1,1-4,f
connecticut,stafford-springs,Stafford Springs,1,1-4,f
connecticut,vernon-rockville,Vernon Rockville,1,1-4,f
connecticut,westbrook,Westbrook,1,1-4,f
connecticut,wilton,Wilton,1,1-4,f
delaware,claymont,Claymont,1,1-4,f
delaware,harrington,Harrington,1,1-4,f
delaware,lewes,Lewes,1,1-4,f
delaware,rehoboth-beach,Rehoboth Beach,1,1-4,f
florida,alford,Alford,1,1-4,f
florida,altoona,Altoona,1,1-4,f
florida,apalachicola,Apalachicola,1,1-4,f
florida,avon-park,Avon Park,1,1-4,f
florida,beverly-hills,Beverly Hills,1,1-4,f
florida,blountstown,Blountstown,1,1-4,f
florida,bonifay,Bonifay,1,1-4,f
florida,bonita-springs,Bonita Springs,1,1-4,f
florida,brandon,Brandon,1,1-4,f
florida,bushnell,Bushnell,1,1-4,f
florida,callahan,Callahan,1,1-4,f
florida,century,Century,1,1-4,f
florida,chattahoochee,Chattahoochee,1,1-4,f
florida,chiefland,Chiefland,1,1-4,f
florida,chipley,Chipley,1,1-4,f
florida,cocoa-beach,Cocoa Beach,1,1-4,f
florida,coral-springs,Coral Springs,1,1-4,f
florida,crescent-city,Crescent City,1,1-4,f
florida,cross-city,Cross City,1,1-4,f
florida,dade-city,Dade City,1,1-4,f
florida,deltona,Deltona,1,1-4,f
florida,dunedin,Dunedin,1,1-4,f
florida,edgewater,Edgewater,1,1-4,f
florida,eustis,Eustis,1,1-4,f
florida,fernandina-beach,Fernandina Beach,1,1-4,f
florida,flagler-beach,Flagler Beach,1,1-4,f
florida,floral-city,Floral City,1,1-4,f
florida,fort-walton-beach,Fort Walton Beach,1,1-4,f
florida,hilliard,Hilliard,1,1-4,f
florida,indiantown,Indiantown,1,1-4,f
florida,jasper,Jasper,1,1-4,f
florida,lake-mary,Lake Mary,1,1-4,f
florida,lake-worth-beach,,1,1-4,f
florida,live-oak,Live Oak,1,1-4,f
florida,macclenny,Macclenny,1,1-4,f
florida,madeira-beach,,1,1-4,f
florida,madison,Madison,1,1-4,f
florida,marathon,Marathon,1,1-4,f
florida,miami-gardens,Miami Gardens,1,1-4,f
florida,middleburg,Middleburg,1,1-4,f
florida,monticello,Monticello,1,1-4,f
florida,montverde,Montverde,1,1-4,f
florida,morriston,Morriston,1,1-4,f
florida,navarre,,1,1-4,f
florida,ocklawaha,Ocklawaha,1,1-4,f
florida,ocoee,Ocoee,1,1-4,f
florida,oviedo,Oviedo,1,1-4,f
florida,pahokee,Pahokee,1,1-4,f
florida,palatka,Palatka,1,1-4,f
florida,palm-bay,Palm Bay,1,1-4,f
florida,palm-coast,Palm Coast,1,1-4,f
florida,panama-city-beach,Panama City Beach,1,1-4,f
florida,perry,Perry,1,1-4,f
florida,port-charlotte,Port Charlotte,1,1-4,f
florida,port-saint-joe,Port Saint Joe,1,1-4,f
florida,punta-gorda,Punta Gorda,1,1-4,f
florida,satellite-beach,Satellite Beach,1,1-4,f
florida,sebring,,1,1-4,f
florida,seminole,Seminole,1,1-4,f
florida,silver-springs,Silver Springs,1,1-4,f
florida,sweetwater,Sweetwater,1,1-4,f
florida,tamarac,Tamarac,1,1-4,f
florida,tavares,Tavares,1,1-4,f
florida,umatilla,Umatilla,1,1-4,f
florida,wauchula,Wauchula,1,1-4,f
florida,wilton-manors,Wilton Manors,1,1-4,f
florida,yulee,Yulee,1,1-4,f
florida,zephyrhills,Zephyrhills,1,1-4,f
georgia,acworth,Acworth,1,1-4,f
georgia,adel,Adel,1,1-4,f
georgia,alma,Alma,1,1-4,f
georgia,auburn,Auburn,1,1-4,f
georgia,ball-ground,Ball Ground,1,1-4,t
georgia,blakely,Blakely,1,1-4,f
georgia,bloomingdale,Bloomingdale,1,1-4,f
georgia,bowdon,Bowdon,1,1-4,f
georgia,buford,Buford,1,1-4,f
georgia,calhoun,Calhoun,1,1-4,f
georgia,canton,Canton,1,1-4,f
georgia,cartersville,Cartersville,1,1-4,f
georgia,chatsworth,Chatsworth,1,1-4,f
georgia,cleveland,Cleveland,1,1-4,f
georgia,commerce,Commerce,1,1-4,f
georgia,cordele,Cordele,1,1-4,f
georgia,dahlonega,Dahlonega,1,1-4,f
georgia,dallas,Dallas,1,1-4,f
georgia,dalton,Dalton,1,1-4,f
georgia,dawsonville,Dawsonville,1,1-4,f
georgia,demorest,Demorest,1,1-4,f
georgia,douglas,Douglas,1,1-4,f
georgia,east-dublin,East Dublin,1,1-4,f
georgia,eastman,Eastman,1,1-4,f
georgia,elberton,Elberton,1,1-4,f
georgia,ellijay,Ellijay,1,1-4,f
georgia,evans,Evans,1,1-4,f
georgia,fort-valley,Fort Valley,1,1-4,f
georgia,franklin,Franklin,1,1-4,f
georgia,greensboro,Greensboro,1,1-4,f
georgia,hartwell,Hartwell,1,1-4,f
georgia,hiram,Hiram,1,1-4,f
georgia,homerville,Homerville,1,1-4,f
georgia,jackson,Jackson,1,1-4,f
georgia,jasper,Jasper,1,1-4,f
georgia,jesup,Jesup,1,1-4,f
georgia,kingsland,Kingsland,1,1-4,f
georgia,lavonia,Lavonia,1,1-4,f
georgia,leesburg,Leesburg,1,1-4,f
georgia,loganville,Loganville,1,1-4,f
georgia,mableton,Mableton,1,1-4,f
georgia,metter,Metter,1,1-4,f
georgia,nahunta,Nahunta,1,1-4,f
georgia,oakwood,Oakwood,1,1-4,f
georgia,peachtree-city,Peachtree City,1,1-4,f
georgia,pelham,Pelham,1,1-4,f
georgia,perry,Perry,1,1-4,f
georgia,quitman,Quitman,1,1-4,f
georgia,reidsville,Reidsville,1,1-4,f
georgia,rincon,Rincon,1,1-4,f
georgia,rossville,Rossville,1,1-4,f
georgia,saint-marys,Saint Marys,1,1-4,f
georgia,saint-simons-island,Saint Simons Island,1,1-4,f
georgia,sautee-nacoochee,Sautee Nacoochee,1,1-4,f
georgia,smyrna,Smyrna,1,1-4,f
georgia,stockbridge,Stockbridge,1,1-4,f
georgia,summerville,Summerville,1,1-4,f
georgia,sylvania,Sylvania,1,1-4,f
georgia,trenton,Trenton,1,1-4,f
georgia,tyrone,Tyrone,1,1-4,f
georgia,union-point,Union Point,1,1-4,f
georgia,waynesboro,Waynesboro,1,1-4,f
georgia,wildwood,Wildwood,1,1-4,f
hawaii,hakalau,,1,1-4,f
hawaii,haleiwa,Haleiwa,1,1-4,f
hawaii,hoolehua,Hoolehua,1,1-4,f
hawaii,kahuku,Kahuku,1,1-4,f
hawaii,kahului,Kahului,1,1-4,f
hawaii,keaau,Keaau,1,1-4,f
hawaii,mililani,Mililani,1,1-4,f
hawaii,pahoa,Pahoa,1,1-4,f
hawaii,pearl-harbor,Pearl Harbor,1,1-4,f
hawaii,wahiawa,Wahiawa,1,1-4,f
hawaii,waialua,Waialua,1,1-4,f
hawaii,waikoloa,Waikoloa,1,1-4,f
idaho,ammon,Ammon,1,1-4,f
idaho,bonners-ferry,Bonners Ferry,1,1-4,f
idaho,bovill,Bovill,1,1-4,f
idaho,clark-fork,Clark Fork,1,1-4,f
idaho,driggs,Driggs,1,1-4,f
idaho,eagle,Eagle,1,1-4,f
idaho,grangeville,Grangeville,1,1-4,f
idaho,hailey,Hailey,1,1-4,f
idaho,hayden,Hayden,1,1-4,f
idaho,heyburn,Heyburn,1,1-4,f
idaho,jerome,Jerome,1,1-4,f
idaho,kellogg,Kellogg,1,1-4,f
idaho,malad-city,Malad City,1,1-4,f
idaho,middleton,Middleton,1,1-4,f
idaho,moscow,Moscow,1,1-4,f
idaho,new-plymouth,New Plymouth,1,1-4,f
idaho,orofino,Orofino,1,1-4,f
idaho,plummer,Plummer,1,1-4,f
idaho,preston,Preston,1,1-4,f
idaho,priest-river,Priest River,1,1-4,f
idaho,rathdrum,Rathdrum,1,1-4,f
idaho,rupert,Rupert,1,1-4,f
idaho,saint-maries,Saint Maries,1,1-4,f
idaho,salmon,Salmon,1,1-4,f
idaho,soda-springs,Soda Springs,1,1-4,f
illinois,addison,Addison,1,1-4,f
illinois,albion,Albion,1,1-4,f
illinois,algonquin,Algonquin,1,1-4,f
illinois,alsip,Alsip,1,1-4,f
illinois,amboy,Amboy,1,1-4,f
illinois,assumption,Assumption,1,1-4,f
illinois,bartlett,Bartlett,1,1-4,f
illinois,batavia,Batavia,1,1-4,f
illinois,benton,Benton,1,1-4,f
illinois,bradley,Bradley,1,1-4,f
illinois,broadview,Broadview,1,1-4,f
illinois,burbank,Burbank,1,1-4,f
illinois,byron,Byron,1,1-4,f
illinois,canton,Canton,1,1-4,f
illinois,carlyle,Carlyle,1,1-4,f
illinois,caseyville,Caseyville,1,1-4,f
illinois,chester,Chester,1,1-4,f
illinois,christopher,Christopher,1,1-4,f
illinois,clinton,Clinton,1,1-4,f
illinois,darien,Darien,1,1-4,f
illinois,dongola,Dongola,1,1-4,f
illinois,dundee,Dundee,1,1-4,f
illinois,east-moline,East Moline,1,1-4,f
illinois,edwardsville,Edwardsville,1,1-4,f
illinois,eldorado,Eldorado,1,1-4,f
illinois,eureka,Eureka,1,1-4,f
illinois,evergreen-park,Evergreen Park,1,1-4,f
illinois,fairview-heights,Fairview Heights,1,1-4,f
illinois,flora,Flora,1,1-4,f
illinois,forest-park,Forest Park,1,1-4,f
illinois,fox-lake,Fox Lake,1,1-4,f
illinois,frankfort,Frankfort,1,1-4,f
illinois,galesburg,Galesburg,1,1-4,f
illinois,gibson-city,Gibson City,1,1-4,f
illinois,gillespie,Gillespie,1,1-4,f
illinois,gilman,Gilman,1,1-4,t
illinois,glendale-heights,Glendale Heights,1,1-4,f
illinois,glenview,Glenview,1,1-4,f
illinois,goreville,Goreville,1,1-4,f
illinois,granite-city,Granite City,1,1-4,f
illinois,grayslake,Grayslake,1,1-4,f
illinois,greenville,Greenville,1,1-4,f
illinois,harrisburg,Harrisburg,1,1-4,f
illinois,harvey,Harvey,1,1-4,f
illinois,harwood-heights,Harwood Heights,1,1-4,f
illinois,hickory-hills,Hickory Hills,1,1-4,f
illinois,johnston-city,Johnston City,1,1-4,f
illinois,justice,Justice,1,1-4,f
illinois,kewanee,Kewanee,1,1-4,f
illinois,la-grange,La Grange,1,1-4,f
illinois,la-salle,La Salle,1,1-4,f
illinois,lake-villa,Lake Villa,1,1-4,f
illinois,lake-zurich,Lake Zurich,1,1-4,f
illinois,litchfield,Litchfield,1,1-4,f
illinois,marshall,Marshall,1,1-4,f
illinois,maryville,Maryville,1,1-4,f
illinois,merrionette-park,Merrionette Park,1,1-4,f
illinois,metropolis,Metropolis,1,1-4,f
illinois,mokena,Mokena,1,1-4,f
illinois,monticello,Monticello,1,1-4,f
illinois,morris,Morris,1,1-4,f
illinois,mount-carmel,Mount Carmel,1,1-4,f
illinois,mount-carroll,Mount Carroll,1,1-4,f
illinois,mount-sterling,Mount Sterling,1,1-4,f
illinois,mundelein,Mundelein,1,1-4,f
illinois,murphysboro,Murphysboro,1,1-4,f
illinois,newton,Newton,1,1-4,f
illinois,north-chicago,North Chicago,1,1-4,f
illinois,o-fallon,O Fallon,1,1-4,f
illinois,oak-forest,Oak Forest,1,1-4,f
illinois,oak-park,Oak Park,1,1-4,f
illinois,okawville,Okawville,1,1-4,f
illinois,olney,Olney,1,1-4,f
illinois,oquawka,Oquawka,1,1-4,f
illinois,paris,Paris,1,1-4,f
illinois,paxton,Paxton,1,1-4,f
illinois,peru,Peru,1,1-4,f
illinois,plano,Plano,1,1-4,f
illinois,pontiac,Pontiac,1,1-4,f
illinois,princeton,Princeton,1,1-4,f
illinois,princeville,Princeville,1,1-4,f
illinois,raymond,Raymond,1,1-4,f
illinois,red-bud,Red Bud,1,1-4,f
illinois,rolling-meadows,Rolling Meadows,1,1-4,f
illinois,rushville,Rushville,1,1-4,f
illinois,sandwich,Sandwich,1,1-4,f
illinois,sesser,Sesser,1,1-4,f
illinois,sparta,Sparta,1,1-4,f
illinois,steger,Steger,1,1-4,f
illinois,stone-park,Stone Park,1,1-4,f
illinois,streamwood,Streamwood,1,1-4,f
illinois,stronghurst,Stronghurst,1,1-4,f
illinois,toledo,Toledo,1,1-4,f
illinois,tuscola,Tuscola,1,1-4,f
illinois,vienna,Vienna,1,1-4,f
illinois,villa-park,Villa Park,1,1-4,f
illinois,virginia,Virginia,1,1-4,f
illinois,warrenville,Warrenville,1,1-4,f
illinois,washington,Washington,1,1-4,f
illinois,waterloo,Waterloo,1,1-4,f
illinois,watseka,Watseka,1,1-4,f
illinois,west-chicago,West Chicago,1,1-4,f
illinois,west-frankfort,West Frankfort,1,1-4,f
illinois,westchester,Westchester,1,1-4,f
illinois,willowbrook,Willowbrook,1,1-4,f
illinois,wilmette,Wilmette,1,1-4,f
illinois,wood-river,Wood River,1,1-4,f
indiana,alexandria,Alexandria,1,1-4,f
indiana,attica,Attica,1,1-4,f
indiana,aurora,Aurora,1,1-4,f
indiana,austin,Austin,1,1-4,f
indiana,bloomingdale,Bloomingdale,1,1-4,f
indiana,bluffton,Bluffton,1,1-4,f
indiana,brazil,Brazil,1,1-4,f
indiana,bremen,Bremen,1,1-4,f
indiana,cambridge-city,Cambridge City,1,1-4,f
indiana,cayuga,Cayuga,1,1-4,f
indiana,columbia-city,Columbia City,1,1-4,f
indiana,crown-point,Crown Point,1,1-4,f
indiana,dale,Dale,1,1-4,f
indiana,delphi,Delphi,1,1-4,f
indiana,elwood,Elwood,1,1-4,f
indiana,english,English,1,1-4,f
indiana,fishers,Fishers,1,1-4,f
indiana,hagerstown,Hagerstown,1,1-4,f
indiana,hammond,Hammond,1,1-4,f
indiana,hartford-city,Hartford City,1,1-4,f
indiana,hebron,Hebron,1,1-4,f
indiana,henryville,Henryville,1,1-4,f
indiana,kendallville,Kendallville,1,1-4,f
indiana,knox,Knox,1,1-4,f
indiana,kouts,Kouts,1,1-4,f
indiana,lake-station,Lake Station,1,1-4,f
indiana,lexington,Lexington,1,1-4,f
indiana,logansport,Logansport,1,1-4,f
indiana,loogootee,Loogootee,1,1-4,f
indiana,lowell,Lowell,1,1-4,f
indiana,marengo,Marengo,1,1-4,f
indiana,michigan-city,Michigan City,1,1-4,f
indiana,mount-vernon,Mount Vernon,1,1-4,f
indiana,new-castle,New Castle,1,1-4,f
indiana,newburgh,Newburgh,1,1-4,f
indiana,orleans,Orleans,1,1-4,f
indiana,otterbein,Otterbein,1,1-4,f
indiana,paoli,Paoli,1,1-4,f
indiana,pierceton,Pierceton,1,1-4,f
indiana,pittsboro,Pittsboro,1,1-4,f
indiana,portland,Portland,1,1-4,f
indiana,princeton,Princeton,1,1-4,f
indiana,rensselaer,Rensselaer,1,1-4,f
indiana,rochester,Rochester,1,1-4,f
indiana,rushville,Rushville,1,1-4,f
indiana,salem,Salem,1,1-4,f
indiana,schererville,Schererville,1,1-4,f
indiana,syracuse,Syracuse,1,1-4,f
indiana,tell-city,Tell City,1,1-4,f
indiana,union-city,Union City,1,1-4,f
indiana,vevay,Vevay,1,1-4,f
indiana,west-harrison,West Harrison,1,1-4,f
indiana,west-terre-haute,West Terre Haute,1,1-4,f
indiana,winamac,Winamac,1,1-4,f
iowa,adair,Adair,1,1-4,f
iowa,adel,Adel,1,1-4,f
iowa,allison,Allison,1,1-4,f
iowa,audubon,Audubon,1,1-4,f
iowa,bayard,Bayard,1,1-4,f
iowa,belmond,Belmond,1,1-4,f
iowa,bloomfield,Bloomfield,1,1-4,f
iowa,boone,Boone,1,1-4,f
iowa,cedar-falls,Cedar Falls,1,1-4,f
iowa,chariton,Chariton,1,1-4,f
iowa,charles-city,Charles City,1,1-4,f
iowa,clarion,Clarion,1,1-4,f
iowa,clarksville,Clarksville,1,1-4,f
iowa,clive,Clive,1,1-4,f
iowa,conroy,Conroy,1,1-4,f
iowa,coralville,Coralville,1,1-4,f
iowa,creston,Creston,1,1-4,f
iowa,denison,Denison,1,1-4,f
iowa,emmetsburg,Emmetsburg,1,1-4,f
iowa,forest-city,Forest City,1,1-4,f
iowa,fredericksburg,Fredericksburg,1,1-4,f
iowa,garner,Garner,1,1-4,f
iowa,greenfield,Greenfield,1,1-4,f
iowa,guthrie-center,Guthrie Center,1,1-4,f
iowa,hampton,Hampton,1,1-4,f
iowa,hiawatha,Hiawatha,1,1-4,f
iowa,humboldt,Humboldt,1,1-4,f
iowa,ida-grove,Ida Grove,1,1-4,f
iowa,keosauqua,Keosauqua,1,1-4,f
iowa,lamoni,Lamoni,1,1-4,f
iowa,leon,Leon,1,1-4,f
iowa,lisbon,Lisbon,1,1-4,f
iowa,manning,Manning,1,1-4,f
iowa,maquoketa,Maquoketa,1,1-4,f
iowa,marion,Marion,1,1-4,f
iowa,marshalltown,Marshalltown,1,1-4,f
iowa,mount-pleasant,Mount Pleasant,1,1-4,f
iowa,muscatine,Muscatine,1,1-4,f
iowa,oelwein,Oelwein,1,1-4,f
iowa,pella,Pella,1,1-4,f
iowa,pleasant-hill,Pleasant Hill,1,1-4,f
iowa,prairie-city,Prairie City,1,1-4,f
iowa,rockwell-city,Rockwell City,1,1-4,f
iowa,scranton,Scranton,1,1-4,f
iowa,seymour,Seymour,1,1-4,f
iowa,sheldon,Sheldon,1,1-4,f
iowa,sioux-center,Sioux Center,1,1-4,f
iowa,tipton,Tipton,1,1-4,f
iowa,wapello,Wapello,1,1-4,f
iowa,washington,Washington,1,1-4,f
iowa,waukon,Waukon,1,1-4,f
iowa,webster-city,Webster City,1,1-4,f
iowa,west-burlington,West Burlington,1,1-4,f
iowa,woodward,Woodward,1,1-4,f
kansas,abilene,Abilene,1,1-4,f
kansas,andover,Andover,1,1-4,f
kansas,atchison,Atchison,1,1-4,f
kansas,augusta,Augusta,1,1-4,f
kansas,bel-aire,Bel Aire,1,1-4,t
kansas,belleville,Belleville,1,1-4,f
kansas,beloit,Beloit,1,1-4,f
kansas,burlington,Burlington,1,1-4,f
kansas,clay-center,Clay Center,1,1-4,f
kansas,coffeyville,Coffeyville,1,1-4,f
kansas,colby,Colby,1,1-4,f
kansas,dighton,Dighton,1,1-4,f
kansas,el-dorado,El Dorado,1,1-4,f
kansas,eskridge,Eskridge,1,1-4,f
kansas,garnett,Garnett,1,1-4,f
kansas,girard,Girard,1,1-4,f
kansas,goodland,Goodland,1,1-4,f
kansas,greensburg,Greensburg,1,1-4,f
kansas,haviland,Haviland,1,1-4,f
kansas,hiawatha,Hiawatha,1,1-4,f
kansas,hillsboro,Hillsboro,1,1-4,f
kansas,holton,Holton,1,1-4,f
kansas,humboldt,Humboldt,1,1-4,f
kansas,independence,Independence,1,1-4,f
kansas,iola,Iola,1,1-4,f
kansas,kingman,Kingman,1,1-4,f
kansas,liberal,Liberal,1,1-4,f
kansas,lyons,Lyons,1,1-4,f
kansas,manhattan,Manhattan,1,1-4,f
kansas,mankato,Mankato,1,1-4,f
kansas,marysville,Marysville,1,1-4,f
kansas,neodesha,Neodesha,1,1-4,f
kansas,norton,Norton,1,1-4,f
kansas,osborne,Osborne,1,1-4,f
kansas,oskaloosa,Oskaloosa,1,1-4,f
kansas,ottawa,Ottawa,1,1-4,f
kansas,parsons,Parsons,1,1-4,f
kansas,phillipsburg,Phillipsburg,1,1-4,f
kansas,pleasanton,Pleasanton,1,1-4,f
kansas,riverton,Riverton,1,1-4,f
kansas,sedan,Sedan,1,1-4,f
kansas,stafford,Stafford,1,1-4,f
kansas,wellington,Wellington,1,1-4,f
kansas,winchester,Winchester,1,1-4,f
kansas,yates-center,Yates Center,1,1-4,f
kentucky,ashcamp,Ashcamp,1,1-4,f
kentucky,beattyville,Beattyville,1,1-4,f
kentucky,beaver-dam,Beaver Dam,1,1-4,f
kentucky,bellevue,Bellevue,1,1-4,f
kentucky,brandenburg,Brandenburg,1,1-4,f
kentucky,bronston,Bronston,1,1-4,f
kentucky,brownsville,Brownsville,1,1-4,f
kentucky,burlington,Burlington,1,1-4,f
kentucky,cadiz,Cadiz,1,1-4,f
kentucky,calhoun,Calhoun,1,1-4,f
kentucky,chaplin,Chaplin,1,1-4,f
kentucky,eastern,Eastern,1,1-4,f
kentucky,edmonton,Edmonton,1,1-4,f
kentucky,emmalena,Emmalena,1,1-4,f
kentucky,falmouth,Falmouth,1,1-4,f
kentucky,fort-knox,Fort Knox,1,1-4,f
kentucky,fort-thomas,Fort Thomas,1,1-4,f
kentucky,frenchburg,Frenchburg,1,1-4,f
kentucky,gray,Gray,1,1-4,f
kentucky,greensburg,Greensburg,1,1-4,f
kentucky,greenup,Greenup,1,1-4,f
kentucky,hagerhill,Hagerhill,1,1-4,f
kentucky,harrodsburg,Harrodsburg,1,1-4,f
kentucky,hartford,Hartford,1,1-4,f
kentucky,hodgenville,Hodgenville,1,1-4,f
kentucky,independence,Independence,1,1-4,f
kentucky,irvine,Irvine,1,1-4,f
kentucky,jamestown,Jamestown,1,1-4,f
kentucky,kirksey,Kirksey,1,1-4,f
kentucky,lewisport,Lewisport,1,1-4,f
kentucky,liberty,Liberty,1,1-4,f
kentucky,mammoth-cave,Mammoth Cave,1,1-4,f
kentucky,mayking,Mayking,1,1-4,f
kentucky,mckee,McKee,1,1-4,f
kentucky,morganfield,Morganfield,1,1-4,f
kentucky,mount-vernon,Mount Vernon,1,1-4,f
kentucky,nancy,Nancy,1,1-4,f
kentucky,neon,Neon,1,1-4,f
kentucky,owenton,Owenton,1,1-4,f
kentucky,pewee-valley,Pewee Valley,1,1-4,f
kentucky,providence,Providence,1,1-4,f
kentucky,rush,Rush,1,1-4,f
kentucky,russell,Russell,1,1-4,f
kentucky,russellville,Russellville,1,1-4,f
kentucky,saint-catharine,Saint Catharine,1,1-4,f
kentucky,sandy-hook,Sandy Hook,1,1-4,f
kentucky,south-shore,South Shore,1,1-4,f
kentucky,springfield,Springfield,1,1-4,f
kentucky,stanford,Stanford,1,1-4,f
kentucky,taylorsville,Taylorsville,1,1-4,f
kentucky,tompkinsville,Tompkinsville,1,1-4,f
kentucky,vanceburg,Vanceburg,1,1-4,f
kentucky,wallingford,,1,1-4,f
kentucky,warfield,Warfield,1,1-4,f
kentucky,warsaw,Warsaw,1,1-4,f
kentucky,wheelwright,Wheelwright,1,1-4,f
kentucky,whitley-city,Whitley City,1,1-4,f
louisiana,abita-springs,Abita Springs,1,1-4,f
louisiana,arabi,Arabi,1,1-4,f
louisiana,breaux-bridge,Breaux Bridge,1,1-4,f
louisiana,bunkie,Bunkie,1,1-4,f
louisiana,chataignier,Chataignier,1,1-4,f
louisiana,cheneyville,Cheneyville,1,1-4,f
louisiana,columbia,Columbia,1,1-4,f
louisiana,coushatta,Coushatta,1,1-4,f
louisiana,delhi,Delhi,1,1-4,f
louisiana,donaldsonville,Donaldsonville,1,1-4,f
louisiana,ethel,Ethel,1,1-4,f
louisiana,ferriday,Ferriday,1,1-4,f
louisiana,gonzales,Gonzales,1,1-4,f
louisiana,iowa,Iowa,1,1-4,f
louisiana,jackson,Jackson,1,1-4,f
louisiana,kaplan,Kaplan,1,1-4,f
louisiana,kenner,Kenner,1,1-4,f
louisiana,lacombe,Lacombe,1,1-4,f
louisiana,lake-providence,Lake Providence,1,1-4,f
louisiana,lutcher,Lutcher,1,1-4,f
louisiana,mansfield,Mansfield,1,1-4,f
louisiana,natchitoches,Natchitoches,1,1-4,f
louisiana,oakdale,Oakdale,1,1-4,f
louisiana,oberlin,Oberlin,1,1-4,f
louisiana,pineville,Pineville,1,1-4,f
louisiana,plaquemine,Plaquemine,1,1-4,f
louisiana,port-allen,Port Allen,1,1-4,f
louisiana,rayne,Rayne,1,1-4,f
louisiana,saint-francisville,Saint Francisville,1,1-4,f
louisiana,scott,Scott,1,1-4,f
louisiana,sorrento,Sorrento,1,1-4,f
louisiana,springhill,Springhill,1,1-4,f
louisiana,sulphur,Sulphur,1,1-4,f
louisiana,sunset,Sunset,1,1-4,f
louisiana,ville-platte,Ville Platte,1,1-4,f
louisiana,winnfield,Winnfield,1,1-4,f
maine,albion,Albion,1,1-4,f
maine,bucksport,Bucksport,1,1-4,f
maine,buxton,Buxton,1,1-4,f
maine,east-machias,East Machias,1,1-4,f
maine,eastport,Eastport,1,1-4,f
maine,fairfield,Fairfield,1,1-4,f
maine,farmington,Farmington,1,1-4,f
maine,hallowell,Hallowell,1,1-4,f
maine,harrington,Harrington,1,1-4,f
maine,kittery,Kittery,1,1-4,f
maine,lincoln,Lincoln,1,1-4,f
maine,lubec,Lubec,1,1-4,f
maine,north-berwick,North Berwick,1,1-4,f
maine,porter,Porter,1,1-4,f
maine,rockport,Rockport,1,1-4,f
maine,sanford,Sanford,1,1-4,f
maine,skowhegan,Skowhegan,1,1-4,f
maine,south-paris,South Paris,1,1-4,f
maine,stetson,Stetson,1,1-4,f
maine,westbrook,Westbrook,1,1-4,f
maine,wilton,Wilton,1,1-4,f
maine,yarmouth,Yarmouth,1,1-4,f
maryland,arnold,Arnold,1,1-4,f
maryland,bel-alton,Bel Alton,1,1-4,f
maryland,belcamp,Belcamp,1,1-4,f
maryland,beltsville,Beltsville,1,1-4,f
maryland,bowie,Bowie,1,1-4,f
maryland,buckeystown,Buckeystown,1,1-4,f
maryland,burtonsville,Burtonsville,1,1-4,f
maryland,capitol-heights,Capitol Heights,1,1-4,f
maryland,charlotte-hall,Charlotte Hall,1,1-4,f
maryland,chesapeake-beach,Chesapeake Beach,1,1-4,f
maryland,chevy-chase,Chevy Chase,1,1-4,f
maryland,clinton,Clinton,1,1-4,f
maryland,cockeysville,Cockeysville,1,1-4,f
maryland,colora,Colora,1,1-4,f
maryland,crisfield,Crisfield,1,1-4,f
maryland,crofton,Crofton,1,1-4,f
maryland,delmar,Delmar,1,1-4,f
maryland,district-heights,District Heights,1,1-4,f
maryland,earleville,Earleville,1,1-4,f
maryland,edgewater,Edgewater,1,1-4,f
maryland,emmitsburg,Emmitsburg,1,1-4,f
maryland,fallston,Fallston,1,1-4,f
maryland,federalsburg,Federalsburg,1,1-4,f
maryland,forest-hill,Forest Hill,1,1-4,f
maryland,fort-george-g-meade,Fort George G Meade,1,1-4,f
maryland,funkstown,Funkstown,1,1-4,f
maryland,gambrills,Gambrills,1,1-4,f
maryland,glenwood,Glenwood,1,1-4,f
maryland,grasonville,Grasonville,1,1-4,f
maryland,highland,Highland,1,1-4,f
maryland,hollywood,Hollywood,1,1-4,f
maryland,jessup,Jessup,1,1-4,f
maryland,joppa,Joppa,1,1-4,f
maryland,kensington,Kensington,1,1-4,f
maryland,la-plata,La Plata,1,1-4,t
maryland,leonardtown,Leonardtown,1,1-4,f
maryland,lexington-park,Lexington Park,1,1-4,f
maryland,linthicum-heights,Linthicum Heights,1,1-4,f
maryland,lusby,Lusby,1,1-4,f
maryland,manchester,Manchester,1,1-4,f
maryland,millersville,Millersville,1,1-4,f
maryland,montgomery-village,Montgomery Village,1,1-4,f
maryland,odenton,Odenton,1,1-4,f
maryland,parkville,Parkville,1,1-4,f
maryland,parsonsburg,Parsonsburg,1,1-4,f
maryland,pasadena,Pasadena,1,1-4,f
maryland,patuxent-river,Patuxent River,1,1-4,f
maryland,perry-point,Perry Point,1,1-4,f
maryland,pocomoke-city,Pocomoke City,1,1-4,f
maryland,randallstown,Randallstown,1,1-4,f
maryland,reisterstown,Reisterstown,1,1-4,f
maryland,sabillasville,Sabillasville,1,1-4,f
maryland,secretary,Secretary,1,1-4,f
maryland,severna-park,Severna Park,1,1-4,f
maryland,stevensville,Stevensville,1,1-4,f
maryland,takoma-park,Takoma Park,1,1-4,f
maryland,temple-hills,Temple Hills,1,1-4,f
maryland,williamsport,Williamsport,1,1-4,f
massachusetts,amherst,Amherst,1,1-4,f
massachusetts,ashby,Ashby,1,1-4,f
massachusetts,barre,Barre,1,1-4,f
massachusetts,belchertown,Belchertown,1,1-4,f
massachusetts,belmont,Belmont,1,1-4,f
massachusetts,buzzards-bay,Buzzards Bay,1,1-4,f
massachusetts,centerville,Centerville,1,1-4,f
massachusetts,chelmsford,Chelmsford,1,1-4,f
massachusetts,cummington,Cummington,1,1-4,f
massachusetts,devens,Devens,1,1-4,f
massachusetts,douglas,Douglas,1,1-4,f
massachusetts,east-falmouth,East Falmouth,1,1-4,f
massachusetts,east-longmeadow,East Longmeadow,1,1-4,f
massachusetts,east-wareham,East Wareham,1,1-4,f
massachusetts,east-weymouth,East Weymouth,1,1-4,f
massachusetts,everett,Everett,1,1-4,f
massachusetts,feeding-hills,Feeding Hills,1,1-4,f
massachusetts,franklin,Franklin,1,1-4,f
massachusetts,georgetown,Georgetown,1,1-4,f
massachusetts,harvard,Harvard,1,1-4,f
massachusetts,harwich,Harwich,1,1-4,f
massachusetts,hatfield,Hatfield,1,1-4,f
massachusetts,leeds,Leeds,1,1-4,f
massachusetts,leicester,Leicester,1,1-4,f
massachusetts,ludlow,Ludlow,1,1-4,f
massachusetts,malden,Malden,1,1-4,f
massachusetts,mansfield,Mansfield,1,1-4,f
massachusetts,marblehead,Marblehead,1,1-4,f
massachusetts,marion,Marion,1,1-4,f
massachusetts,mashpee,Mashpee,1,1-4,f
massachusetts,mattapan,Mattapan,1,1-4,f
massachusetts,methuen,Methuen,1,1-4,f
massachusetts,middleboro,Middleboro,1,1-4,f
massachusetts,monterey,Monterey,1,1-4,f
massachusetts,nantucket,Nantucket,1,1-4,f
massachusetts,natick,Natick,1,1-4,f
massachusetts,needham-heights,Needham Heights,1,1-4,f
massachusetts,newburyport,Newburyport,1,1-4,f
massachusetts,newton,Newton,1,1-4,f
massachusetts,newton-upper-falls,Newton Upper Falls,1,1-4,f
massachusetts,north-andover,North Andover,1,1-4,f
massachusetts,north-billerica,North Billerica,1,1-4,f
massachusetts,north-chelmsford,North Chelmsford,1,1-4,f
massachusetts,north-dartmouth,North Dartmouth,1,1-4,f
massachusetts,north-reading,North Reading,1,1-4,f
massachusetts,norwood,Norwood,1,1-4,f
massachusetts,palmer,Palmer,1,1-4,f
massachusetts,petersham,Petersham,1,1-4,f
massachusetts,pocasset,Pocasset,1,1-4,f
massachusetts,princeton,Princeton,1,1-4,f
massachusetts,randolph,Randolph,1,1-4,f
massachusetts,revere,Revere,1,1-4,f
massachusetts,rochdale,Rochdale,1,1-4,f
massachusetts,rockland,Rockland,1,1-4,t
massachusetts,rowley,Rowley,1,1-4,f
massachusetts,roxbury-crossing,Roxbury Crossing,1,1-4,f
massachusetts,saugus,Saugus,1,1-4,f
massachusetts,sharon,Sharon,1,1-4,t
massachusetts,shrewsbury,Shrewsbury,1,1-4,f
massachusetts,southborough,Southborough,1,1-4,f
massachusetts,stockbridge,Stockbridge,1,1-4,f
massachusetts,swansea,Swansea,1,1-4,f
massachusetts,vineyard-haven,Vineyard Haven,1,1-4,f
massachusetts,walpole,Walpole,1,1-4,f
massachusetts,ware,Ware,1,1-4,f
massachusetts,wareham,Wareham,1,1-4,f
massachusetts,watertown,Watertown,1,1-4,f
massachusetts,webster,Webster,1,1-4,f
massachusetts,wellfleet,Wellfleet,1,1-4,f
massachusetts,west-roxbury,West Roxbury,1,1-4,f
massachusetts,westminster,Westminster,1,1-4,f
massachusetts,weston,Weston,1,1-4,f
massachusetts,whitinsville,Whitinsville,1,1-4,f
massachusetts,whitman,Whitman,1,1-4,f
massachusetts,wilmington,Wilmington,1,1-4,f
massachusetts,winchester,Winchester,1,1-4,f
michigan,alma,Alma,1,1-4,f
michigan,baldwin,Baldwin,1,1-4,f
michigan,bellaire,Bellaire,1,1-4,f
michigan,benzonia,Benzonia,1,1-4,f
michigan,berrien-center,Berrien Center,1,1-4,f
michigan,bloomfield-hills,Bloomfield Hills,1,1-4,f
michigan,boyne-falls,Boyne Falls,1,1-4,f
michigan,brimley,Brimley,1,1-4,f
michigan,caledonia,Caledonia,1,1-4,f
michigan,center-line,Center Line,1,1-4,f
michigan,centreville,Centreville,1,1-4,f
michigan,chelsea,Chelsea,1,1-4,f
michigan,corunna,Corunna,1,1-4,f
michigan,dearborn-heights,Dearborn Heights,1,1-4,f
michigan,ferndale,Ferndale,1,1-4,f
michigan,franklin,Franklin,1,1-4,f
michigan,freeland,Freeland,1,1-4,f
michigan,fulton,Fulton,1,1-4,f
michigan,hancock,Hancock,1,1-4,f
michigan,harbor-springs,Harbor Springs,1,1-4,f
michigan,harrison,Harrison,1,1-4,f
michigan,harrisville,Harrisville,1,1-4,f
michigan,hart,Hart,1,1-4,f
michigan,hazel-park,Hazel Park,1,1-4,f
michigan,holly,Holly,1,1-4,f
michigan,indian-river,Indian River,1,1-4,f
michigan,inkster,Inkster,1,1-4,f
michigan,ionia,Ionia,1,1-4,f
michigan,iron-mountain,Iron Mountain,1,1-4,f
michigan,iron-river,Iron River,1,1-4,f
michigan,ironwood,Ironwood,1,1-4,f
michigan,ishpeming,Ishpeming,1,1-4,f
michigan,ithaca,Ithaca,1,1-4,f
michigan,kalkaska,Kalkaska,1,1-4,f
michigan,kincheloe,Kincheloe,1,1-4,f
michigan,kingsford,Kingsford,1,1-4,f
michigan,lake-orion,Lake Orion,1,1-4,f
michigan,mackinaw-city,Mackinaw City,1,1-4,f
michigan,mancelona,Mancelona,1,1-4,f
michigan,marine-city,Marine City,1,1-4,f
michigan,marne,Marne,1,1-4,f
michigan,marshall,Marshall,1,1-4,f
michigan,mason,Mason,1,1-4,f
michigan,milford,Milford,1,1-4,f
michigan,millington,Millington,1,1-4,f
michigan,mount-clemens,Mount Clemens,1,1-4,f
michigan,new-hudson,New Hudson,1,1-4,f
michigan,newaygo,Newaygo,1,1-4,f
michigan,newberry,Newberry,1,1-4,f
michigan,oak-park,Oak Park,1,1-4,f
michigan,okemos,Okemos,1,1-4,f
michigan,ortonville,Ortonville,1,1-4,f
michigan,paw-paw,Paw Paw,1,1-4,f
michigan,pigeon,Pigeon,1,1-4,f
michigan,plainwell,Plainwell,1,1-4,f
michigan,plymouth,Plymouth,1,1-4,f
michigan,portland,Portland,1,1-4,f
michigan,redford,Redford,1,1-4,f
michigan,reed-city,Reed City,1,1-4,f
michigan,romeo,Romeo,1,1-4,f
michigan,romulus,Romulus,1,1-4,f
michigan,saint-joseph,Saint Joseph,1,1-4,f
michigan,stanton,Stanton,1,1-4,f
michigan,sterling,Sterling,1,1-4,f
michigan,tecumseh,Tecumseh,1,1-4,f
michigan,utica,Utica,1,1-4,f
michigan,wakefield,Wakefield,1,1-4,f
michigan,white-cloud,White Cloud,1,1-4,f
michigan,wyoming,Wyoming,1,1-4,f
michigan,ypsilanti,Ypsilanti,1,1-4,f
michigan,zeeland,Zeeland,1,1-4,f
minnesota,annandale,Annandale,1,1-4,f
minnesota,baxter,Baxter,1,1-4,f
minnesota,benson,Benson,1,1-4,f
minnesota,bloomington,Bloomington,1,1-4,f
minnesota,bovey,Bovey,1,1-4,f
minnesota,breckenridge,Breckenridge,1,1-4,f
minnesota,caledonia,Caledonia,1,1-4,f
minnesota,cannon-falls,Cannon Falls,1,1-4,f
minnesota,center-city,Center City,1,1-4,f
minnesota,chanhassen,Chanhassen,1,1-4,f
minnesota,chisago-city,Chisago City,1,1-4,f
minnesota,delano,Delano,1,1-4,f
minnesota,forest-lake,Forest Lake,1,1-4,f
minnesota,glenwood,Glenwood,1,1-4,f
minnesota,howard-lake,Howard Lake,1,1-4,f
minnesota,hugo,Hugo,1,1-4,f
minnesota,kasson,Kasson,1,1-4,f
minnesota,lake-elmo,Lake Elmo,1,1-4,f
minnesota,loretto,Loretto,1,1-4,f
minnesota,luverne,Luverne,1,1-4,f
minnesota,maple-grove,Maple Grove,1,1-4,f
minnesota,milaca,Milaca,1,1-4,f
minnesota,mora,Mora,1,1-4,f
minnesota,morton,Morton,1,1-4,f
minnesota,nevis,Nevis,1,1-4,f
minnesota,new-prague,New Prague,1,1-4,f
minnesota,nisswa,Nisswa,1,1-4,f
minnesota,north-branch,North Branch,1,1-4,f
minnesota,ogema,Ogema,1,1-4,f
minnesota,park-rapids,Park Rapids,1,1-4,f
minnesota,perham,Perham,1,1-4,f
minnesota,ponemah,Ponemah,1,1-4,f
minnesota,redby,Redby,1,1-4,f
minnesota,redwood-falls,Redwood Falls,1,1-4,f
minnesota,roseau,Roseau,1,1-4,f
minnesota,rush-city,Rush City,1,1-4,f
minnesota,saint-francis,Saint Francis,1,1-4,f
minnesota,sandstone,Sandstone,1,1-4,f
minnesota,sauk-centre,Sauk Centre,1,1-4,f
minnesota,sauk-rapids,Sauk Rapids,1,1-4,f
minnesota,spring-park,Spring Park,1,1-4,f
minnesota,st-cloud,St Cloud,1,1-4,t
minnesota,staples,Staples,1,1-4,f
minnesota,thief-river-falls,Thief River Falls,1,1-4,f
minnesota,two-harbors,Two Harbors,1,1-4,f
minnesota,wabasha,Wabasha,1,1-4,f
minnesota,wabasso,Wabasso,1,1-4,f
minnesota,warren,Warren,1,1-4,f
minnesota,winsted,Winsted,1,1-4,f
minnesota,wyoming,Wyoming,1,1-4,f
mississippi,amory,Amory,1,1-4,f
mississippi,ashland,Ashland,1,1-4,f
mississippi,bay-springs,Bay Springs,1,1-4,f
mississippi,belzoni,Belzoni,1,1-4,f
mississippi,booneville,Booneville,1,1-4,f
mississippi,byhalia,Byhalia,1,1-4,f
mississippi,byram,Byram,1,1-4,f
mississippi,canton,Canton,1,1-4,f
mississippi,carthage,Carthage,1,1-4,f
mississippi,charleston,Charleston,1,1-4,f
mississippi,clarksdale,Clarksdale,1,1-4,f
mississippi,cleveland,Cleveland,1,1-4,f
mississippi,clinton,Clinton,1,1-4,f
mississippi,collins,Collins,1,1-4,f
mississippi,columbia,Columbia,1,1-4,f
mississippi,de-kalb,De Kalb,1,1-4,f
mississippi,decatur,Decatur,1,1-4,f
mississippi,etta,Etta,1,1-4,f
mississippi,fayette,Fayette,1,1-4,f
mississippi,forest,Forest,1,1-4,f
mississippi,fulton,Fulton,1,1-4,f
mississippi,gautier,Gautier,1,1-4,f
mississippi,greenville,Greenville,1,1-4,f
mississippi,grenada,Grenada,1,1-4,f
mississippi,holly-springs,Holly Springs,1,1-4,f
mississippi,houston,Houston,1,1-4,f
mississippi,iuka,Iuka,1,1-4,f
mississippi,kosciusko,Kosciusko,1,1-4,f
mississippi,louisville,Louisville,1,1-4,f
mississippi,lucedale,Lucedale,1,1-4,f
mississippi,marks,Marks,1,1-4,f
mississippi,meadville,Meadville,1,1-4,f
mississippi,monticello,Monticello,1,1-4,f
mississippi,moselle,Moselle,1,1-4,f
mississippi,philadelphia,Philadelphia,1,1-4,f
mississippi,pittsboro,Pittsboro,1,1-4,f
mississippi,port-gibson,Port Gibson,1,1-4,f
mississippi,prentiss,Prentiss,1,1-4,f
mississippi,purvis,Purvis,1,1-4,f
mississippi,quitman,Quitman,1,1-4,f
mississippi,ripley,Ripley,1,1-4,f
mississippi,rolling-fork,Rolling Fork,1,1-4,f
mississippi,sardis,Sardis,1,1-4,f
mississippi,southaven,Southaven,1,1-4,f
mississippi,tunica,Tunica,1,1-4,f
mississippi,tutwiler,Tutwiler,1,1-4,f
mississippi,tylertown,Tylertown,1,1-4,f
mississippi,vicksburg,Vicksburg,1,1-4,f
mississippi,walls,Walls,1,1-4,f
mississippi,water-valley,Water Valley,1,1-4,f
mississippi,waynesboro,Waynesboro,1,1-4,f
mississippi,whitfield,Whitfield,1,1-4,f
missouri,arnold,Arnold,1,1-4,f
missouri,ava,Ava,1,1-4,f
missouri,ballwin,Ballwin,1,1-4,f
missouri,benton,Benton,1,1-4,f
missouri,bloomfield,Bloomfield,1,1-4,f
missouri,bowling-green,Bowling Green,1,1-4,f
missouri,bridgeton,Bridgeton,1,1-4,f
missouri,brookfield,Brookfield,1,1-4,f
missouri,buckner,Buckner,1,1-4,f
missouri,butler,Butler,1,1-4,f
missouri,cadet,Cadet,1,1-4,f
missouri,cameron,Cameron,1,1-4,f
missouri,carrollton,Carrollton,1,1-4,f
missouri,caruthersville,Caruthersville,1,1-4,f
missouri,cassville,Cassville,1,1-4,f
missouri,charleston,Charleston,1,1-4,f
missouri,chesterfield,Chesterfield,1,1-4,f
missouri,chillicothe,Chillicothe,1,1-4,f
missouri,concordia,Concordia,1,1-4,f
missouri,crystal-city,Crystal City,1,1-4,f
missouri,dittmer,Dittmer,1,1-4,f
missouri,doniphan,Doniphan,1,1-4,f
missouri,eldon,Eldon,1,1-4,f
missouri,ellington,Ellington,1,1-4,f
missouri,eolia,Eolia,1,1-4,f
missouri,forsyth,Forsyth,1,1-4,f
missouri,gladstone,Gladstone,1,1-4,f
missouri,greenfield,Greenfield,1,1-4,f
missouri,greenville,Greenville,1,1-4,f
missouri,higginsville,Higginsville,1,1-4,f
missouri,hillsboro,Hillsboro,1,1-4,f
missouri,houston,Houston,1,1-4,f
missouri,kahoka,Kahoka,1,1-4,f
missouri,kingdom-city,Kingdom City,1,1-4,f
missouri,kirkwood,Kirkwood,1,1-4,f
missouri,lamar,Lamar,1,1-4,f
missouri,lebanon,Lebanon,1,1-4,f
missouri,lexington,Lexington,1,1-4,f
missouri,linn-creek,Linn Creek,1,1-4,f
missouri,marble-hill,Marble Hill,1,1-4,f
missouri,marshfield,Marshfield,1,1-4,f
missouri,maryland-heights,Maryland Heights,1,1-4,f
missouri,milan,Milan,1,1-4,f
missouri,montgomery-city,Montgomery City,1,1-4,f
missouri,mount-vernon,Mount Vernon,1,1-4,f
missouri,mountain-grove,Mountain Grove,1,1-4,f
missouri,new-london,New London,1,1-4,f
missouri,odessa,Odessa,1,1-4,f
missouri,osceola,Osceola,1,1-4,f
missouri,ozark,Ozark,1,1-4,f
missouri,richmond,Richmond,1,1-4,f
missouri,rogersville,Rogersville,1,1-4,f
missouri,saint-james,Saint James,1,1-4,f
missouri,scott-city,Scott City,1,1-4,f
missouri,smithville,Smithville,1,1-4,f
missouri,st-louis,St. Louis,1,1-4,t
missouri,steelville,Steelville,1,1-4,f
missouri,van-buren,Van Buren,1,1-4,f
missouri,warsaw,Warsaw,1,1-4,f
missouri,washington,Washington,1,1-4,f
missouri,waverly,Waverly,1,1-4,f
missouri,waynesville,Waynesville,1,1-4,f
missouri,windsor,Windsor,1,1-4,f
montana,anaconda,Anaconda,1,1-4,f
montana,baker,Baker,1,1-4,f
montana,belgrade,Belgrade,1,1-4,f
montana,big-timber,Big Timber,1,1-4,f
montana,box-elder,Box Elder,1,1-4,f
montana,broadus,Broadus,1,1-4,f
montana,choteau,Choteau,1,1-4,f
montana,columbus,Columbus,1,1-4,f
montana,conrad,Conrad,1,1-4,f
montana,eureka,Eureka,1,1-4,f
montana,glasgow,Glasgow,1,1-4,f
montana,hardin,Hardin,1,1-4,f
montana,harlem,Harlem,1,1-4,f
montana,laurel,Laurel,1,1-4,f
montana,malta,Malta,1,1-4,f
montana,marion,Marion,1,1-4,f
montana,plentywood,Plentywood,1,1-4,f
montana,polson,Polson,1,1-4,f
montana,poplar,Poplar,1,1-4,f
montana,red-lodge,Red Lodge,1,1-4,f
montana,ronan,Ronan,1,1-4,f
montana,saint-ignatius,Saint Ignatius,1,1-4,f
montana,shelby,Shelby,1,1-4,f
montana,stevensville,Stevensville,1,1-4,f
montana,superior,Superior,1,1-4,f
montana,troy,Troy,1,1-4,f
montana,whitefish,Whitefish,1,1-4,f
nebraska,auburn,Auburn,1,1-4,f
nebraska,crete,Crete,1,1-4,f
nebraska,david-city,David City,1,1-4,f
nebraska,fairbury,Fairbury,1,1-4,f
nebraska,geneva,Geneva,1,1-4,f
nebraska,gering,Gering,1,1-4,f
nebraska,holdrege,Holdrege,1,1-4,f
nebraska,madison,Madison,1,1-4,f
nebraska,mc-cook,,1,1-4,f
nebraska,mccook,McCook,1,1-4,f
nebraska,niobrara,Niobrara,1,1-4,f
nebraska,ogallala,Ogallala,1,1-4,f
nebraska,ord,Ord,1,1-4,f
nebraska,scottsbluff,Scottsbluff,1,1-4,f
nebraska,seward,Seward,1,1-4,f
nebraska,sidney,Sidney,1,1-4,f
nebraska,south-sioux-city,South Sioux City,1,1-4,f
nebraska,york,York,1,1-4,f
nevada,battle-mountain,Battle Mountain,1,1-4,f
nevada,ely,Ely,1,1-4,f
nevada,laughlin,Laughlin,1,1-4,f
nevada,lovelock,Lovelock,1,1-4,f
nevada,mesquite,Mesquite,1,1-4,f
nevada,panaca,Panaca,1,1-4,f
nevada,sparks,Sparks,1,1-4,f
nevada,yerington,Yerington,1,1-4,f
new-hampshire,bedford,Bedford,1,1-4,f
new-hampshire,bethlehem,Bethlehem,1,1-4,f
new-hampshire,bristol,Bristol,1,1-4,f
new-hampshire,canaan,Canaan,1,1-4,f
new-hampshire,canterbury,Canterbury,1,1-4,f
new-hampshire,center-ossipee,Center Ossipee,1,1-4,f
new-hampshire,colebrook,Colebrook,1,1-4,f
new-hampshire,conway,Conway,1,1-4,f
new-hampshire,dublin,Dublin,1,1-4,f
new-hampshire,exeter,Exeter,1,1-4,f
new-hampshire,gilford,Gilford,1,1-4,f
new-hampshire,greenland,Greenland,1,1-4,f
new-hampshire,hampstead,Hampstead,1,1-4,f
new-hampshire,hudson,Hudson,1,1-4,f
new-hampshire,lancaster,Lancaster,1,1-4,f
new-hampshire,merrimack,Merrimack,1,1-4,f
new-hampshire,newmarket,Newmarket,1,1-4,f
new-hampshire,north-conway,North Conway,1,1-4,f
new-hampshire,raymond,Raymond,1,1-4,f
new-hampshire,suncook,Suncook,1,1-4,f
new-hampshire,swanzey,Swanzey,1,1-4,f
new-hampshire,tilton,Tilton,1,1-4,f
new-hampshire,west-lebanon,West Lebanon,1,1-4,f
new-hampshire,whitefield,Whitefield,1,1-4,f
new-jersey,alloway,Alloway,1,1-4,f
new-jersey,atco,Atco,1,1-4,f
new-jersey,atlantic-highlands,Atlantic Highlands,1,1-4,f
new-jersey,avenel,Avenel,1,1-4,f
new-jersey,barnegat,Barnegat,1,1-4,f
new-jersey,bayville,Bayville,1,1-4,f
new-jersey,belle-mead,Belle Mead,1,1-4,f
new-jersey,berkeley-heights,Berkeley Heights,1,1-4,f
new-jersey,boonton,Boonton,1,1-4,f
new-jersey,clark,Clark,1,1-4,f
new-jersey,clementon,Clementon,1,1-4,f
new-jersey,cliffside-park,Cliffside Park,1,1-4,f
new-jersey,cliffwood,Cliffwood,1,1-4,f
new-jersey,clinton,Clinton,1,1-4,f
new-jersey,collingswood,Collingswood,1,1-4,f
new-jersey,cranford,Cranford,1,1-4,f
new-jersey,dover,Dover,1,1-4,f
new-jersey,dumont,Dumont,1,1-4,f
new-jersey,east-brunswick,East Brunswick,1,1-4,f
new-jersey,east-rutherford,East Rutherford,1,1-4,f
new-jersey,egg-harbor-city,Egg Harbor City,1,1-4,f
new-jersey,elizabethport,Elizabethport,1,1-4,f
new-jersey,elmer,Elmer,1,1-4,f
new-jersey,flanders,Flanders,1,1-4,f
new-jersey,fort-dix,Fort Dix,1,1-4,f
new-jersey,fort-lee,Fort Lee,1,1-4,f
new-jersey,galloway,Galloway,1,1-4,f
new-jersey,glassboro,Glassboro,1,1-4,f
new-jersey,gloucester-city,Gloucester City,1,1-4,f
new-jersey,haskell,Haskell,1,1-4,f
new-jersey,hawthorne,Hawthorne,1,1-4,f
new-jersey,hazlet,Hazlet,1,1-4,f
new-jersey,hightstown,Hightstown,1,1-4,f
new-jersey,howell,Howell,1,1-4,f
new-jersey,keansburg,Keansburg,1,1-4,f
new-jersey,lake-hopatcong,Lake Hopatcong,1,1-4,f
new-jersey,lawrence,Lawrence,1,1-4,f
new-jersey,ledgewood,Ledgewood,1,1-4,f
new-jersey,little-falls,Little Falls,1,1-4,f
new-jersey,magnolia,Magnolia,1,1-4,f
new-jersey,margate,Margate,1,1-4,f
new-jersey,margate-city,Margate City,1,1-4,f
new-jersey,millville,Millville,1,1-4,f
new-jersey,monroe-township,Monroe Township,1,1-4,f
new-jersey,montville,Montville,1,1-4,f
new-jersey,morris-plains,Morris Plains,1,1-4,f
new-jersey,mount-laurel,Mount Laurel,1,1-4,f
new-jersey,mountainside,Mountainside,1,1-4,f
new-jersey,mullica-hill,Mullica Hill,1,1-4,f
new-jersey,new-providence,New Providence,1,1-4,f
new-jersey,newfield,Newfield,1,1-4,f
new-jersey,norwood,Norwood,1,1-4,t
new-jersey,oceanport,Oceanport,1,1-4,f
new-jersey,oradell,Oradell,1,1-4,f
new-jersey,pennington,Pennington,1,1-4,f
new-jersey,penns-grove,Penns Grove,1,1-4,f
new-jersey,pennsauken,Pennsauken,1,1-4,f
new-jersey,pennsville,Pennsville,1,1-4,f
new-jersey,pine-brook,Pine Brook,1,1-4,f
new-jersey,pleasantville,Pleasantville,1,1-4,f
new-jersey,princeton-junction,Princeton Junction,1,1-4,f
new-jersey,rahway,Rahway,1,1-4,f
new-jersey,randolph,Randolph,1,1-4,f
new-jersey,ridgefield,Ridgefield,1,1-4,f
new-jersey,robbinsville,Robbinsville,1,1-4,f
new-jersey,saddle-brook,Saddle Brook,1,1-4,f
new-jersey,scotch-plains,Scotch Plains,1,1-4,f
new-jersey,secaucus,Secaucus,1,1-4,f
new-jersey,sewaren,Sewaren,1,1-4,f
new-jersey,sicklerville,Sicklerville,1,1-4,f
new-jersey,somerdale,Somerdale,1,1-4,f
new-jersey,south-plainfield,South Plainfield,1,1-4,f
new-jersey,stanhope,Stanhope,1,1-4,f
new-jersey,stirling,Stirling,1,1-4,f
new-jersey,teaneck,Teaneck,1,1-4,f
new-jersey,thorofare,Thorofare,1,1-4,f
new-jersey,towaco,Towaco,1,1-4,f
new-jersey,tuckerton,Tuckerton,1,1-4,f
new-jersey,union-city,Union City,1,1-4,f
new-jersey,vauxhall,Vauxhall,1,1-4,f
new-jersey,verona,Verona,1,1-4,f
new-jersey,villas,Villas,1,1-4,f
new-jersey,washington,Washington,1,1-4,f
new-jersey,watchung,Watchung,1,1-4,f
new-jersey,wayne,Wayne,1,1-4,f
new-jersey,west-milford,West Milford,1,1-4,f
new-jersey,whitehouse-station,Whitehouse Station,1,1-4,f
new-jersey,wildwood,Wildwood,1,1-4,f
new-jersey,woodbury,Woodbury,1,1-4,f
new-jersey,woodbury-heights,Woodbury Heights,1,1-4,f
new-jersey,wyckoff,Wyckoff,1,1-4,f
new-mexico,alamogordo,Alamogordo,1,1-4,f
new-mexico,anthony,Anthony,1,1-4,f
new-mexico,anton-chico,Anton Chico,1,1-4,f
new-mexico,artesia,Artesia,1,1-4,f
new-mexico,belen,Belen,1,1-4,f
new-mexico,coyote,Coyote,1,1-4,f
new-mexico,edgewood,Edgewood,1,1-4,f
new-mexico,embudo,Embudo,1,1-4,f
new-mexico,grants,Grants,1,1-4,f
new-mexico,hobbs,Hobbs,1,1-4,f
new-mexico,los-alamos,Los Alamos,1,1-4,f
new-mexico,mescalero,Mescalero,1,1-4,f
new-mexico,pecos,Pecos,1,1-4,f
new-mexico,penasco,Penasco,1,1-4,f
new-mexico,portales,Portales,1,1-4,f
new-mexico,pueblo-of-acoma,Pueblo of Acoma,1,1-4,f
new-mexico,quemado,Quemado,1,1-4,f
new-mexico,questa,Questa,1,1-4,f
new-mexico,reserve,Reserve,1,1-4,f
new-mexico,ribera,Ribera,1,1-4,f
new-mexico,roy,Roy,1,1-4,f
new-mexico,ruidoso,Ruidoso,1,1-4,f
new-mexico,santa-rosa,Santa Rosa,1,1-4,f
new-mexico,santa-teresa,Santa Teresa,1,1-4,f
new-mexico,shiprock,Shiprock,1,1-4,f
new-mexico,springer,Springer,1,1-4,f
new-mexico,sunland-park,Sunland Park,1,1-4,f
new-mexico,thoreau,Thoreau,1,1-4,f
new-mexico,truchas,Truchas,1,1-4,f
new-mexico,tucumcari,Tucumcari,1,1-4,f
new-mexico,velarde,Velarde,1,1-4,f
new-mexico,wagon-mound,Wagon Mound,1,1-4,f
new-mexico,zuni,Zuni,1,1-4,f
new-york,akwesasne,Akwesasne,1,1-4,f
new-york,amityville,Amityville,1,1-4,f
new-york,appleton,Appleton,1,1-4,f
new-york,arverne,Arverne,1,1-4,f
new-york,baldwin,Baldwin,1,1-4,f
new-york,barryville,Barryville,1,1-4,f
new-york,bath,Bath,1,1-4,f
new-york,bay-shore,Bay Shore,1,1-4,f
new-york,bellerose,Bellerose,1,1-4,f
new-york,bethpage,Bethpage,1,1-4,f
new-york,blauvelt,Blauvelt,1,1-4,f
new-york,bohemia,Bohemia,1,1-4,f
new-york,bowmansville,Bowmansville,1,1-4,f
new-york,brewster,Brewster,1,1-4,f
new-york,cairo,Cairo,1,1-4,f
new-york,calverton,Calverton,1,1-4,f
new-york,canton,Canton,1,1-4,f
new-york,cassadaga,Cassadaga,1,1-4,f
new-york,catskill,Catskill,1,1-4,f
new-york,central-islip,Central Islip,1,1-4,f
new-york,cheektowaga,Cheektowaga,1,1-4,f
new-york,cohoes,Cohoes,1,1-4,f
new-york,corona,Corona,1,1-4,f
new-york,dansville,Dansville,1,1-4,f
new-york,delmar,Delmar,1,1-4,f
new-york,dix-hills,Dix Hills,1,1-4,f
new-york,dobbs-ferry,Dobbs Ferry,1,1-4,f
new-york,dover-plains,Dover Plains,1,1-4,f
new-york,east-amherst,East Amherst,1,1-4,f
new-york,east-aurora,East Aurora,1,1-4,f
new-york,east-hampton,East Hampton,1,1-4,f
new-york,eden,Eden,1,1-4,f
new-york,elizabethtown,Elizabethtown,1,1-4,f
new-york,evans-mills,Evans Mills,1,1-4,f
new-york,fallsburg,Fallsburg,1,1-4,f
new-york,farmington,Farmington,1,1-4,f
new-york,ferndale,Ferndale,1,1-4,f
new-york,fort-plain,Fort Plain,1,1-4,f
new-york,fresh-meadows,Fresh Meadows,1,1-4,f
new-york,geneseo,Geneseo,1,1-4,f
new-york,gloversville,Gloversville,1,1-4,f
new-york,goshen,Goshen,1,1-4,f
new-york,gouverneur,Gouverneur,1,1-4,f
new-york,greenport,Greenport,1,1-4,f
new-york,guilderland,Guilderland,1,1-4,f
new-york,hannibal,Hannibal,1,1-4,f
new-york,harrison,Harrison,1,1-4,f
new-york,haverstraw,Haverstraw,1,1-4,f
new-york,hawthorne,Hawthorne,1,1-4,f
new-york,hogansburg,Hogansburg,1,1-4,f
new-york,holtsville,Holtsville,1,1-4,f
new-york,howard-beach,Howard Beach,1,1-4,f
new-york,irvington,Irvington,1,1-4,f
new-york,islip,Islip,1,1-4,f
new-york,katonah,Katonah,1,1-4,f
new-york,keeseville,Keeseville,1,1-4,f
new-york,kenmore,Kenmore,1,1-4,f
new-york,lake-katrine,Lake Katrine,1,1-4,f
new-york,lakewood,Lakewood,1,1-4,f
new-york,lancaster,Lancaster,1,1-4,f
new-york,latham,Latham,1,1-4,f
new-york,levittown,Levittown,1,1-4,f
new-york,lewiston,Lewiston,1,1-4,f
new-york,liberty,Liberty,1,1-4,f
new-york,little-neck,Little Neck,1,1-4,f
new-york,lowville,Lowville,1,1-4,f
new-york,lyons,Lyons,1,1-4,f
new-york,machias,Machias,1,1-4,f
new-york,manhasset,Manhasset,1,1-4,f
new-york,massapequa,Massapequa,1,1-4,f
new-york,massapequa-park,Massapequa Park,1,1-4,f
new-york,mastic,Mastic,1,1-4,f
new-york,merrick,Merrick,1,1-4,f
new-york,mexico,Mexico,1,1-4,f
new-york,millbrook,Millbrook,1,1-4,f
new-york,monsey,Monsey,1,1-4,f
new-york,morrisonville,Morrisonville,1,1-4,f
new-york,mount-morris,Mount Morris,1,1-4,f
new-york,new-hyde-park,New Hyde Park,1,1-4,f
new-york,new-windsor,New Windsor,1,1-4,f
new-york,newfane,Newfane,1,1-4,f
new-york,north-babylon,North Babylon,1,1-4,f
new-york,north-collins,North Collins,1,1-4,f
new-york,northport,Northport,1,1-4,f
new-york,norwich,Norwich,1,1-4,f
new-york,nyack,Nyack,1,1-4,f
new-york,oakdale,Oakdale,1,1-4,f
new-york,old-bethpage,Old Bethpage,1,1-4,f
new-york,ossining,Ossining,1,1-4,f
new-york,ovid,Ovid,1,1-4,f
new-york,owego,Owego,1,1-4,f
new-york,ozone-park,Ozone Park,1,1-4,f
new-york,penn-yan,Penn Yan,1,1-4,f
new-york,pittsford,Pittsford,1,1-4,f
new-york,plainview,Plainview,1,1-4,f
new-york,port-chester,Port Chester,1,1-4,f
new-york,port-washington,Port Washington,1,1-4,f
new-york,ridgewood,Ridgewood,1,1-4,f
new-york,roosevelt,Roosevelt,1,1-4,f
new-york,rosedale,Rosedale,1,1-4,f
new-york,roslyn-heights,Roslyn Heights,1,1-4,f
new-york,schoharie,Schoharie,1,1-4,f
new-york,schuyler-falls,Schuyler Falls,1,1-4,f
new-york,south-salem,South Salem,1,1-4,f
new-york,springville,Springville,1,1-4,f
new-york,sunnyside,Sunnyside,1,1-4,f
new-york,syosset,Syosset,1,1-4,f
new-york,ticonderoga,Ticonderoga,1,1-4,f
new-york,tonawanda,Tonawanda,1,1-4,f
new-york,trumansburg,Trumansburg,1,1-4,f
new-york,tuckahoe,Tuckahoe,1,1-4,f
new-york,tully,Tully,1,1-4,f
new-york,uniondale,Uniondale,1,1-4,f
new-york,valhalla,Valhalla,1,1-4,f
new-york,walton,Walton,1,1-4,f
new-york,wampsville,Wampsville,1,1-4,f
new-york,wappingers-falls,Wappingers Falls,1,1-4,f
new-york,waterloo,Waterloo,1,1-4,f
new-york,waverly,Waverly,1,1-4,f
new-york,webster,Webster,1,1-4,f
new-york,west-babylon,West Babylon,1,1-4,f
new-york,west-kill,West Kill,1,1-4,f
new-york,westbury,Westbury,1,1-4,f
new-york,westhampton-beach,Westhampton Beach,1,1-4,f
new-york,williamson,Williamson,1,1-4,f
new-york,wingdale,Wingdale,1,1-4,f
new-york,woodhaven,Woodhaven,1,1-4,f
new-york,woodmere,Woodmere,1,1-4,f
new-york,wyandanch,Wyandanch,1,1-4,f
new-york,yorktown-heights,Yorktown Heights,1,1-4,f
north-carolina,apex,Apex,1,1-4,f
north-carolina,arden,Arden,1,1-4,f
north-carolina,ayden,Ayden,1,1-4,f
north-carolina,bakersville,Bakersville,1,1-4,f
north-carolina,bayboro,Bayboro,1,1-4,f
north-carolina,benson,Benson,1,1-4,f
north-carolina,bethel,Bethel,1,1-4,f
north-carolina,black-mountain,Black Mountain,1,1-4,f
north-carolina,brasstown,Brasstown,1,1-4,f
north-carolina,burgaw,Burgaw,1,1-4,f
north-carolina,camp-lejeune,Camp Lejeune,1,1-4,f
north-carolina,candler,Candler,1,1-4,f
north-carolina,carrboro,Carrboro,1,1-4,f
north-carolina,clayton,Clayton,1,1-4,f
north-carolina,clinton,Clinton,1,1-4,f
north-carolina,clyde,Clyde,1,1-4,f
north-carolina,connelly-springs,Connelly Springs,1,1-4,f
north-carolina,creedmoor,Creedmoor,1,1-4,f
north-carolina,dallas,Dallas,1,1-4,f
north-carolina,davidson,Davidson,1,1-4,f
north-carolina,dunn,Dunn,1,1-4,f
north-carolina,eden,Eden,1,1-4,f
north-carolina,elizabethtown,Elizabethtown,1,1-4,f
north-carolina,ellenboro,Ellenboro,1,1-4,f
north-carolina,elm-city,Elm City,1,1-4,f
north-carolina,erwin,Erwin,1,1-4,f
north-carolina,forest-city,Forest City,1,1-4,f
north-carolina,franklin,Franklin,1,1-4,f
north-carolina,fuquay-varina,Fuquay Varina,1,1-4,f
north-carolina,garner,Garner,1,1-4,f
north-carolina,gold-hill,Gold Hill,1,1-4,f
north-carolina,graham,Graham,1,1-4,f
north-carolina,hookerton,Hookerton,1,1-4,f
north-carolina,huntersville,Huntersville,1,1-4,f
north-carolina,indian-trail,Indian Trail,1,1-4,f
north-carolina,jamestown,Jamestown,1,1-4,f
north-carolina,jefferson,Jefferson,1,1-4,f
north-carolina,kenansville,Kenansville,1,1-4,f
north-carolina,king,King,1,1-4,f
north-carolina,kitty-hawk,Kitty Hawk,1,1-4,f
north-carolina,landis,Landis,1,1-4,f
north-carolina,leland,Leland,1,1-4,f
north-carolina,linville,Linville,1,1-4,f
north-carolina,louisburg,Louisburg,1,1-4,f
north-carolina,marshall,Marshall,1,1-4,f
north-carolina,mills-river,Mills River,1,1-4,f
north-carolina,morrisville,Morrisville,1,1-4,f
north-carolina,nags-head,Nags Head,1,1-4,f
north-carolina,norlina,Norlina,1,1-4,f
north-carolina,old-fort,Old Fort,1,1-4,f
north-carolina,orrum,Orrum,1,1-4,f
north-carolina,pittsboro,Pittsboro,1,1-4,f
north-carolina,pleasant-hill,Pleasant Hill,1,1-4,f
north-carolina,plymouth,Plymouth,1,1-4,f
north-carolina,richlands,Richlands,1,1-4,f
north-carolina,ridgecrest,Ridgecrest,1,1-4,f
north-carolina,rose-hill,Rose Hill,1,1-4,f
north-carolina,rowland,Rowland,1,1-4,f
north-carolina,scotland-neck,Scotland Neck,1,1-4,f
north-carolina,sealevel,Sealevel,1,1-4,f
north-carolina,selma,Selma,1,1-4,f
north-carolina,sparta,Sparta,1,1-4,f
north-carolina,spring-lake,Spring Lake,1,1-4,f
north-carolina,supply,Supply,1,1-4,f
north-carolina,swansboro,Swansboro,1,1-4,f
north-carolina,troy,Troy,1,1-4,f
north-carolina,valdese,Valdese,1,1-4,f
north-carolina,wade,Wade,1,1-4,f
north-carolina,wallace,Wallace,1,1-4,f
north-carolina,walnut-cove,Walnut Cove,1,1-4,f
north-carolina,washington,Washington,1,1-4,f
north-carolina,waynesville,Waynesville,1,1-4,f
north-carolina,weaverville,Weaverville,1,1-4,f
north-carolina,wendell,Wendell,1,1-4,f
north-carolina,west-jefferson,West Jefferson,1,1-4,f
north-carolina,youngsville,Youngsville,1,1-4,f
north-dakota,arnegard,Arnegard,1,1-4,f
north-dakota,bottineau,Bottineau,1,1-4,f
north-dakota,cando,Cando,1,1-4,f
north-dakota,carrington,Carrington,1,1-4,f
north-dakota,fort-yates,Fort Yates,1,1-4,f
north-dakota,grafton,Grafton,1,1-4,f
north-dakota,jamestown,Jamestown,1,1-4,f
north-dakota,larimore,Larimore,1,1-4,f
north-dakota,lisbon,Lisbon,1,1-4,f
north-dakota,mandan,Mandan,1,1-4,f
north-dakota,parshall,Parshall,1,1-4,f
north-dakota,wahpeton,Wahpeton,1,1-4,f
north-dakota,west-fargo,West Fargo,1,1-4,f
ohio,amelia,Amelia,1,1-4,f
ohio,andover,Andover,1,1-4,f
ohio,aurora,Aurora,1,1-4,f
ohio,austintown,Austintown,1,1-4,f
ohio,bellefontaine,Bellefontaine,1,1-4,f
ohio,belpre,Belpre,1,1-4,f
ohio,bluffton,Bluffton,1,1-4,f
ohio,brecksville,Brecksville,1,1-4,f
ohio,bridgeport,Bridgeport,1,1-4,f
ohio,brilliant,Brilliant,1,1-4,f
ohio,brunswick,Brunswick,1,1-4,f
ohio,bucyrus,Bucyrus,1,1-4,f
ohio,byesville,Byesville,1,1-4,f
ohio,carrollton,Carrollton,1,1-4,f
ohio,celina,Celina,1,1-4,f
ohio,chesterland,Chesterland,1,1-4,f
ohio,clinton,Clinton,1,1-4,f
ohio,conneaut,Conneaut,1,1-4,f
ohio,danville,Danville,1,1-4,f
ohio,enon,Enon,1,1-4,f
ohio,fairlawn,Fairlawn,1,1-4,f
ohio,fayette,Fayette,1,1-4,f
ohio,galion,Galion,1,1-4,f
ohio,geneva,Geneva,1,1-4,f
ohio,green-springs,Green Springs,1,1-4,f
ohio,green-township,Green Township,1,1-4,f
ohio,greenfield,Greenfield,1,1-4,f
ohio,groveport,Groveport,1,1-4,f
ohio,harrison,Harrison,1,1-4,f
ohio,holland,Holland,1,1-4,f
ohio,lakewood,Lakewood,1,1-4,f
ohio,little-hocking,Little Hocking,1,1-4,f
ohio,london,London,1,1-4,f
ohio,loudonville,Loudonville,1,1-4,f
ohio,loveland,Loveland,1,1-4,f
ohio,maple-heights,Maple Heights,1,1-4,f
ohio,martins-ferry,Martins Ferry,1,1-4,f
ohio,marysville,Marysville,1,1-4,f
ohio,mc-dermott,,1,1-4,f
ohio,mcarthur,McArthur,1,1-4,f
ohio,mcconnelsville,McConnelsville,1,1-4,f
ohio,mcdermott,McDermott,1,1-4,f
ohio,middle-point,Middle Point,1,1-4,f
ohio,middleport,Middleport,1,1-4,f
ohio,millersburg,Millersburg,1,1-4,f
ohio,mineral-ridge,Mineral Ridge,1,1-4,f
ohio,north-baltimore,North Baltimore,1,1-4,f
ohio,north-lima,North Lima,1,1-4,f
ohio,north-olmsted,North Olmsted,1,1-4,f
ohio,northfield,Northfield,1,1-4,f
ohio,old-washington,Old Washington,1,1-4,f
ohio,orrville,Orrville,1,1-4,f
ohio,ottawa,Ottawa,1,1-4,f
ohio,oxford,Oxford,1,1-4,f
ohio,pataskala,Pataskala,1,1-4,f
ohio,paulding,Paulding,1,1-4,f
ohio,piketon,Piketon,1,1-4,f
ohio,pomeroy,Pomeroy,1,1-4,f
ohio,port-clinton,Port Clinton,1,1-4,f
ohio,rittman,Rittman,1,1-4,f
ohio,rock-creek,Rock Creek,1,1-4,f
ohio,sherrodsville,Sherrodsville,1,1-4,f
ohio,south-point,South Point,1,1-4,f
ohio,stow,Stow,1,1-4,f
ohio,strongsville,Strongsville,1,1-4,f
ohio,struthers,Struthers,1,1-4,f
ohio,sylvania,Sylvania,1,1-4,f
ohio,tallmadge,Tallmadge,1,1-4,f
ohio,thornville,Thornville,1,1-4,f
ohio,tipp-city,Tipp City,1,1-4,f
ohio,uhrichsville,Uhrichsville,1,1-4,f
ohio,vandalia,Vandalia,1,1-4,f
ohio,vincent,Vincent,1,1-4,f
ohio,vinton,Vinton,1,1-4,f
ohio,wadsworth,Wadsworth,1,1-4,f
ohio,washington-court-house,Washington Court House,1,1-4,f
ohio,west-liberty,West Liberty,1,1-4,f
ohio,west-portsmouth,West Portsmouth,1,1-4,f
ohio,west-union,West Union,1,1-4,f
ohio,west-unity,West Unity,1,1-4,f
ohio,willard,Willard,1,1-4,f
oklahoma,afton,Afton,1,1-4,f
oklahoma,altus,Altus,1,1-4,f
oklahoma,alva,Alva,1,1-4,f
oklahoma,antlers,Antlers,1,1-4,f
oklahoma,atoka,Atoka,1,1-4,f
oklahoma,bethany,Bethany,1,1-4,f
oklahoma,blackwell,Blackwell,1,1-4,f
oklahoma,canadian,Canadian,1,1-4,f
oklahoma,chandler,Chandler,1,1-4,f
oklahoma,chickasha,Chickasha,1,1-4,f
oklahoma,choctaw,Choctaw,1,1-4,f
oklahoma,claremore,Claremore,1,1-4,f
oklahoma,cleveland,Cleveland,1,1-4,f
oklahoma,coweta,Coweta,1,1-4,f
oklahoma,cushing,Cushing,1,1-4,f
oklahoma,fairview,Fairview,1,1-4,f
oklahoma,fort-supply,Fort Supply,1,1-4,f
oklahoma,guthrie,Guthrie,1,1-4,f
oklahoma,guymon,Guymon,1,1-4,f
oklahoma,heavener,Heavener,1,1-4,f
oklahoma,hobart,Hobart,1,1-4,f
oklahoma,kingfisher,Kingfisher,1,1-4,f
oklahoma,konawa,Konawa,1,1-4,f
oklahoma,maud,Maud,1,1-4,f
oklahoma,mcloud,McLoud,1,1-4,f
oklahoma,mead,Mead,1,1-4,f
oklahoma,pauls-valley,Pauls Valley,1,1-4,f
oklahoma,pawhuska,Pawhuska,1,1-4,f
oklahoma,perry,Perry,1,1-4,f
oklahoma,pryor,Pryor,1,1-4,f
oklahoma,roland,Roland,1,1-4,f
oklahoma,stilwell,Stilwell,1,1-4,f
oklahoma,talihina,Talihina,1,1-4,f
oklahoma,tecumseh,Tecumseh,1,1-4,t
oklahoma,valliant,Valliant,1,1-4,f
oklahoma,vian,Vian,1,1-4,f
oklahoma,vinita,Vinita,1,1-4,f
oklahoma,watonga,Watonga,1,1-4,f
oklahoma,wilburton,Wilburton,1,1-4,f
oklahoma,woodward,Woodward,1,1-4,f
oklahoma,wyandotte,Wyandotte,1,1-4,f
oklahoma,yukon,Yukon,1,1-4,f
oregon,ashland,Ashland,1,1-4,f
oregon,bandon,Bandon,1,1-4,f
oregon,boardman,Boardman,1,1-4,f
oregon,brookings,Brookings,1,1-4,f
oregon,canby,Canby,1,1-4,f
oregon,cave-junction,Cave Junction,1,1-4,f
oregon,condon,Condon,1,1-4,f
oregon,denton,,1,1-4,f
oregon,fairview,Fairview,1,1-4,f
oregon,fall-creek,Fall Creek,1,1-4,f
oregon,fossil,Fossil,1,1-4,f
oregon,gladstone,Gladstone,1,1-4,f
oregon,gold-beach,Gold Beach,1,1-4,f
oregon,gresham,Gresham,1,1-4,f
oregon,harrisburg,Harrisburg,1,1-4,f
oregon,heppner,Heppner,1,1-4,f
oregon,hines,Hines,1,1-4,f
oregon,jefferson,Jefferson,1,1-4,f
oregon,john-day,John Day,1,1-4,f
oregon,joseph,Joseph,1,1-4,f
oregon,la-pine,La Pine,1,1-4,f
oregon,lincoln-city,Lincoln City,1,1-4,f
oregon,madras,Madras,1,1-4,f
oregon,milton-freewater,Milton Freewater,1,1-4,f
oregon,milwaukie,Milwaukie,1,1-4,f
oregon,monmouth,Monmouth,1,1-4,f
oregon,north-bend,North Bend,1,1-4,f
oregon,phoenix,Phoenix,1,1-4,f
oregon,sandy,Sandy,1,1-4,f
oregon,scappoose,Scappoose,1,1-4,f
oregon,seaside,Seaside,1,1-4,f
oregon,shedd,Shedd,1,1-4,f
oregon,siletz,Siletz,1,1-4,f
oregon,sweet-home,Sweet Home,1,1-4,f
oregon,the-dalles,The Dalles,1,1-4,f
oregon,tillamook,Tillamook,1,1-4,f
oregon,toledo,Toledo,1,1-4,f
oregon,wallowa,Wallowa,1,1-4,f
oregon,wasco,Wasco,1,1-4,f
oregon,west-linn,West Linn,1,1-4,f
oregon,woodburn,Woodburn,1,1-4,f
pennsylvania,allenwood,Allenwood,1,1-4,f
pennsylvania,ambridge,Ambridge,1,1-4,f
pennsylvania,ardmore,Ardmore,1,1-4,f
pennsylvania,ashland,Ashland,1,1-4,f
pennsylvania,bala-cynwyd,Bala Cynwyd,1,1-4,f
pennsylvania,bally,Bally,1,1-4,f
pennsylvania,beavertown,Beavertown,1,1-4,f
pennsylvania,berwick,Berwick,1,1-4,f
pennsylvania,berwyn,Berwyn,1,1-4,f
pennsylvania,brookhaven,Brookhaven,1,1-4,f
pennsylvania,bryn-mawr,Bryn Mawr,1,1-4,f
pennsylvania,burgettstown,Burgettstown,1,1-4,f
pennsylvania,carlisle,Carlisle,1,1-4,f
pennsylvania,carmichaels,Carmichaels,1,1-4,f
pennsylvania,centre-hall,Centre Hall,1,1-4,f
pennsylvania,chalfont,Chalfont,1,1-4,f
pennsylvania,charleroi,Charleroi,1,1-4,f
pennsylvania,clarks-summit,Clarks Summit,1,1-4,f
pennsylvania,coalport,Coalport,1,1-4,f
pennsylvania,colmar,Colmar,1,1-4,f
pennsylvania,columbia,Columbia,1,1-4,f
pennsylvania,connellsville,Connellsville,1,1-4,f
pennsylvania,cranberry-township,Cranberry Township,1,1-4,f
pennsylvania,donegal,Donegal,1,1-4,f
pennsylvania,dresher,Dresher,1,1-4,f
pennsylvania,drexel-hill,Drexel Hill,1,1-4,f
pennsylvania,edinboro,Edinboro,1,1-4,f
pennsylvania,elizabethville,Elizabethville,1,1-4,f
pennsylvania,ellwood-city,Ellwood City,1,1-4,f
pennsylvania,emporium,Emporium,1,1-4,f
pennsylvania,everett,Everett,1,1-4,f
pennsylvania,factoryville,Factoryville,1,1-4,f
pennsylvania,fairless-hills,Fairless Hills,1,1-4,f
pennsylvania,fleetwood,Fleetwood,1,1-4,f
pennsylvania,ford-city,Ford City,1,1-4,f
pennsylvania,fort-washington,Fort Washington,1,1-4,f
pennsylvania,fredericktown,Fredericktown,1,1-4,f
pennsylvania,girard,Girard,1,1-4,f
pennsylvania,glenmoore,Glenmoore,1,1-4,f
pennsylvania,glenside,Glenside,1,1-4,f
pennsylvania,greencastle,Greencastle,1,1-4,f
pennsylvania,greensboro,Greensboro,1,1-4,f
pennsylvania,hanover,Hanover,1,1-4,f
pennsylvania,hatboro,Hatboro,1,1-4,f
pennsylvania,hermitage,Hermitage,1,1-4,f
pennsylvania,hershey,Hershey,1,1-4,f
pennsylvania,honesdale,Honesdale,1,1-4,f
pennsylvania,horsham,Horsham,1,1-4,f
pennsylvania,houston,Houston,1,1-4,f
pennsylvania,hummelstown,Hummelstown,1,1-4,f
pennsylvania,hunker,Hunker,1,1-4,f
pennsylvania,huntingdon-valley,Huntingdon Valley,1,1-4,f
pennsylvania,industry,Industry,1,1-4,f
pennsylvania,jermyn,Jermyn,1,1-4,f
pennsylvania,lansdowne,Lansdowne,1,1-4,f
pennsylvania,leechburg,Leechburg,1,1-4,f
pennsylvania,lemont-furnace,Lemont Furnace,1,1-4,f
pennsylvania,lemoyne,Lemoyne,1,1-4,f
pennsylvania,lewistown,Lewistown,1,1-4,f
pennsylvania,linesville,Linesville,1,1-4,f
pennsylvania,littlestown,Littlestown,1,1-4,f
pennsylvania,lock-haven,Lock Haven,1,1-4,f
pennsylvania,mahanoy-city,Mahanoy City,1,1-4,f
pennsylvania,marienville,Marienville,1,1-4,f
pennsylvania,mcconnellsburg,McConnellsburg,1,1-4,f
pennsylvania,mckees-rocks,McKees Rocks,1,1-4,f
pennsylvania,mercer,Mercer,1,1-4,f
pennsylvania,middleburg,Middleburg,1,1-4,f
pennsylvania,midland,Midland,1,1-4,f
pennsylvania,mifflintown,Mifflintown,1,1-4,f
pennsylvania,millerton,Millerton,1,1-4,f
pennsylvania,monessen,Monessen,1,1-4,f
pennsylvania,montoursville,Montoursville,1,1-4,f
pennsylvania,montrose,Montrose,1,1-4,f
pennsylvania,moosic,Moosic,1,1-4,f
pennsylvania,mount-joy,Mount Joy,1,1-4,f
pennsylvania,mount-morris,Mount Morris,1,1-4,f
pennsylvania,mount-pocono,Mount Pocono,1,1-4,f
pennsylvania,mount-union,Mount Union,1,1-4,f
pennsylvania,newfoundland,Newfoundland,1,1-4,f
pennsylvania,newtown,Newtown,1,1-4,f
pennsylvania,northern-cambria,Northern Cambria,1,1-4,f
pennsylvania,oil-city,Oil City,1,1-4,f
pennsylvania,oxford,Oxford,1,1-4,f
pennsylvania,penn-run,Penn Run,1,1-4,f
pennsylvania,perryopolis,Perryopolis,1,1-4,f
pennsylvania,philipsburg,Philipsburg,1,1-4,f
pennsylvania,polk,Polk,1,1-4,f
pennsylvania,port-allegany,Port Allegany,1,1-4,f
pennsylvania,port-matilda,Port Matilda,1,1-4,f
pennsylvania,rehrersburg,Rehrersburg,1,1-4,f
pennsylvania,roaring-spring,Roaring Spring,1,1-4,f
pennsylvania,saint-clair,Saint Clair,1,1-4,f
pennsylvania,sayre,Sayre,1,1-4,f
pennsylvania,scotrun,Scotrun,1,1-4,f
pennsylvania,seneca,Seneca,1,1-4,f
pennsylvania,sewickley,Sewickley,1,1-4,f
pennsylvania,shamokin,Shamokin,1,1-4,f
pennsylvania,sharon-hill,Sharon Hill,1,1-4,f
pennsylvania,shickshinny,Shickshinny,1,1-4,f
pennsylvania,smethport,Smethport,1,1-4,f
pennsylvania,souderton,Souderton,1,1-4,f
pennsylvania,springfield,Springfield,1,1-4,f
pennsylvania,sweet-valley,Sweet Valley,1,1-4,f
pennsylvania,tannersville,Tannersville,1,1-4,f
pennsylvania,temple,Temple,1,1-4,f
pennsylvania,thorndale,Thorndale,1,1-4,f
pennsylvania,tionesta,Tionesta,1,1-4,f
pennsylvania,torrance,Torrance,1,1-4,f
pennsylvania,upper-darby,Upper Darby,1,1-4,f
pennsylvania,vandergrift,Vandergrift,1,1-4,f
pennsylvania,vestaburg,Vestaburg,1,1-4,f
pennsylvania,watsontown,Watsontown,1,1-4,f
pennsylvania,waymart,Waymart,1,1-4,f
pennsylvania,wayne,Wayne,1,1-4,f
pennsylvania,waynesboro,Waynesboro,1,1-4,f
pennsylvania,wernersville,Wernersville,1,1-4,f
pennsylvania,white-haven,White Haven,1,1-4,f
pennsylvania,williamsburg,Williamsburg,1,1-4,f
pennsylvania,willow-grove,Willow Grove,1,1-4,f
pennsylvania,willow-street,Willow Street,1,1-4,f
pennsylvania,wind-gap,Wind Gap,1,1-4,f
pennsylvania,windber,Windber,1,1-4,f
pennsylvania,wrightsville,Wrightsville,1,1-4,f
pennsylvania,wyoming,Wyoming,1,1-4,f
pennsylvania,yeagertown,Yeagertown,1,1-4,f
pennsylvania,youngwood,Youngwood,1,1-4,f
pennsylvania,zelienople,Zelienople,1,1-4,f
rhode-island,barrington,Barrington,1,1-4,f
rhode-island,central-falls,Central Falls,1,1-4,f
rhode-island,chepachet,Chepachet,1,1-4,f
rhode-island,east-providence,East Providence,1,1-4,f
rhode-island,exeter,Exeter,1,1-4,f
rhode-island,narragansett,Narragansett,1,1-4,f
rhode-island,saunderstown,Saunderstown,1,1-4,f
rhode-island,west-warwick,West Warwick,1,1-4,f
rhode-island,westerly,Westerly,1,1-4,f
south-carolina,allendale,Allendale,1,1-4,f
south-carolina,awendaw,Awendaw,1,1-4,f
south-carolina,bamberg,Bamberg,1,1-4,f
south-carolina,batesburg,Batesburg,1,1-4,f
south-carolina,bennettsville,Bennettsville,1,1-4,f
south-carolina,bluffton,Bluffton,1,1-4,f
south-carolina,boiling-springs,Boiling Springs,1,1-4,f
south-carolina,chesnee,Chesnee,1,1-4,f
south-carolina,denmark,Denmark,1,1-4,f
south-carolina,duncan,Duncan,1,1-4,f
south-carolina,fort-mill,Fort Mill,1,1-4,f
south-carolina,goose-creek,Goose Creek,1,1-4,f
south-carolina,hampton,Hampton,1,1-4,f
south-carolina,hilton-head-island,Hilton Head Island,1,1-4,f
south-carolina,holly-hill,Holly Hill,1,1-4,f
south-carolina,kingstree,Kingstree,1,1-4,f
south-carolina,lake-city,Lake City,1,1-4,f
south-carolina,marion,Marion,1,1-4,f
south-carolina,mc-cormick,,1,1-4,f
south-carolina,mccormick,McCormick,1,1-4,f
south-carolina,mount-pleasant,Mount Pleasant,1,1-4,f
south-carolina,mullins,Mullins,1,1-4,f
south-carolina,north-augusta,North Augusta,1,1-4,f
south-carolina,north-myrtle-beach,North Myrtle Beach,1,1-4,f
south-carolina,ruby,Ruby,1,1-4,f
south-carolina,saint-matthews,Saint Matthews,1,1-4,f
south-carolina,saluda,Saluda,1,1-4,f
south-carolina,swansea,Swansea,1,1-4,f
south-carolina,travelers-rest,Travelers Rest,1,1-4,f
south-carolina,union,Union,1,1-4,f
south-carolina,varnville,Varnville,1,1-4,f
south-dakota,aberdeen,Aberdeen,1,1-4,f
south-dakota,canton,Canton,1,1-4,f
south-dakota,fort-meade,Fort Meade,1,1-4,f
south-dakota,fort-thompson,Fort Thompson,1,1-4,f
south-dakota,kyle,Kyle,1,1-4,f
south-dakota,lake-andes,Lake Andes,1,1-4,f
south-dakota,mission,Mission,1,1-4,f
south-dakota,mitchell,Mitchell,1,1-4,f
south-dakota,mobridge,Mobridge,1,1-4,f
south-dakota,north-sioux-city,North Sioux City,1,1-4,f
south-dakota,pierre,Pierre,1,1-4,f
south-dakota,sisseton,Sisseton,1,1-4,f
south-dakota,sturgis,Sturgis,1,1-4,f
south-dakota,vale,Vale,1,1-4,f
south-dakota,winner,Winner,1,1-4,f
tennessee,adamsville,Adamsville,1,1-4,f
tennessee,blaine,Blaine,1,1-4,f
tennessee,blountville,Blountville,1,1-4,f
tennessee,brighton,Brighton,1,1-4,f
tennessee,bulls-gap,Bulls Gap,1,1-4,f
tennessee,burns,Burns,1,1-4,f
tennessee,celina,Celina,1,1-4,f
tennessee,christiana,Christiana,1,1-4,f
tennessee,cordova,Cordova,1,1-4,f
tennessee,dandridge,Dandridge,1,1-4,f
tennessee,dayton,Dayton,1,1-4,f
tennessee,decaturville,Decaturville,1,1-4,f
tennessee,decherd,Decherd,1,1-4,f
tennessee,dresden,Dresden,1,1-4,f
tennessee,dunlap,Dunlap,1,1-4,f
tennessee,englewood,Englewood,1,1-4,f
tennessee,erin,Erin,1,1-4,f
tennessee,erwin,Erwin,1,1-4,f
tennessee,estill-springs,Estill Springs,1,1-4,f
tennessee,etowah,Etowah,1,1-4,f
tennessee,farragut,Farragut,1,1-4,f
tennessee,fayetteville,Fayetteville,1,1-4,f
tennessee,germantown,Germantown,1,1-4,f
tennessee,hartsville,Hartsville,1,1-4,f
tennessee,henderson,Henderson,1,1-4,f
tennessee,hendersonville,Hendersonville,1,1-4,f
tennessee,hixson,Hixson,1,1-4,f
tennessee,humboldt,Humboldt,1,1-4,f
tennessee,jamestown,Jamestown,1,1-4,f
tennessee,jasper,Jasper,1,1-4,f
tennessee,jefferson-city,Jefferson City,1,1-4,f
tennessee,jellico,Jellico,1,1-4,f
tennessee,kingston-springs,Kingston Springs,1,1-4,f
tennessee,la-vergne,La Vergne,1,1-4,f
tennessee,lafayette,Lafayette,1,1-4,f
tennessee,lenoir-city,Lenoir City,1,1-4,f
tennessee,lewisburg,Lewisburg,1,1-4,f
tennessee,limestone,Limestone,1,1-4,f
tennessee,madisonville,Madisonville,1,1-4,f
tennessee,martin,Martin,1,1-4,f
tennessee,maynardville,Maynardville,1,1-4,f
tennessee,mckenzie,McKenzie,1,1-4,f
tennessee,mcminnville,McMinnville,1,1-4,f
tennessee,millington,Millington,1,1-4,f
tennessee,mount-juliet,Mount Juliet,1,1-4,f
tennessee,new-tazewell,New Tazewell,1,1-4,f
tennessee,ocoee,Ocoee,1,1-4,t
tennessee,paris,Paris,1,1-4,f
tennessee,pinson,Pinson,1,1-4,f
tennessee,ripley,Ripley,1,1-4,f
tennessee,rogersville,Rogersville,1,1-4,f
tennessee,sneedville,Sneedville,1,1-4,f
tennessee,soddy-daisy,Soddy Daisy,1,1-4,f
tennessee,talbott,Talbott,1,1-4,f
tennessee,tiptonville,Tiptonville,1,1-4,f
tennessee,tracy-city,Tracy City,1,1-4,f
tennessee,washburn,Washburn,1,1-4,f
tennessee,waynesboro,Waynesboro,1,1-4,f
tennessee,westpoint,Westpoint,1,1-4,f
tennessee,winchester,Winchester,1,1-4,f
tennessee,woodbury,Woodbury,1,1-4,f
texas,alice,Alice,1,1-4,f
texas,allen,Allen,1,1-4,f
texas,alpine,Alpine,1,1-4,f
texas,alvin,Alvin,1,1-4,f
texas,andrews,Andrews,1,1-4,f
texas,athens,Athens,1,1-4,f
texas,azle,Azle,1,1-4,f
texas,bandera,Bandera,1,1-4,f
texas,bastrop,Bastrop,1,1-4,f
texas,bay-city,Bay City,1,1-4,f
texas,baytown,Baytown,1,1-4,f
texas,bellaire,Bellaire,1,1-4,f
texas,belton,Belton,1,1-4,f
texas,bowie,Bowie,1,1-4,f
texas,brenham,Brenham,1,1-4,f
texas,brownfield,Brownfield,1,1-4,f
texas,buda,,1,1-4,f
texas,burleson,Burleson,1,1-4,f
texas,caldwell,Caldwell,1,1-4,f
texas,center,Center,1,1-4,f
texas,center-point,Center Point,1,1-4,f
texas,centerville,Centerville,1,1-4,f
texas,childress,Childress,1,1-4,f
texas,clarksville,Clarksville,1,1-4,f
texas,cleveland,Cleveland,1,1-4,f
texas,clute,Clute,1,1-4,f
texas,coleman,Coleman,1,1-4,f
texas,colorado-city,Colorado City,1,1-4,f
texas,corsicana,Corsicana,1,1-4,f
texas,cotulla,Cotulla,1,1-4,f
texas,crystal-city,Crystal City,1,1-4,f
texas,deer-park,Deer Park,1,1-4,f
texas,denver-city,Denver City,1,1-4,f
texas,desoto,Desoto,1,1-4,f
texas,devine,Devine,1,1-4,f
texas,egypt,Egypt,1,1-4,f
texas,emory,Emory,1,1-4,f
texas,ennis,Ennis,1,1-4,f
texas,flower-mound,Flower Mound,1,1-4,f
texas,fort-stockton,Fort Stockton,1,1-4,f
texas,freeport,Freeport,1,1-4,f
texas,gainesville,Gainesville,1,1-4,f
texas,giddings,Giddings,1,1-4,f
texas,gilmer,Gilmer,1,1-4,f
texas,goldthwaite,Goldthwaite,1,1-4,f
texas,gonzales,Gonzales,1,1-4,f
texas,graham,Graham,1,1-4,f
texas,granbury,Granbury,1,1-4,f
texas,grapevine,Grapevine,1,1-4,f
texas,haskell,Haskell,1,1-4,f
texas,hearne,Hearne,1,1-4,f
texas,hebbronville,Hebbronville,1,1-4,f
texas,hempstead,Hempstead,1,1-4,f
texas,humble,Humble,1,1-4,f
texas,hungerford,Hungerford,1,1-4,f
texas,hunt,Hunt,1,1-4,f
texas,irving,Irving,1,1-4,f
texas,jacksonville,Jacksonville,1,1-4,f
texas,johnson-city,Johnson City,1,1-4,f
texas,junction,Junction,1,1-4,f
texas,keller,Keller,1,1-4,f
texas,kemah,Kemah,1,1-4,f
texas,kenedy,Kenedy,1,1-4,f
texas,kermit,Kermit,1,1-4,f
texas,kingwood,Kingwood,1,1-4,f
texas,kyle,Kyle,1,1-4,f
texas,la-grange,La Grange,1,1-4,f
texas,la-marque,La Marque,1,1-4,f
texas,lake-jackson,Lake Jackson,1,1-4,f
texas,lamesa,Lamesa,1,1-4,f
texas,league-city,League City,1,1-4,f
texas,lewisville,Lewisville,1,1-4,f
texas,liberty,Liberty,1,1-4,f
texas,liberty-hill,Liberty Hill,1,1-4,f
texas,mabank,Mabank,1,1-4,f
texas,madisonville,Madisonville,1,1-4,f
texas,marble-falls,Marble Falls,1,1-4,f
texas,marshall,Marshall,1,1-4,f
texas,mesquite,Mesquite,1,1-4,f
texas,mineola,Mineola,1,1-4,f
texas,mineral-wells,Mineral Wells,1,1-4,f
texas,missouri-city,Missouri City,1,1-4,f
texas,monahans,Monahans,1,1-4,f
texas,mount-pleasant,Mount Pleasant,1,1-4,f
texas,navasota,Navasota,1,1-4,f
texas,needville,Needville,1,1-4,f
texas,new-braunfels,New Braunfels,1,1-4,f
texas,north-richland-hills,North Richland Hills,1,1-4,f
texas,odessa,Odessa,1,1-4,f
texas,pampa,Pampa,1,1-4,f
texas,pecos,Pecos,1,1-4,f
texas,portland,Portland,1,1-4,f
texas,post,Post,1,1-4,f
texas,presidio,Presidio,1,1-4,f
texas,princeton,Princeton,1,1-4,f
texas,richardson,Richardson,1,1-4,f
texas,rio-grande-city,Rio Grande City,1,1-4,f
texas,robstown,Robstown,1,1-4,f
texas,rockwall,Rockwall,1,1-4,f
texas,rosenberg,Rosenberg,1,1-4,f
texas,san-augustine,San Augustine,1,1-4,f
texas,san-benito,San Benito,1,1-4,f
texas,scurry,Scurry,1,1-4,f
texas,seminole,Seminole,1,1-4,f
texas,seymour,Seymour,1,1-4,f
texas,sheppard-afb,Sheppard AFB,1,1-4,f
texas,snyder,Snyder,1,1-4,f
texas,south-padre-island,South Padre Island,1,1-4,f
texas,southlake,Southlake,1,1-4,f
texas,sulphur-springs,Sulphur Springs,1,1-4,f
texas,sweetwater,Sweetwater,1,1-4,f
texas,taft,Taft,1,1-4,f
texas,taylor,Taylor,1,1-4,f
texas,temple,Temple,1,1-4,f
texas,tyler,Tyler,1,1-4,f
texas,van-horn,Van Horn,1,1-4,f
texas,vernon,Vernon,1,1-4,f
texas,waelder,,1,1-4,f
texas,wallis,,1,1-4,f
texas,waxahachie,Waxahachie,1,1-4,f
texas,weslaco,Weslaco,1,1-4,f
texas,wimberley,Wimberley,1,1-4,f
texas,winters,Winters,1,1-4,f
texas,woodville,Woodville,1,1-4,f
texas,woodway,Woodway,1,1-4,f
utah,alpine,Alpine,1,1-4,f
utah,beaver,Beaver,1,1-4,f
utah,beryl,Beryl,1,1-4,f
utah,blanding,Blanding,1,1-4,f
utah,centerville,Centerville,1,1-4,f
utah,duchesne,Duchesne,1,1-4,f
utah,eden,Eden,1,1-4,f
utah,ephraim,Ephraim,1,1-4,f
utah,escalante,Escalante,1,1-4,f
utah,fairview,Fairview,1,1-4,f
utah,fillmore,Fillmore,1,1-4,f
utah,garden-city,Garden City,1,1-4,f
utah,glenwood,Glenwood,1,1-4,f
utah,green-river,Green River,1,1-4,f
utah,helper,Helper,1,1-4,f
utah,herriman,Herriman,1,1-4,f
utah,highland,Highland,1,1-4,f
utah,holden,Holden,1,1-4,f
utah,holladay,Holladay,1,1-4,f
utah,huntsville,Huntsville,1,1-4,f
utah,kanab,Kanab,1,1-4,f
utah,kanosh,Kanosh,1,1-4,f
utah,lindon,Lindon,1,1-4,f
utah,loa,Loa,1,1-4,f
utah,milford,Milford,1,1-4,f
utah,montezuma-creek,Montezuma Creek,1,1-4,f
utah,mount-pleasant,Mount Pleasant,1,1-4,f
utah,nephi,Nephi,1,1-4,f
utah,panguitch,Panguitch,1,1-4,f
utah,providence,Providence,1,1-4,f
utah,roosevelt,Roosevelt,1,1-4,f
utah,south-ogden,South Ogden,1,1-4,f
utah,sunnyside,Sunnyside,1,1-4,f
utah,tremonton,Tremonton,1,1-4,f
utah,vernal,Vernal,1,1-4,f
utah,washington,Washington,1,1-4,f
utah,wellsville,Wellsville,1,1-4,f
utah,woods-cross,Woods Cross,1,1-4,f
vermont,bellows-falls,Bellows Falls,1,1-4,f
vermont,castleton,Castleton,1,1-4,f
vermont,chelsea,Chelsea,1,1-4,f
vermont,cuttingsville,Cuttingsville,1,1-4,f
vermont,hartford,Hartford,1,1-4,f
vermont,manchester-center,Manchester Center,1,1-4,f
vermont,saint-albans-bay,Saint Albans Bay,1,1-4,f
vermont,vergennes,Vergennes,1,1-4,f
vermont,wallingford,Wallingford,1,1-4,f
vermont,west-springfield,West Springfield,1,1-4,f
vermont,wilder,Wilder,1,1-4,f
vermont,windsor,Windsor,1,1-4,f
virginia,amelia-court-house,Amelia Court House,1,1-4,f
virginia,ashland,Ashland,1,1-4,f
virginia,bassett,Bassett,1,1-4,f
virginia,boydton,Boydton,1,1-4,f
virginia,cedar-bluff,Cedar Bluff,1,1-4,f
virginia,centreville,Centreville,1,1-4,f
virginia,charlotte-court-house,Charlotte Court House,1,1-4,f
virginia,chatham,Chatham,1,1-4,f
virginia,chester,Chester,1,1-4,f
virginia,coeburn,Coeburn,1,1-4,f
virginia,colonial-heights,Colonial Heights,1,1-4,f
virginia,cross-junction,Cross Junction,1,1-4,f
virginia,dinwiddie,Dinwiddie,1,1-4,f
virginia,dublin,Dublin,1,1-4,f
virginia,dumfries,Dumfries,1,1-4,f
virginia,emporia,Emporia,1,1-4,f
virginia,farmville,Farmville,1,1-4,f
virginia,fishersville,Fishersville,1,1-4,f
virginia,floyd,Floyd,1,1-4,f
virginia,forest,Forest,1,1-4,f
virginia,goochland,Goochland,1,1-4,f
virginia,great-falls,Great Falls,1,1-4,f
virginia,gretna,Gretna,1,1-4,f
virginia,grundy,Grundy,1,1-4,f
virginia,hanover,Hanover,1,1-4,f
virginia,herndon,Herndon,1,1-4,f
virginia,hillsville,Hillsville,1,1-4,f
virginia,honaker,Honaker,1,1-4,f
virginia,hurley,Hurley,1,1-4,f
virginia,independence,Independence,1,1-4,f
virginia,jonesville,Jonesville,1,1-4,f
virginia,kilmarnock,Kilmarnock,1,1-4,f
virginia,king-george,King George,1,1-4,f
virginia,lancaster,Lancaster,1,1-4,f
virginia,lawrenceville,Lawrenceville,1,1-4,f
virginia,lexington,Lexington,1,1-4,f
virginia,lunenburg,Lunenburg,1,1-4,f
virginia,mechanicsville,Mechanicsville,1,1-4,f
virginia,milford,Milford,1,1-4,f
virginia,oakwood,Oakwood,1,1-4,f
virginia,pearisburg,Pearisburg,1,1-4,f
virginia,pounding-mill,Pounding Mill,1,1-4,f
virginia,powhatan,Powhatan,1,1-4,f
virginia,providence-forge,Providence Forge,1,1-4,f
virginia,radford,Radford,1,1-4,f
virginia,reston,Reston,1,1-4,f
virginia,rocky-mount,Rocky Mount,1,1-4,f
virginia,ruther-glen,Ruther Glen,1,1-4,f
virginia,smithfield,Smithfield,1,1-4,f
virginia,south-hill,South Hill,1,1-4,f
virginia,spotsylvania,Spotsylvania,1,1-4,f
virginia,springfield,Springfield,1,1-4,f
virginia,stafford,Stafford,1,1-4,f
virginia,stanardsville,Stanardsville,1,1-4,f
virginia,strasburg,Strasburg,1,1-4,f
virginia,stuart,Stuart,1,1-4,f
virginia,vansant,Vansant,1,1-4,f
virginia,warrenton,Warrenton,1,1-4,f
virginia,weber-city,Weber City,1,1-4,f
virginia,yorktown,Yorktown,1,1-4,f
washington,anacortes,Anacortes,1,1-4,f
washington,bainbridge-island,Bainbridge Island,1,1-4,f
washington,belfair,Belfair,1,1-4,f
washington,bonney-lake,Bonney Lake,1,1-4,f
washington,bothell,Bothell,1,1-4,f
washington,buena,Buena,1,1-4,f
washington,castle-rock,Castle Rock,1,1-4,f
washington,cathlamet,Cathlamet,1,1-4,f
washington,clarkston,Clarkston,1,1-4,f
washington,colville,Colville,1,1-4,f
washington,coupeville,Coupeville,1,1-4,f
washington,darrington,Darrington,1,1-4,f
washington,dayton,Dayton,1,1-4,f
washington,deer-park,Deer Park,1,1-4,f
washington,dupont,Dupont,1,1-4,f
washington,east-wenatchee,East Wenatchee,1,1-4,f
washington,eastsound,Eastsound,1,1-4,f
washington,ellensburg,Ellensburg,1,1-4,f
washington,elma,Elma,1,1-4,f
washington,enumclaw,Enumclaw,1,1-4,f
washington,ephrata,Ephrata,1,1-4,f
washington,forks,Forks,1,1-4,f
washington,friday-harbor,Friday Harbor,1,1-4,f
washington,graham,Graham,1,1-4,f
washington,grand-coulee,Grand Coulee,1,1-4,f
washington,granger,Granger,1,1-4,f
washington,ilwaco,Ilwaco,1,1-4,f
washington,lopez-island,Lopez Island,1,1-4,f
washington,mattawa,Mattawa,1,1-4,f
washington,mead,Mead,1,1-4,f
washington,morton,Morton,1,1-4,f
washington,moses-lake,Moses Lake,1,1-4,f
washington,mossyrock,Mossyrock,1,1-4,f
washington,mountlake-terrace,Mountlake Terrace,1,1-4,f
washington,nespelem,Nespelem,1,1-4,f
washington,north-bend,North Bend,1,1-4,f
washington,ocean-park,Ocean Park,1,1-4,f
washington,olalla,Olalla,1,1-4,f
washington,othello,Othello,1,1-4,f
washington,pomeroy,Pomeroy,1,1-4,f
washington,poulsbo,Poulsbo,1,1-4,f
washington,pullman,Pullman,1,1-4,f
washington,quincy,Quincy,1,1-4,f
washington,ridgefield,Ridgefield,1,1-4,f
washington,royal-city,Royal City,1,1-4,f
washington,selah,Selah,1,1-4,f
washington,shoreline,Shoreline,1,1-4,f
washington,suquamish,Suquamish,1,1-4,f
washington,taholah,Taholah,1,1-4,f
washington,tumwater,Tumwater,1,1-4,f
washington,university-place,University Place,1,1-4,f
washington,vashon,Vashon,1,1-4,f
washington,wapato,Wapato,1,1-4,f
west-virginia,beaver,Beaver,1,1-4,f
west-virginia,belington,Belington,1,1-4,f
west-virginia,berkeley-springs,Berkeley Springs,1,1-4,f
west-virginia,bradshaw,Bradshaw,1,1-4,f
west-virginia,bridgeport,Bridgeport,1,1-4,f
west-virginia,burlington,Burlington,1,1-4,f
west-virginia,charles-town,Charles Town,1,1-4,f
west-virginia,chattaroy,Chattaroy,1,1-4,f
west-virginia,chester,Chester,1,1-4,f
west-virginia,comfort,Comfort,1,1-4,f
west-virginia,danville,Danville,1,1-4,f
west-virginia,dunbar,Dunbar,1,1-4,f
west-virginia,fayetteville,Fayetteville,1,1-4,f
west-virginia,glenville,Glenville,1,1-4,f
west-virginia,grafton,Grafton,1,1-4,f
west-virginia,harrisville,Harrisville,1,1-4,f
west-virginia,hurricane,Hurricane,1,1-4,f
west-virginia,jane-lew,Jane Lew,1,1-4,f
west-virginia,keyser,Keyser,1,1-4,f
west-virginia,kingwood,Kingwood,1,1-4,f
west-virginia,madison,Madison,1,1-4,f
west-virginia,marlinton,Marlinton,1,1-4,f
west-virginia,mason,Mason,1,1-4,f
west-virginia,moorefield,Moorefield,1,1-4,f
west-virginia,moundsville,Moundsville,1,1-4,f
west-virginia,mullens,Mullens,1,1-4,f
west-virginia,newell,Newell,1,1-4,f
west-virginia,oak-hill,Oak Hill,1,1-4,f
west-virginia,parsons,Parsons,1,1-4,f
west-virginia,petersburg,Petersburg,1,1-4,f
west-virginia,ravenswood,Ravenswood,1,1-4,f
west-virginia,rock-view,Rock View,1,1-4,f
west-virginia,romney,Romney,1,1-4,f
west-virginia,saint-marys,Saint Marys,1,1-4,f
west-virginia,scott-depot,Scott Depot,1,1-4,f
west-virginia,spencer,Spencer,1,1-4,f
west-virginia,sutton,Sutton,1,1-4,f
west-virginia,triadelphia,Triadelphia,1,1-4,f
west-virginia,union,Union,1,1-4,f
west-virginia,verdunville,Verdunville,1,1-4,f
west-virginia,walker,Walker,1,1-4,f
west-virginia,webster-springs,Webster Springs,1,1-4,f
west-virginia,welch,Welch,1,1-4,f
wisconsin,abbotsford,Abbotsford,1,1-4,f
wisconsin,arcadia,Arcadia,1,1-4,f
wisconsin,baldwin,Baldwin,1,1-4,f
wisconsin,barron,Barron,1,1-4,f
wisconsin,beaver-dam,Beaver Dam,1,1-4,f
wisconsin,burlington,Burlington,1,1-4,f
wisconsin,cleveland,Cleveland,1,1-4,f
wisconsin,columbus,Columbus,1,1-4,f
wisconsin,cudahy,Cudahy,1,1-4,f
wisconsin,cumberland,Cumberland,1,1-4,f
wisconsin,darlington,Darlington,1,1-4,f
wisconsin,elkhorn,Elkhorn,1,1-4,f
wisconsin,ellsworth,Ellsworth,1,1-4,f
wisconsin,elm-grove,Elm Grove,1,1-4,f
wisconsin,fort-atkinson,Fort Atkinson,1,1-4,f
wisconsin,germantown,Germantown,1,1-4,f
wisconsin,green-lake,Green Lake,1,1-4,f
wisconsin,hartland,Hartland,1,1-4,f
wisconsin,holmen,Holmen,1,1-4,f
wisconsin,iron-river,Iron River,1,1-4,f
wisconsin,juneau,Juneau,1,1-4,f
wisconsin,keshena,Keshena,1,1-4,f
wisconsin,kewaunee,Kewaunee,1,1-4,f
wisconsin,lac-du-flambeau,Lac du Flambeau,1,1-4,f
wisconsin,ladysmith,Ladysmith,1,1-4,f
wisconsin,lakewood,Lakewood,1,1-4,f
wisconsin,mauston,Mauston,1,1-4,f
wisconsin,menasha,Menasha,1,1-4,f
wisconsin,minong,Minong,1,1-4,f
wisconsin,muskego,Muskego,1,1-4,f
wisconsin,neillsville,Neillsville,1,1-4,f
wisconsin,new-london,New London,1,1-4,f
wisconsin,oak-creek,Oak Creek,1,1-4,f
wisconsin,oconto,Oconto,1,1-4,f
wisconsin,oconto-falls,Oconto Falls,1,1-4,f
wisconsin,owen,Owen,1,1-4,f
wisconsin,park-falls,Park Falls,1,1-4,f
wisconsin,phillips,Phillips,1,1-4,f
wisconsin,platteville,Platteville,1,1-4,f
wisconsin,plymouth,Plymouth,1,1-4,f
wisconsin,port-washington,Port Washington,1,1-4,f
wisconsin,portage,Portage,1,1-4,f
wisconsin,prairie-du-sac,Prairie du Sac,1,1-4,f
wisconsin,river-falls,River Falls,1,1-4,f
wisconsin,rothschild,Rothschild,1,1-4,f
wisconsin,saint-croix-falls,Saint Croix Falls,1,1-4,f
wisconsin,schofield,Schofield,1,1-4,f
wisconsin,shell-lake,Shell Lake,1,1-4,f
wisconsin,shiocton,Shiocton,1,1-4,f
wisconsin,south-milwaukee,South Milwaukee,1,1-4,f
wisconsin,spooner,Spooner,1,1-4,f
wisconsin,stoughton,Stoughton,1,1-4,f
wisconsin,sturgeon-bay,Sturgeon Bay,1,1-4,f
wisconsin,sun-prairie,Sun Prairie,1,1-4,f
wisconsin,sussex,Sussex,1,1-4,f
wisconsin,turtle-lake,Turtle Lake,1,1-4,f
wisconsin,two-rivers,Two Rivers,1,1-4,f
wisconsin,union-grove,Union Grove,1,1-4,f
wisconsin,viroqua,Viroqua,1,1-4,f
wisconsin,waldo,Waldo,1,1-4,f
wisconsin,washburn,Washburn,1,1-4,f
wisconsin,wautoma,Wautoma,1,1-4,f
wisconsin,webster,Webster,1,1-4,f
wisconsin,white-lake,White Lake,1,1-4,f
wisconsin,whitehall,Whitehall,1,1-4,f
wyoming,afton,Afton,1,1-4,f
wyoming,basin,Basin,1,1-4,f
wyoming,buffalo,Buffalo,1,1-4,f
wyoming,douglas,Douglas,1,1-4,f
wyoming,evanston,Evanston,1,1-4,f
wyoming,fort-washakie,Fort Washakie,1,1-4,f
wyoming,kemmerer,Kemmerer,1,1-4,f
wyoming,lovell,Lovell,1,1-4,f
wyoming,lusk,Lusk,1,1-4,f
wyoming,lyman,Lyman,1,1-4,f
wyoming,newcastle,Newcastle,1,1-4,f
wyoming,pinedale,Pinedale,1,1-4,f
wyoming,powell,Powell,1,1-4,f
wyoming,rawlins,Rawlins,1,1-4,f
wyoming,sundance,Sundance,1,1-4,f
wyoming,thayne,Thayne,1,1-4,f
wyoming,thermopolis,Thermopolis,1,1-4,f
wyoming,torrington,Torrington,1,1-4,f
wyoming,worland,Worland,1,1-4,f
